result_id,analysis_id,analysis,analysis_status,method_family,method_id,method,observations,tap_count,collocation,prior_active,noise_percent,metric_group,quantity,metric,region,value,unit,reference,value_type,phase_convention,verification,source,notes
MP-0001,A05,Prior plus collocation,complete_with_effort_caveat,Hybrid ModalPINN,prior_physics_uniform_collocation,Prior-assisted (uniform collocation),cylinder pressure,32,uniform,True,,field,u,rel_L2,near-cylinder,0.0592205636203289,dimensionless,CFD,raw_metric,not applicable,verified_primary,modes_experiment/fresh_analysis/derived/a05_prior_collocation_summary.csv,"201-snapshot common-contract evaluation; v1 in the absolute-time convention (a perfect model scores rel_L2 0 and phase 0); optimizer effort 34643 L-BFGS evaluations, not a controlled budget."
MP-0002,A05,Prior plus collocation,complete_with_effort_caveat,Hybrid ModalPINN,prior_physics_uniform_collocation,Prior-assisted (uniform collocation),cylinder pressure,32,uniform,True,,field,v,rel_L2,near-cylinder,0.0647122859954834,dimensionless,CFD,raw_metric,not applicable,verified_primary,modes_experiment/fresh_analysis/derived/a05_prior_collocation_summary.csv,"201-snapshot common-contract evaluation; v1 in the absolute-time convention (a perfect model scores rel_L2 0 and phase 0); optimizer effort 34643 L-BFGS evaluations, not a controlled budget."
MP-0003,A05,Prior plus collocation,complete_with_effort_caveat,Hybrid ModalPINN,prior_physics_uniform_collocation,Prior-assisted (uniform collocation),cylinder pressure,32,uniform,True,,field,p,rel_L2,near-cylinder,0.017133427783846855,dimensionless,CFD,raw_metric,not applicable,verified_primary,modes_experiment/fresh_analysis/derived/a05_prior_collocation_summary.csv,"201-snapshot common-contract evaluation; v1 in the absolute-time convention (a perfect model scores rel_L2 0 and phase 0); optimizer effort 34643 L-BFGS evaluations, not a controlled budget."
MP-0004,A05,Prior plus collocation,complete_with_effort_caveat,Hybrid ModalPINN,prior_physics_uniform_collocation,Prior-assisted (uniform collocation),cylinder pressure,32,uniform,True,,field,u,rel_L2,near-wake,0.16433614492416382,dimensionless,CFD,raw_metric,not applicable,verified_primary,modes_experiment/fresh_analysis/derived/a05_prior_collocation_summary.csv,"201-snapshot common-contract evaluation; v1 in the absolute-time convention (a perfect model scores rel_L2 0 and phase 0); optimizer effort 34643 L-BFGS evaluations, not a controlled budget."
MP-0005,A05,Prior plus collocation,complete_with_effort_caveat,Hybrid ModalPINN,prior_physics_uniform_collocation,Prior-assisted (uniform collocation),cylinder pressure,32,uniform,True,,field,v,rel_L2,near-wake,0.4852791726589203,dimensionless,CFD,raw_metric,not applicable,verified_primary,modes_experiment/fresh_analysis/derived/a05_prior_collocation_summary.csv,"201-snapshot common-contract evaluation; v1 in the absolute-time convention (a perfect model scores rel_L2 0 and phase 0); optimizer effort 34643 L-BFGS evaluations, not a controlled budget."
MP-0006,A05,Prior plus collocation,complete_with_effort_caveat,Hybrid ModalPINN,prior_physics_uniform_collocation,Prior-assisted (uniform collocation),cylinder pressure,32,uniform,True,,field,p,rel_L2,near-wake,0.3067087233066559,dimensionless,CFD,raw_metric,not applicable,verified_primary,modes_experiment/fresh_analysis/derived/a05_prior_collocation_summary.csv,"201-snapshot common-contract evaluation; v1 in the absolute-time convention (a perfect model scores rel_L2 0 and phase 0); optimizer effort 34643 L-BFGS evaluations, not a controlled budget."
MP-0007,A05,Prior plus collocation,complete_with_effort_caveat,Hybrid ModalPINN,prior_physics_uniform_collocation,Prior-assisted (uniform collocation),cylinder pressure,32,uniform,True,,field,u,rel_L2,far-wake,0.18780824542045593,dimensionless,CFD,raw_metric,not applicable,verified_primary,modes_experiment/fresh_analysis/derived/a05_prior_collocation_summary.csv,"201-snapshot common-contract evaluation; v1 in the absolute-time convention (a perfect model scores rel_L2 0 and phase 0); optimizer effort 34643 L-BFGS evaluations, not a controlled budget."
MP-0008,A05,Prior plus collocation,complete_with_effort_caveat,Hybrid ModalPINN,prior_physics_uniform_collocation,Prior-assisted (uniform collocation),cylinder pressure,32,uniform,True,,field,v,rel_L2,far-wake,0.4490889012813568,dimensionless,CFD,raw_metric,not applicable,verified_primary,modes_experiment/fresh_analysis/derived/a05_prior_collocation_summary.csv,"201-snapshot common-contract evaluation; v1 in the absolute-time convention (a perfect model scores rel_L2 0 and phase 0); optimizer effort 34643 L-BFGS evaluations, not a controlled budget."
MP-0009,A05,Prior plus collocation,complete_with_effort_caveat,Hybrid ModalPINN,prior_physics_uniform_collocation,Prior-assisted (uniform collocation),cylinder pressure,32,uniform,True,,field,p,rel_L2,far-wake,1.5653620958328247,dimensionless,CFD,raw_metric,not applicable,verified_primary,modes_experiment/fresh_analysis/derived/a05_prior_collocation_summary.csv,"201-snapshot common-contract evaluation; v1 in the absolute-time convention (a perfect model scores rel_L2 0 and phase 0); optimizer effort 34643 L-BFGS evaluations, not a controlled budget."
MP-0010,A05,Prior plus collocation,complete_with_effort_caveat,Hybrid ModalPINN,prior_physics_uniform_collocation,Prior-assisted (uniform collocation),cylinder pressure,32,uniform,True,,field,u,rel_L2,far-core,0.2100825160741806,dimensionless,CFD,raw_metric,not applicable,verified_primary,modes_experiment/fresh_analysis/derived/a05_prior_collocation_summary.csv,"201-snapshot common-contract evaluation; v1 in the absolute-time convention (a perfect model scores rel_L2 0 and phase 0); optimizer effort 34643 L-BFGS evaluations, not a controlled budget."
MP-0011,A05,Prior plus collocation,complete_with_effort_caveat,Hybrid ModalPINN,prior_physics_uniform_collocation,Prior-assisted (uniform collocation),cylinder pressure,32,uniform,True,,field,v,rel_L2,far-core,0.3913930058479309,dimensionless,CFD,raw_metric,not applicable,verified_primary,modes_experiment/fresh_analysis/derived/a05_prior_collocation_summary.csv,"201-snapshot common-contract evaluation; v1 in the absolute-time convention (a perfect model scores rel_L2 0 and phase 0); optimizer effort 34643 L-BFGS evaluations, not a controlled budget."
MP-0012,A05,Prior plus collocation,complete_with_effort_caveat,Hybrid ModalPINN,prior_physics_uniform_collocation,Prior-assisted (uniform collocation),cylinder pressure,32,uniform,True,,field,p,rel_L2,far-core,1.276977300643921,dimensionless,CFD,raw_metric,not applicable,verified_primary,modes_experiment/fresh_analysis/derived/a05_prior_collocation_summary.csv,"201-snapshot common-contract evaluation; v1 in the absolute-time convention (a perfect model scores rel_L2 0 and phase 0); optimizer effort 34643 L-BFGS evaluations, not a controlled budget."
MP-0013,A05,Prior plus collocation,complete_with_effort_caveat,Hybrid ModalPINN,prior_physics_uniform_collocation,Prior-assisted (uniform collocation),cylinder pressure,32,uniform,True,,field,u,rel_L2,other,0.11128376424312592,dimensionless,CFD,raw_metric,not applicable,verified_primary,modes_experiment/fresh_analysis/derived/a05_prior_collocation_summary.csv,"201-snapshot common-contract evaluation; v1 in the absolute-time convention (a perfect model scores rel_L2 0 and phase 0); optimizer effort 34643 L-BFGS evaluations, not a controlled budget."
MP-0014,A05,Prior plus collocation,complete_with_effort_caveat,Hybrid ModalPINN,prior_physics_uniform_collocation,Prior-assisted (uniform collocation),cylinder pressure,32,uniform,True,,field,v,rel_L2,other,0.4498370885848999,dimensionless,CFD,raw_metric,not applicable,verified_primary,modes_experiment/fresh_analysis/derived/a05_prior_collocation_summary.csv,"201-snapshot common-contract evaluation; v1 in the absolute-time convention (a perfect model scores rel_L2 0 and phase 0); optimizer effort 34643 L-BFGS evaluations, not a controlled budget."
MP-0015,A05,Prior plus collocation,complete_with_effort_caveat,Hybrid ModalPINN,prior_physics_uniform_collocation,Prior-assisted (uniform collocation),cylinder pressure,32,uniform,True,,field,p,rel_L2,other,0.680185079574585,dimensionless,CFD,raw_metric,not applicable,verified_primary,modes_experiment/fresh_analysis/derived/a05_prior_collocation_summary.csv,"201-snapshot common-contract evaluation; v1 in the absolute-time convention (a perfect model scores rel_L2 0 and phase 0); optimizer effort 34643 L-BFGS evaluations, not a controlled budget."
MP-0016,A05,Prior plus collocation,complete_with_effort_caveat,Hybrid ModalPINN,prior_physics_uniform_collocation,Prior-assisted (uniform collocation),cylinder pressure,32,uniform,True,,field,u,rel_L2,whole-domain,0.16075393557548523,dimensionless,CFD,raw_metric,not applicable,verified_primary,modes_experiment/fresh_analysis/derived/a05_prior_collocation_summary.csv,"201-snapshot common-contract evaluation; v1 in the absolute-time convention (a perfect model scores rel_L2 0 and phase 0); optimizer effort 34643 L-BFGS evaluations, not a controlled budget."
MP-0017,A05,Prior plus collocation,complete_with_effort_caveat,Hybrid ModalPINN,prior_physics_uniform_collocation,Prior-assisted (uniform collocation),cylinder pressure,32,uniform,True,,field,v,rel_L2,whole-domain,0.3884117901325226,dimensionless,CFD,raw_metric,not applicable,verified_primary,modes_experiment/fresh_analysis/derived/a05_prior_collocation_summary.csv,"201-snapshot common-contract evaluation; v1 in the absolute-time convention (a perfect model scores rel_L2 0 and phase 0); optimizer effort 34643 L-BFGS evaluations, not a controlled budget."
MP-0018,A05,Prior plus collocation,complete_with_effort_caveat,Hybrid ModalPINN,prior_physics_uniform_collocation,Prior-assisted (uniform collocation),cylinder pressure,32,uniform,True,,field,p,rel_L2,whole-domain,0.37669020891189575,dimensionless,CFD,raw_metric,not applicable,verified_primary,modes_experiment/fresh_analysis/derived/a05_prior_collocation_summary.csv,"201-snapshot common-contract evaluation; v1 in the absolute-time convention (a perfect model scores rel_L2 0 and phase 0); optimizer effort 34643 L-BFGS evaluations, not a controlled budget."
MP-0019,A05,Prior plus collocation,complete_with_effort_caveat,Hybrid ModalPINN,prior_physics_uniform_collocation,Prior-assisted (uniform collocation),cylinder pressure,32,uniform,True,,v1_mode,v,rel_L2,near-cylinder,0.3986498573379578,dimensionless,CFD,raw_metric,absolute time; prediction and CFD reference aligned,verified_primary,modes_experiment/fresh_analysis/derived/a05_prior_collocation_summary.csv,"201-snapshot common-contract evaluation; v1 in the absolute-time convention (a perfect model scores rel_L2 0 and phase 0); optimizer effort 34643 L-BFGS evaluations, not a controlled budget."
MP-0020,A05,Prior plus collocation,complete_with_effort_caveat,Hybrid ModalPINN,prior_physics_uniform_collocation,Prior-assisted (uniform collocation),cylinder pressure,32,uniform,True,,v1_mode,v,amp_ratio,near-cylinder,0.8003018055450682,dimensionless,ideal 1,raw_metric,absolute time; prediction and CFD reference aligned,verified_primary,modes_experiment/fresh_analysis/derived/a05_prior_collocation_summary.csv,"201-snapshot common-contract evaluation; v1 in the absolute-time convention (a perfect model scores rel_L2 0 and phase 0); optimizer effort 34643 L-BFGS evaluations, not a controlled budget."
MP-0021,A05,Prior plus collocation,complete_with_effort_caveat,Hybrid ModalPINN,prior_physics_uniform_collocation,Prior-assisted (uniform collocation),cylinder pressure,32,uniform,True,,v1_mode,v,corr,near-cylinder,0.9302835550571199,dimensionless,ideal 1,raw_metric,absolute time; prediction and CFD reference aligned,verified_primary,modes_experiment/fresh_analysis/derived/a05_prior_collocation_summary.csv,"201-snapshot common-contract evaluation; v1 in the absolute-time convention (a perfect model scores rel_L2 0 and phase 0); optimizer effort 34643 L-BFGS evaluations, not a controlled budget."
MP-0022,A05,Prior plus collocation,complete_with_effort_caveat,Hybrid ModalPINN,prior_physics_uniform_collocation,Prior-assisted (uniform collocation),cylinder pressure,32,uniform,True,,v1_mode,v,phase_deg,near-cylinder,5.735384414413716,degrees,ideal phase 0 deg (absolute-time convention),raw_metric,absolute time; prediction and CFD reference aligned,verified_primary,modes_experiment/fresh_analysis/derived/a05_prior_collocation_summary.csv,"201-snapshot common-contract evaluation; v1 in the absolute-time convention (a perfect model scores rel_L2 0 and phase 0); optimizer effort 34643 L-BFGS evaluations, not a controlled budget."
MP-0023,A05,Prior plus collocation,complete_with_effort_caveat,Hybrid ModalPINN,prior_physics_uniform_collocation,Prior-assisted (uniform collocation),cylinder pressure,32,uniform,True,,v1_mode,v,learned_contribution,near-cylinder,0.9735604090794119,dimensionless,analytical Karman prior alone,derived_metric,absolute time; prediction and CFD reference aligned,verified_primary,modes_experiment/fresh_analysis/derived/a05_prior_collocation_summary.csv; derived/a04_prior_only_metrics.json,"prior-alone rel_L2 minus arm rel_L2; positive means the network improved on the prior. 201-snapshot common-contract evaluation; v1 in the absolute-time convention (a perfect model scores rel_L2 0 and phase 0); optimizer effort 34643 L-BFGS evaluations, not a controlled budget."
MP-0024,A05,Prior plus collocation,complete_with_effort_caveat,Hybrid ModalPINN,prior_physics_uniform_collocation,Prior-assisted (uniform collocation),cylinder pressure,32,uniform,True,,v1_mode,v,rel_L2,near-wake,0.38383140890066564,dimensionless,CFD,raw_metric,absolute time; prediction and CFD reference aligned,verified_primary,modes_experiment/fresh_analysis/derived/a05_prior_collocation_summary.csv,"201-snapshot common-contract evaluation; v1 in the absolute-time convention (a perfect model scores rel_L2 0 and phase 0); optimizer effort 34643 L-BFGS evaluations, not a controlled budget."
MP-0025,A05,Prior plus collocation,complete_with_effort_caveat,Hybrid ModalPINN,prior_physics_uniform_collocation,Prior-assisted (uniform collocation),cylinder pressure,32,uniform,True,,v1_mode,v,amp_ratio,near-wake,0.8580118281696177,dimensionless,ideal 1,raw_metric,absolute time; prediction and CFD reference aligned,verified_primary,modes_experiment/fresh_analysis/derived/a05_prior_collocation_summary.csv,"201-snapshot common-contract evaluation; v1 in the absolute-time convention (a perfect model scores rel_L2 0 and phase 0); optimizer effort 34643 L-BFGS evaluations, not a controlled budget."
MP-0026,A05,Prior plus collocation,complete_with_effort_caveat,Hybrid ModalPINN,prior_physics_uniform_collocation,Prior-assisted (uniform collocation),cylinder pressure,32,uniform,True,,v1_mode,v,corr,near-wake,0.9267508026289287,dimensionless,ideal 1,raw_metric,absolute time; prediction and CFD reference aligned,verified_primary,modes_experiment/fresh_analysis/derived/a05_prior_collocation_summary.csv,"201-snapshot common-contract evaluation; v1 in the absolute-time convention (a perfect model scores rel_L2 0 and phase 0); optimizer effort 34643 L-BFGS evaluations, not a controlled budget."
MP-0027,A05,Prior plus collocation,complete_with_effort_caveat,Hybrid ModalPINN,prior_physics_uniform_collocation,Prior-assisted (uniform collocation),cylinder pressure,32,uniform,True,,v1_mode,v,phase_deg,near-wake,-2.4624810598168367,degrees,ideal phase 0 deg (absolute-time convention),raw_metric,absolute time; prediction and CFD reference aligned,verified_primary,modes_experiment/fresh_analysis/derived/a05_prior_collocation_summary.csv,"201-snapshot common-contract evaluation; v1 in the absolute-time convention (a perfect model scores rel_L2 0 and phase 0); optimizer effort 34643 L-BFGS evaluations, not a controlled budget."
MP-0028,A05,Prior plus collocation,complete_with_effort_caveat,Hybrid ModalPINN,prior_physics_uniform_collocation,Prior-assisted (uniform collocation),cylinder pressure,32,uniform,True,,v1_mode,v,learned_contribution,near-wake,0.3119909434000074,dimensionless,analytical Karman prior alone,derived_metric,absolute time; prediction and CFD reference aligned,verified_primary,modes_experiment/fresh_analysis/derived/a05_prior_collocation_summary.csv; derived/a04_prior_only_metrics.json,"prior-alone rel_L2 minus arm rel_L2; positive means the network improved on the prior. 201-snapshot common-contract evaluation; v1 in the absolute-time convention (a perfect model scores rel_L2 0 and phase 0); optimizer effort 34643 L-BFGS evaluations, not a controlled budget."
MP-0029,A05,Prior plus collocation,complete_with_effort_caveat,Hybrid ModalPINN,prior_physics_uniform_collocation,Prior-assisted (uniform collocation),cylinder pressure,32,uniform,True,,v1_mode,v,rel_L2,far-wake,0.29220088919846027,dimensionless,CFD,raw_metric,absolute time; prediction and CFD reference aligned,verified_primary,modes_experiment/fresh_analysis/derived/a05_prior_collocation_summary.csv,"201-snapshot common-contract evaluation; v1 in the absolute-time convention (a perfect model scores rel_L2 0 and phase 0); optimizer effort 34643 L-BFGS evaluations, not a controlled budget."
MP-0030,A05,Prior plus collocation,complete_with_effort_caveat,Hybrid ModalPINN,prior_physics_uniform_collocation,Prior-assisted (uniform collocation),cylinder pressure,32,uniform,True,,v1_mode,v,amp_ratio,far-wake,0.8405636591923411,dimensionless,ideal 1,raw_metric,absolute time; prediction and CFD reference aligned,verified_primary,modes_experiment/fresh_analysis/derived/a05_prior_collocation_summary.csv,"201-snapshot common-contract evaluation; v1 in the absolute-time convention (a perfect model scores rel_L2 0 and phase 0); optimizer effort 34643 L-BFGS evaluations, not a controlled budget."
MP-0031,A05,Prior plus collocation,complete_with_effort_caveat,Hybrid ModalPINN,prior_physics_uniform_collocation,Prior-assisted (uniform collocation),cylinder pressure,32,uniform,True,,v1_mode,v,corr,far-wake,0.9750197121464105,dimensionless,ideal 1,raw_metric,absolute time; prediction and CFD reference aligned,verified_primary,modes_experiment/fresh_analysis/derived/a05_prior_collocation_summary.csv,"201-snapshot common-contract evaluation; v1 in the absolute-time convention (a perfect model scores rel_L2 0 and phase 0); optimizer effort 34643 L-BFGS evaluations, not a controlled budget."
MP-0032,A05,Prior plus collocation,complete_with_effort_caveat,Hybrid ModalPINN,prior_physics_uniform_collocation,Prior-assisted (uniform collocation),cylinder pressure,32,uniform,True,,v1_mode,v,phase_deg,far-wake,-8.490988827110098,degrees,ideal phase 0 deg (absolute-time convention),raw_metric,absolute time; prediction and CFD reference aligned,verified_primary,modes_experiment/fresh_analysis/derived/a05_prior_collocation_summary.csv,"201-snapshot common-contract evaluation; v1 in the absolute-time convention (a perfect model scores rel_L2 0 and phase 0); optimizer effort 34643 L-BFGS evaluations, not a controlled budget."
MP-0033,A05,Prior plus collocation,complete_with_effort_caveat,Hybrid ModalPINN,prior_physics_uniform_collocation,Prior-assisted (uniform collocation),cylinder pressure,32,uniform,True,,v1_mode,v,learned_contribution,far-wake,-0.00717044609794959,dimensionless,analytical Karman prior alone,derived_metric,absolute time; prediction and CFD reference aligned,verified_primary,modes_experiment/fresh_analysis/derived/a05_prior_collocation_summary.csv; derived/a04_prior_only_metrics.json,"prior-alone rel_L2 minus arm rel_L2; positive means the network improved on the prior. 201-snapshot common-contract evaluation; v1 in the absolute-time convention (a perfect model scores rel_L2 0 and phase 0); optimizer effort 34643 L-BFGS evaluations, not a controlled budget."
MP-0034,A05,Prior plus collocation,complete_with_effort_caveat,Hybrid ModalPINN,prior_physics_uniform_collocation,Prior-assisted (uniform collocation),cylinder pressure,32,uniform,True,,v1_mode,v,rel_L2,far-core,0.28949597842624675,dimensionless,CFD,raw_metric,absolute time; prediction and CFD reference aligned,verified_primary,modes_experiment/fresh_analysis/derived/a05_prior_collocation_summary.csv,"201-snapshot common-contract evaluation; v1 in the absolute-time convention (a perfect model scores rel_L2 0 and phase 0); optimizer effort 34643 L-BFGS evaluations, not a controlled budget."
MP-0035,A05,Prior plus collocation,complete_with_effort_caveat,Hybrid ModalPINN,prior_physics_uniform_collocation,Prior-assisted (uniform collocation),cylinder pressure,32,uniform,True,,v1_mode,v,amp_ratio,far-core,0.8387517940246538,dimensionless,ideal 1,raw_metric,absolute time; prediction and CFD reference aligned,verified_primary,modes_experiment/fresh_analysis/derived/a05_prior_collocation_summary.csv,"201-snapshot common-contract evaluation; v1 in the absolute-time convention (a perfect model scores rel_L2 0 and phase 0); optimizer effort 34643 L-BFGS evaluations, not a controlled budget."
MP-0036,A05,Prior plus collocation,complete_with_effort_caveat,Hybrid ModalPINN,prior_physics_uniform_collocation,Prior-assisted (uniform collocation),cylinder pressure,32,uniform,True,,v1_mode,v,corr,far-core,0.9765788676166026,dimensionless,ideal 1,raw_metric,absolute time; prediction and CFD reference aligned,verified_primary,modes_experiment/fresh_analysis/derived/a05_prior_collocation_summary.csv,"201-snapshot common-contract evaluation; v1 in the absolute-time convention (a perfect model scores rel_L2 0 and phase 0); optimizer effort 34643 L-BFGS evaluations, not a controlled budget."
MP-0037,A05,Prior plus collocation,complete_with_effort_caveat,Hybrid ModalPINN,prior_physics_uniform_collocation,Prior-assisted (uniform collocation),cylinder pressure,32,uniform,True,,v1_mode,v,phase_deg,far-core,-8.622994311329833,degrees,ideal phase 0 deg (absolute-time convention),raw_metric,absolute time; prediction and CFD reference aligned,verified_primary,modes_experiment/fresh_analysis/derived/a05_prior_collocation_summary.csv,"201-snapshot common-contract evaluation; v1 in the absolute-time convention (a perfect model scores rel_L2 0 and phase 0); optimizer effort 34643 L-BFGS evaluations, not a controlled budget."
MP-0038,A05,Prior plus collocation,complete_with_effort_caveat,Hybrid ModalPINN,prior_physics_uniform_collocation,Prior-assisted (uniform collocation),cylinder pressure,32,uniform,True,,v1_mode,v,learned_contribution,far-core,-0.007567246742410272,dimensionless,analytical Karman prior alone,derived_metric,absolute time; prediction and CFD reference aligned,verified_primary,modes_experiment/fresh_analysis/derived/a05_prior_collocation_summary.csv; derived/a04_prior_only_metrics.json,"prior-alone rel_L2 minus arm rel_L2; positive means the network improved on the prior. 201-snapshot common-contract evaluation; v1 in the absolute-time convention (a perfect model scores rel_L2 0 and phase 0); optimizer effort 34643 L-BFGS evaluations, not a controlled budget."
MP-0039,A05,Prior plus collocation,complete_with_effort_caveat,Hybrid ModalPINN,prior_physics_uniform_collocation,Prior-assisted (uniform collocation),cylinder pressure,32,uniform,True,,v1_mode,v,rel_L2,other,11.281478849190037,dimensionless,CFD,raw_metric,absolute time; prediction and CFD reference aligned,verified_primary,modes_experiment/fresh_analysis/derived/a05_prior_collocation_summary.csv,"201-snapshot common-contract evaluation; v1 in the absolute-time convention (a perfect model scores rel_L2 0 and phase 0); optimizer effort 34643 L-BFGS evaluations, not a controlled budget."
MP-0040,A05,Prior plus collocation,complete_with_effort_caveat,Hybrid ModalPINN,prior_physics_uniform_collocation,Prior-assisted (uniform collocation),cylinder pressure,32,uniform,True,,v1_mode,v,amp_ratio,other,11.489159861210807,dimensionless,ideal 1,raw_metric,absolute time; prediction and CFD reference aligned,verified_primary,modes_experiment/fresh_analysis/derived/a05_prior_collocation_summary.csv,"201-snapshot common-contract evaluation; v1 in the absolute-time convention (a perfect model scores rel_L2 0 and phase 0); optimizer effort 34643 L-BFGS evaluations, not a controlled budget."
MP-0041,A05,Prior plus collocation,complete_with_effort_caveat,Hybrid ModalPINN,prior_physics_uniform_collocation,Prior-assisted (uniform collocation),cylinder pressure,32,uniform,True,,v1_mode,v,corr,other,0.35065447214748,dimensionless,ideal 1,raw_metric,absolute time; prediction and CFD reference aligned,verified_primary,modes_experiment/fresh_analysis/derived/a05_prior_collocation_summary.csv,"201-snapshot common-contract evaluation; v1 in the absolute-time convention (a perfect model scores rel_L2 0 and phase 0); optimizer effort 34643 L-BFGS evaluations, not a controlled budget."
MP-0042,A05,Prior plus collocation,complete_with_effort_caveat,Hybrid ModalPINN,prior_physics_uniform_collocation,Prior-assisted (uniform collocation),cylinder pressure,32,uniform,True,,v1_mode,v,phase_deg,other,-44.68182376443435,degrees,ideal phase 0 deg (absolute-time convention),raw_metric,absolute time; prediction and CFD reference aligned,verified_primary,modes_experiment/fresh_analysis/derived/a05_prior_collocation_summary.csv,"201-snapshot common-contract evaluation; v1 in the absolute-time convention (a perfect model scores rel_L2 0 and phase 0); optimizer effort 34643 L-BFGS evaluations, not a controlled budget."
MP-0043,A05,Prior plus collocation,complete_with_effort_caveat,Hybrid ModalPINN,prior_physics_uniform_collocation,Prior-assisted (uniform collocation),cylinder pressure,32,uniform,True,,v1_mode,v,learned_contribution,other,-10.417805204770348,dimensionless,analytical Karman prior alone,derived_metric,absolute time; prediction and CFD reference aligned,verified_primary,modes_experiment/fresh_analysis/derived/a05_prior_collocation_summary.csv; derived/a04_prior_only_metrics.json,"prior-alone rel_L2 minus arm rel_L2; positive means the network improved on the prior. 201-snapshot common-contract evaluation; v1 in the absolute-time convention (a perfect model scores rel_L2 0 and phase 0); optimizer effort 34643 L-BFGS evaluations, not a controlled budget."
MP-0044,A05,Prior plus collocation,complete_with_effort_caveat,Hybrid ModalPINN,prior_physics_uniform_collocation,Prior-assisted (uniform collocation),cylinder pressure,32,uniform,True,,v1_mode,v,rel_L2,whole-domain,0.37069515802150554,dimensionless,CFD,raw_metric,absolute time; prediction and CFD reference aligned,verified_primary,modes_experiment/fresh_analysis/derived/a05_prior_collocation_summary.csv,"201-snapshot common-contract evaluation; v1 in the absolute-time convention (a perfect model scores rel_L2 0 and phase 0); optimizer effort 34643 L-BFGS evaluations, not a controlled budget."
MP-0045,A05,Prior plus collocation,complete_with_effort_caveat,Hybrid ModalPINN,prior_physics_uniform_collocation,Prior-assisted (uniform collocation),cylinder pressure,32,uniform,True,,v1_mode,v,amp_ratio,whole-domain,0.8647728395492775,dimensionless,ideal 1,raw_metric,absolute time; prediction and CFD reference aligned,verified_primary,modes_experiment/fresh_analysis/derived/a05_prior_collocation_summary.csv,"201-snapshot common-contract evaluation; v1 in the absolute-time convention (a perfect model scores rel_L2 0 and phase 0); optimizer effort 34643 L-BFGS evaluations, not a controlled budget."
MP-0046,A05,Prior plus collocation,complete_with_effort_caveat,Hybrid ModalPINN,prior_physics_uniform_collocation,Prior-assisted (uniform collocation),cylinder pressure,32,uniform,True,,v1_mode,v,corr,whole-domain,0.9371953098193957,dimensionless,ideal 1,raw_metric,absolute time; prediction and CFD reference aligned,verified_primary,modes_experiment/fresh_analysis/derived/a05_prior_collocation_summary.csv,"201-snapshot common-contract evaluation; v1 in the absolute-time convention (a perfect model scores rel_L2 0 and phase 0); optimizer effort 34643 L-BFGS evaluations, not a controlled budget."
MP-0047,A05,Prior plus collocation,complete_with_effort_caveat,Hybrid ModalPINN,prior_physics_uniform_collocation,Prior-assisted (uniform collocation),cylinder pressure,32,uniform,True,,v1_mode,v,phase_deg,whole-domain,-6.52661607589164,degrees,ideal phase 0 deg (absolute-time convention),raw_metric,absolute time; prediction and CFD reference aligned,verified_primary,modes_experiment/fresh_analysis/derived/a05_prior_collocation_summary.csv,"201-snapshot common-contract evaluation; v1 in the absolute-time convention (a perfect model scores rel_L2 0 and phase 0); optimizer effort 34643 L-BFGS evaluations, not a controlled budget."
MP-0048,A05,Prior plus collocation,complete_with_effort_caveat,Hybrid ModalPINN,prior_physics_uniform_collocation,Prior-assisted (uniform collocation),cylinder pressure,32,uniform,True,,v1_mode,v,learned_contribution,whole-domain,0.1077727753314035,dimensionless,analytical Karman prior alone,derived_metric,absolute time; prediction and CFD reference aligned,verified_primary,modes_experiment/fresh_analysis/derived/a05_prior_collocation_summary.csv; derived/a04_prior_only_metrics.json,"prior-alone rel_L2 minus arm rel_L2; positive means the network improved on the prior. 201-snapshot common-contract evaluation; v1 in the absolute-time convention (a perfect model scores rel_L2 0 and phase 0); optimizer effort 34643 L-BFGS evaluations, not a controlled budget."
MP-0049,A05,Prior plus collocation,complete_with_effort_caveat,Hybrid ModalPINN,prior_physics_wake_biased_grid,Prior-assisted (wake-biased grid),cylinder pressure,32,wake-biased grid,True,,field,u,rel_L2,near-cylinder,0.054044514894485474,dimensionless,CFD,raw_metric,not applicable,verified_primary,modes_experiment/fresh_analysis/derived/a05_prior_collocation_summary.csv,"201-snapshot common-contract evaluation; v1 in the absolute-time convention (a perfect model scores rel_L2 0 and phase 0); optimizer effort 26129 L-BFGS evaluations, not a controlled budget."
MP-0050,A05,Prior plus collocation,complete_with_effort_caveat,Hybrid ModalPINN,prior_physics_wake_biased_grid,Prior-assisted (wake-biased grid),cylinder pressure,32,wake-biased grid,True,,field,v,rel_L2,near-cylinder,0.07710184901952744,dimensionless,CFD,raw_metric,not applicable,verified_primary,modes_experiment/fresh_analysis/derived/a05_prior_collocation_summary.csv,"201-snapshot common-contract evaluation; v1 in the absolute-time convention (a perfect model scores rel_L2 0 and phase 0); optimizer effort 26129 L-BFGS evaluations, not a controlled budget."
MP-0051,A05,Prior plus collocation,complete_with_effort_caveat,Hybrid ModalPINN,prior_physics_wake_biased_grid,Prior-assisted (wake-biased grid),cylinder pressure,32,wake-biased grid,True,,field,p,rel_L2,near-cylinder,0.01637609302997589,dimensionless,CFD,raw_metric,not applicable,verified_primary,modes_experiment/fresh_analysis/derived/a05_prior_collocation_summary.csv,"201-snapshot common-contract evaluation; v1 in the absolute-time convention (a perfect model scores rel_L2 0 and phase 0); optimizer effort 26129 L-BFGS evaluations, not a controlled budget."
MP-0052,A05,Prior plus collocation,complete_with_effort_caveat,Hybrid ModalPINN,prior_physics_wake_biased_grid,Prior-assisted (wake-biased grid),cylinder pressure,32,wake-biased grid,True,,field,u,rel_L2,near-wake,0.35094743967056274,dimensionless,CFD,raw_metric,not applicable,verified_primary,modes_experiment/fresh_analysis/derived/a05_prior_collocation_summary.csv,"201-snapshot common-contract evaluation; v1 in the absolute-time convention (a perfect model scores rel_L2 0 and phase 0); optimizer effort 26129 L-BFGS evaluations, not a controlled budget."
MP-0053,A05,Prior plus collocation,complete_with_effort_caveat,Hybrid ModalPINN,prior_physics_wake_biased_grid,Prior-assisted (wake-biased grid),cylinder pressure,32,wake-biased grid,True,,field,v,rel_L2,near-wake,1.0423684120178223,dimensionless,CFD,raw_metric,not applicable,verified_primary,modes_experiment/fresh_analysis/derived/a05_prior_collocation_summary.csv,"201-snapshot common-contract evaluation; v1 in the absolute-time convention (a perfect model scores rel_L2 0 and phase 0); optimizer effort 26129 L-BFGS evaluations, not a controlled budget."
MP-0054,A05,Prior plus collocation,complete_with_effort_caveat,Hybrid ModalPINN,prior_physics_wake_biased_grid,Prior-assisted (wake-biased grid),cylinder pressure,32,wake-biased grid,True,,field,p,rel_L2,near-wake,0.9030953645706177,dimensionless,CFD,raw_metric,not applicable,verified_primary,modes_experiment/fresh_analysis/derived/a05_prior_collocation_summary.csv,"201-snapshot common-contract evaluation; v1 in the absolute-time convention (a perfect model scores rel_L2 0 and phase 0); optimizer effort 26129 L-BFGS evaluations, not a controlled budget."
MP-0055,A05,Prior plus collocation,complete_with_effort_caveat,Hybrid ModalPINN,prior_physics_wake_biased_grid,Prior-assisted (wake-biased grid),cylinder pressure,32,wake-biased grid,True,,field,u,rel_L2,far-wake,0.7970743179321289,dimensionless,CFD,raw_metric,not applicable,verified_primary,modes_experiment/fresh_analysis/derived/a05_prior_collocation_summary.csv,"201-snapshot common-contract evaluation; v1 in the absolute-time convention (a perfect model scores rel_L2 0 and phase 0); optimizer effort 26129 L-BFGS evaluations, not a controlled budget."
MP-0056,A05,Prior plus collocation,complete_with_effort_caveat,Hybrid ModalPINN,prior_physics_wake_biased_grid,Prior-assisted (wake-biased grid),cylinder pressure,32,wake-biased grid,True,,field,v,rel_L2,far-wake,1.1170227527618408,dimensionless,CFD,raw_metric,not applicable,verified_primary,modes_experiment/fresh_analysis/derived/a05_prior_collocation_summary.csv,"201-snapshot common-contract evaluation; v1 in the absolute-time convention (a perfect model scores rel_L2 0 and phase 0); optimizer effort 26129 L-BFGS evaluations, not a controlled budget."
MP-0057,A05,Prior plus collocation,complete_with_effort_caveat,Hybrid ModalPINN,prior_physics_wake_biased_grid,Prior-assisted (wake-biased grid),cylinder pressure,32,wake-biased grid,True,,field,p,rel_L2,far-wake,5.268115043640137,dimensionless,CFD,raw_metric,not applicable,verified_primary,modes_experiment/fresh_analysis/derived/a05_prior_collocation_summary.csv,"201-snapshot common-contract evaluation; v1 in the absolute-time convention (a perfect model scores rel_L2 0 and phase 0); optimizer effort 26129 L-BFGS evaluations, not a controlled budget."
MP-0058,A05,Prior plus collocation,complete_with_effort_caveat,Hybrid ModalPINN,prior_physics_wake_biased_grid,Prior-assisted (wake-biased grid),cylinder pressure,32,wake-biased grid,True,,field,u,rel_L2,far-core,0.8379988074302673,dimensionless,CFD,raw_metric,not applicable,verified_primary,modes_experiment/fresh_analysis/derived/a05_prior_collocation_summary.csv,"201-snapshot common-contract evaluation; v1 in the absolute-time convention (a perfect model scores rel_L2 0 and phase 0); optimizer effort 26129 L-BFGS evaluations, not a controlled budget."
MP-0059,A05,Prior plus collocation,complete_with_effort_caveat,Hybrid ModalPINN,prior_physics_wake_biased_grid,Prior-assisted (wake-biased grid),cylinder pressure,32,wake-biased grid,True,,field,v,rel_L2,far-core,0.7684069275856018,dimensionless,CFD,raw_metric,not applicable,verified_primary,modes_experiment/fresh_analysis/derived/a05_prior_collocation_summary.csv,"201-snapshot common-contract evaluation; v1 in the absolute-time convention (a perfect model scores rel_L2 0 and phase 0); optimizer effort 26129 L-BFGS evaluations, not a controlled budget."
MP-0060,A05,Prior plus collocation,complete_with_effort_caveat,Hybrid ModalPINN,prior_physics_wake_biased_grid,Prior-assisted (wake-biased grid),cylinder pressure,32,wake-biased grid,True,,field,p,rel_L2,far-core,4.034470558166504,dimensionless,CFD,raw_metric,not applicable,verified_primary,modes_experiment/fresh_analysis/derived/a05_prior_collocation_summary.csv,"201-snapshot common-contract evaluation; v1 in the absolute-time convention (a perfect model scores rel_L2 0 and phase 0); optimizer effort 26129 L-BFGS evaluations, not a controlled budget."
MP-0061,A05,Prior plus collocation,complete_with_effort_caveat,Hybrid ModalPINN,prior_physics_wake_biased_grid,Prior-assisted (wake-biased grid),cylinder pressure,32,wake-biased grid,True,,field,u,rel_L2,other,0.25685784220695496,dimensionless,CFD,raw_metric,not applicable,verified_primary,modes_experiment/fresh_analysis/derived/a05_prior_collocation_summary.csv,"201-snapshot common-contract evaluation; v1 in the absolute-time convention (a perfect model scores rel_L2 0 and phase 0); optimizer effort 26129 L-BFGS evaluations, not a controlled budget."
MP-0062,A05,Prior plus collocation,complete_with_effort_caveat,Hybrid ModalPINN,prior_physics_wake_biased_grid,Prior-assisted (wake-biased grid),cylinder pressure,32,wake-biased grid,True,,field,v,rel_L2,other,1.1279023885726929,dimensionless,CFD,raw_metric,not applicable,verified_primary,modes_experiment/fresh_analysis/derived/a05_prior_collocation_summary.csv,"201-snapshot common-contract evaluation; v1 in the absolute-time convention (a perfect model scores rel_L2 0 and phase 0); optimizer effort 26129 L-BFGS evaluations, not a controlled budget."
MP-0063,A05,Prior plus collocation,complete_with_effort_caveat,Hybrid ModalPINN,prior_physics_wake_biased_grid,Prior-assisted (wake-biased grid),cylinder pressure,32,wake-biased grid,True,,field,p,rel_L2,other,1.973976731300354,dimensionless,CFD,raw_metric,not applicable,verified_primary,modes_experiment/fresh_analysis/derived/a05_prior_collocation_summary.csv,"201-snapshot common-contract evaluation; v1 in the absolute-time convention (a perfect model scores rel_L2 0 and phase 0); optimizer effort 26129 L-BFGS evaluations, not a controlled budget."
MP-0064,A05,Prior plus collocation,complete_with_effort_caveat,Hybrid ModalPINN,prior_physics_wake_biased_grid,Prior-assisted (wake-biased grid),cylinder pressure,32,wake-biased grid,True,,field,u,rel_L2,whole-domain,0.5474520325660706,dimensionless,CFD,raw_metric,not applicable,verified_primary,modes_experiment/fresh_analysis/derived/a05_prior_collocation_summary.csv,"201-snapshot common-contract evaluation; v1 in the absolute-time convention (a perfect model scores rel_L2 0 and phase 0); optimizer effort 26129 L-BFGS evaluations, not a controlled budget."
MP-0065,A05,Prior plus collocation,complete_with_effort_caveat,Hybrid ModalPINN,prior_physics_wake_biased_grid,Prior-assisted (wake-biased grid),cylinder pressure,32,wake-biased grid,True,,field,v,rel_L2,whole-domain,0.9219823479652405,dimensionless,CFD,raw_metric,not applicable,verified_primary,modes_experiment/fresh_analysis/derived/a05_prior_collocation_summary.csv,"201-snapshot common-contract evaluation; v1 in the absolute-time convention (a perfect model scores rel_L2 0 and phase 0); optimizer effort 26129 L-BFGS evaluations, not a controlled budget."
MP-0066,A05,Prior plus collocation,complete_with_effort_caveat,Hybrid ModalPINN,prior_physics_wake_biased_grid,Prior-assisted (wake-biased grid),cylinder pressure,32,wake-biased grid,True,,field,p,rel_L2,whole-domain,1.2132055759429932,dimensionless,CFD,raw_metric,not applicable,verified_primary,modes_experiment/fresh_analysis/derived/a05_prior_collocation_summary.csv,"201-snapshot common-contract evaluation; v1 in the absolute-time convention (a perfect model scores rel_L2 0 and phase 0); optimizer effort 26129 L-BFGS evaluations, not a controlled budget."
MP-0067,A05,Prior plus collocation,complete_with_effort_caveat,Hybrid ModalPINN,prior_physics_wake_biased_grid,Prior-assisted (wake-biased grid),cylinder pressure,32,wake-biased grid,True,,v1_mode,v,rel_L2,near-cylinder,0.4596029594947871,dimensionless,CFD,raw_metric,absolute time; prediction and CFD reference aligned,verified_primary,modes_experiment/fresh_analysis/derived/a05_prior_collocation_summary.csv,"201-snapshot common-contract evaluation; v1 in the absolute-time convention (a perfect model scores rel_L2 0 and phase 0); optimizer effort 26129 L-BFGS evaluations, not a controlled budget."
MP-0068,A05,Prior plus collocation,complete_with_effort_caveat,Hybrid ModalPINN,prior_physics_wake_biased_grid,Prior-assisted (wake-biased grid),cylinder pressure,32,wake-biased grid,True,,v1_mode,v,amp_ratio,near-cylinder,0.7611925592514187,dimensionless,ideal 1,raw_metric,absolute time; prediction and CFD reference aligned,verified_primary,modes_experiment/fresh_analysis/derived/a05_prior_collocation_summary.csv,"201-snapshot common-contract evaluation; v1 in the absolute-time convention (a perfect model scores rel_L2 0 and phase 0); optimizer effort 26129 L-BFGS evaluations, not a controlled budget."
MP-0069,A05,Prior plus collocation,complete_with_effort_caveat,Hybrid ModalPINN,prior_physics_wake_biased_grid,Prior-assisted (wake-biased grid),cylinder pressure,32,wake-biased grid,True,,v1_mode,v,corr,near-cylinder,0.8987085136706103,dimensionless,ideal 1,raw_metric,absolute time; prediction and CFD reference aligned,verified_primary,modes_experiment/fresh_analysis/derived/a05_prior_collocation_summary.csv,"201-snapshot common-contract evaluation; v1 in the absolute-time convention (a perfect model scores rel_L2 0 and phase 0); optimizer effort 26129 L-BFGS evaluations, not a controlled budget."
MP-0070,A05,Prior plus collocation,complete_with_effort_caveat,Hybrid ModalPINN,prior_physics_wake_biased_grid,Prior-assisted (wake-biased grid),cylinder pressure,32,wake-biased grid,True,,v1_mode,v,phase_deg,near-cylinder,0.07699006997074256,degrees,ideal phase 0 deg (absolute-time convention),raw_metric,absolute time; prediction and CFD reference aligned,verified_primary,modes_experiment/fresh_analysis/derived/a05_prior_collocation_summary.csv,"201-snapshot common-contract evaluation; v1 in the absolute-time convention (a perfect model scores rel_L2 0 and phase 0); optimizer effort 26129 L-BFGS evaluations, not a controlled budget."
MP-0071,A05,Prior plus collocation,complete_with_effort_caveat,Hybrid ModalPINN,prior_physics_wake_biased_grid,Prior-assisted (wake-biased grid),cylinder pressure,32,wake-biased grid,True,,v1_mode,v,learned_contribution,near-cylinder,0.9126073069225826,dimensionless,analytical Karman prior alone,derived_metric,absolute time; prediction and CFD reference aligned,verified_primary,modes_experiment/fresh_analysis/derived/a05_prior_collocation_summary.csv; derived/a04_prior_only_metrics.json,"prior-alone rel_L2 minus arm rel_L2; positive means the network improved on the prior. 201-snapshot common-contract evaluation; v1 in the absolute-time convention (a perfect model scores rel_L2 0 and phase 0); optimizer effort 26129 L-BFGS evaluations, not a controlled budget."
MP-0072,A05,Prior plus collocation,complete_with_effort_caveat,Hybrid ModalPINN,prior_physics_wake_biased_grid,Prior-assisted (wake-biased grid),cylinder pressure,32,wake-biased grid,True,,v1_mode,v,rel_L2,near-wake,0.6059411107000253,dimensionless,CFD,raw_metric,absolute time; prediction and CFD reference aligned,verified_primary,modes_experiment/fresh_analysis/derived/a05_prior_collocation_summary.csv,"201-snapshot common-contract evaluation; v1 in the absolute-time convention (a perfect model scores rel_L2 0 and phase 0); optimizer effort 26129 L-BFGS evaluations, not a controlled budget."
MP-0073,A05,Prior plus collocation,complete_with_effort_caveat,Hybrid ModalPINN,prior_physics_wake_biased_grid,Prior-assisted (wake-biased grid),cylinder pressure,32,wake-biased grid,True,,v1_mode,v,amp_ratio,near-wake,0.7995230168803952,dimensionless,ideal 1,raw_metric,absolute time; prediction and CFD reference aligned,verified_primary,modes_experiment/fresh_analysis/derived/a05_prior_collocation_summary.csv,"201-snapshot common-contract evaluation; v1 in the absolute-time convention (a perfect model scores rel_L2 0 and phase 0); optimizer effort 26129 L-BFGS evaluations, not a controlled budget."
MP-0074,A05,Prior plus collocation,complete_with_effort_caveat,Hybrid ModalPINN,prior_physics_wake_biased_grid,Prior-assisted (wake-biased grid),cylinder pressure,32,wake-biased grid,True,,v1_mode,v,corr,near-wake,0.817418359902086,dimensionless,ideal 1,raw_metric,absolute time; prediction and CFD reference aligned,verified_primary,modes_experiment/fresh_analysis/derived/a05_prior_collocation_summary.csv,"201-snapshot common-contract evaluation; v1 in the absolute-time convention (a perfect model scores rel_L2 0 and phase 0); optimizer effort 26129 L-BFGS evaluations, not a controlled budget."
MP-0075,A05,Prior plus collocation,complete_with_effort_caveat,Hybrid ModalPINN,prior_physics_wake_biased_grid,Prior-assisted (wake-biased grid),cylinder pressure,32,wake-biased grid,True,,v1_mode,v,phase_deg,near-wake,-13.292289410334623,degrees,ideal phase 0 deg (absolute-time convention),raw_metric,absolute time; prediction and CFD reference aligned,verified_primary,modes_experiment/fresh_analysis/derived/a05_prior_collocation_summary.csv,"201-snapshot common-contract evaluation; v1 in the absolute-time convention (a perfect model scores rel_L2 0 and phase 0); optimizer effort 26129 L-BFGS evaluations, not a controlled budget."
MP-0076,A05,Prior plus collocation,complete_with_effort_caveat,Hybrid ModalPINN,prior_physics_wake_biased_grid,Prior-assisted (wake-biased grid),cylinder pressure,32,wake-biased grid,True,,v1_mode,v,learned_contribution,near-wake,0.0898812416006477,dimensionless,analytical Karman prior alone,derived_metric,absolute time; prediction and CFD reference aligned,verified_primary,modes_experiment/fresh_analysis/derived/a05_prior_collocation_summary.csv; derived/a04_prior_only_metrics.json,"prior-alone rel_L2 minus arm rel_L2; positive means the network improved on the prior. 201-snapshot common-contract evaluation; v1 in the absolute-time convention (a perfect model scores rel_L2 0 and phase 0); optimizer effort 26129 L-BFGS evaluations, not a controlled budget."
MP-0077,A05,Prior plus collocation,complete_with_effort_caveat,Hybrid ModalPINN,prior_physics_wake_biased_grid,Prior-assisted (wake-biased grid),cylinder pressure,32,wake-biased grid,True,,v1_mode,v,rel_L2,far-wake,0.5136868299854808,dimensionless,CFD,raw_metric,absolute time; prediction and CFD reference aligned,verified_primary,modes_experiment/fresh_analysis/derived/a05_prior_collocation_summary.csv,"201-snapshot common-contract evaluation; v1 in the absolute-time convention (a perfect model scores rel_L2 0 and phase 0); optimizer effort 26129 L-BFGS evaluations, not a controlled budget."
MP-0078,A05,Prior plus collocation,complete_with_effort_caveat,Hybrid ModalPINN,prior_physics_wake_biased_grid,Prior-assisted (wake-biased grid),cylinder pressure,32,wake-biased grid,True,,v1_mode,v,amp_ratio,far-wake,0.627027485293899,dimensionless,ideal 1,raw_metric,absolute time; prediction and CFD reference aligned,verified_primary,modes_experiment/fresh_analysis/derived/a05_prior_collocation_summary.csv,"201-snapshot common-contract evaluation; v1 in the absolute-time convention (a perfect model scores rel_L2 0 and phase 0); optimizer effort 26129 L-BFGS evaluations, not a controlled budget."
MP-0079,A05,Prior plus collocation,complete_with_effort_caveat,Hybrid ModalPINN,prior_physics_wake_biased_grid,Prior-assisted (wake-biased grid),cylinder pressure,32,wake-biased grid,True,,v1_mode,v,corr,far-wake,0.9278149315854635,dimensionless,ideal 1,raw_metric,absolute time; prediction and CFD reference aligned,verified_primary,modes_experiment/fresh_analysis/derived/a05_prior_collocation_summary.csv,"201-snapshot common-contract evaluation; v1 in the absolute-time convention (a perfect model scores rel_L2 0 and phase 0); optimizer effort 26129 L-BFGS evaluations, not a controlled budget."
MP-0080,A05,Prior plus collocation,complete_with_effort_caveat,Hybrid ModalPINN,prior_physics_wake_biased_grid,Prior-assisted (wake-biased grid),cylinder pressure,32,wake-biased grid,True,,v1_mode,v,phase_deg,far-wake,-13.934669567207408,degrees,ideal phase 0 deg (absolute-time convention),raw_metric,absolute time; prediction and CFD reference aligned,verified_primary,modes_experiment/fresh_analysis/derived/a05_prior_collocation_summary.csv,"201-snapshot common-contract evaluation; v1 in the absolute-time convention (a perfect model scores rel_L2 0 and phase 0); optimizer effort 26129 L-BFGS evaluations, not a controlled budget."
MP-0081,A05,Prior plus collocation,complete_with_effort_caveat,Hybrid ModalPINN,prior_physics_wake_biased_grid,Prior-assisted (wake-biased grid),cylinder pressure,32,wake-biased grid,True,,v1_mode,v,learned_contribution,far-wake,-0.2286563868849701,dimensionless,analytical Karman prior alone,derived_metric,absolute time; prediction and CFD reference aligned,verified_primary,modes_experiment/fresh_analysis/derived/a05_prior_collocation_summary.csv; derived/a04_prior_only_metrics.json,"prior-alone rel_L2 minus arm rel_L2; positive means the network improved on the prior. 201-snapshot common-contract evaluation; v1 in the absolute-time convention (a perfect model scores rel_L2 0 and phase 0); optimizer effort 26129 L-BFGS evaluations, not a controlled budget."
MP-0082,A05,Prior plus collocation,complete_with_effort_caveat,Hybrid ModalPINN,prior_physics_wake_biased_grid,Prior-assisted (wake-biased grid),cylinder pressure,32,wake-biased grid,True,,v1_mode,v,rel_L2,far-core,0.5047257977454529,dimensionless,CFD,raw_metric,absolute time; prediction and CFD reference aligned,verified_primary,modes_experiment/fresh_analysis/derived/a05_prior_collocation_summary.csv,"201-snapshot common-contract evaluation; v1 in the absolute-time convention (a perfect model scores rel_L2 0 and phase 0); optimizer effort 26129 L-BFGS evaluations, not a controlled budget."
MP-0083,A05,Prior plus collocation,complete_with_effort_caveat,Hybrid ModalPINN,prior_physics_wake_biased_grid,Prior-assisted (wake-biased grid),cylinder pressure,32,wake-biased grid,True,,v1_mode,v,amp_ratio,far-core,0.6137520942784017,dimensionless,ideal 1,raw_metric,absolute time; prediction and CFD reference aligned,verified_primary,modes_experiment/fresh_analysis/derived/a05_prior_collocation_summary.csv,"201-snapshot common-contract evaluation; v1 in the absolute-time convention (a perfect model scores rel_L2 0 and phase 0); optimizer effort 26129 L-BFGS evaluations, not a controlled budget."
MP-0084,A05,Prior plus collocation,complete_with_effort_caveat,Hybrid ModalPINN,prior_physics_wake_biased_grid,Prior-assisted (wake-biased grid),cylinder pressure,32,wake-biased grid,True,,v1_mode,v,corr,far-core,0.9435658631248078,dimensionless,ideal 1,raw_metric,absolute time; prediction and CFD reference aligned,verified_primary,modes_experiment/fresh_analysis/derived/a05_prior_collocation_summary.csv,"201-snapshot common-contract evaluation; v1 in the absolute-time convention (a perfect model scores rel_L2 0 and phase 0); optimizer effort 26129 L-BFGS evaluations, not a controlled budget."
MP-0085,A05,Prior plus collocation,complete_with_effort_caveat,Hybrid ModalPINN,prior_physics_wake_biased_grid,Prior-assisted (wake-biased grid),cylinder pressure,32,wake-biased grid,True,,v1_mode,v,phase_deg,far-core,-14.38001300625628,degrees,ideal phase 0 deg (absolute-time convention),raw_metric,absolute time; prediction and CFD reference aligned,verified_primary,modes_experiment/fresh_analysis/derived/a05_prior_collocation_summary.csv,"201-snapshot common-contract evaluation; v1 in the absolute-time convention (a perfect model scores rel_L2 0 and phase 0); optimizer effort 26129 L-BFGS evaluations, not a controlled budget."
MP-0086,A05,Prior plus collocation,complete_with_effort_caveat,Hybrid ModalPINN,prior_physics_wake_biased_grid,Prior-assisted (wake-biased grid),cylinder pressure,32,wake-biased grid,True,,v1_mode,v,learned_contribution,far-core,-0.22279706606161642,dimensionless,analytical Karman prior alone,derived_metric,absolute time; prediction and CFD reference aligned,verified_primary,modes_experiment/fresh_analysis/derived/a05_prior_collocation_summary.csv; derived/a04_prior_only_metrics.json,"prior-alone rel_L2 minus arm rel_L2; positive means the network improved on the prior. 201-snapshot common-contract evaluation; v1 in the absolute-time convention (a perfect model scores rel_L2 0 and phase 0); optimizer effort 26129 L-BFGS evaluations, not a controlled budget."
MP-0087,A05,Prior plus collocation,complete_with_effort_caveat,Hybrid ModalPINN,prior_physics_wake_biased_grid,Prior-assisted (wake-biased grid),cylinder pressure,32,wake-biased grid,True,,v1_mode,v,rel_L2,other,29.66090075720592,dimensionless,CFD,raw_metric,absolute time; prediction and CFD reference aligned,verified_primary,modes_experiment/fresh_analysis/derived/a05_prior_collocation_summary.csv,"201-snapshot common-contract evaluation; v1 in the absolute-time convention (a perfect model scores rel_L2 0 and phase 0); optimizer effort 26129 L-BFGS evaluations, not a controlled budget."
MP-0088,A05,Prior plus collocation,complete_with_effort_caveat,Hybrid ModalPINN,prior_physics_wake_biased_grid,Prior-assisted (wake-biased grid),cylinder pressure,32,wake-biased grid,True,,v1_mode,v,amp_ratio,other,29.419353225552392,dimensionless,ideal 1,raw_metric,absolute time; prediction and CFD reference aligned,verified_primary,modes_experiment/fresh_analysis/derived/a05_prior_collocation_summary.csv,"201-snapshot common-contract evaluation; v1 in the absolute-time convention (a perfect model scores rel_L2 0 and phase 0); optimizer effort 26129 L-BFGS evaluations, not a controlled budget."
MP-0089,A05,Prior plus collocation,complete_with_effort_caveat,Hybrid ModalPINN,prior_physics_wake_biased_grid,Prior-assisted (wake-biased grid),cylinder pressure,32,wake-biased grid,True,,v1_mode,v,corr,other,0.2282850031673042,dimensionless,ideal 1,raw_metric,absolute time; prediction and CFD reference aligned,verified_primary,modes_experiment/fresh_analysis/derived/a05_prior_collocation_summary.csv,"201-snapshot common-contract evaluation; v1 in the absolute-time convention (a perfect model scores rel_L2 0 and phase 0); optimizer effort 26129 L-BFGS evaluations, not a controlled budget."
MP-0090,A05,Prior plus collocation,complete_with_effort_caveat,Hybrid ModalPINN,prior_physics_wake_biased_grid,Prior-assisted (wake-biased grid),cylinder pressure,32,wake-biased grid,True,,v1_mode,v,phase_deg,other,171.1115391133083,degrees,ideal phase 0 deg (absolute-time convention),raw_metric,absolute time; prediction and CFD reference aligned,verified_primary,modes_experiment/fresh_analysis/derived/a05_prior_collocation_summary.csv,"201-snapshot common-contract evaluation; v1 in the absolute-time convention (a perfect model scores rel_L2 0 and phase 0); optimizer effort 26129 L-BFGS evaluations, not a controlled budget."
MP-0091,A05,Prior plus collocation,complete_with_effort_caveat,Hybrid ModalPINN,prior_physics_wake_biased_grid,Prior-assisted (wake-biased grid),cylinder pressure,32,wake-biased grid,True,,v1_mode,v,learned_contribution,other,-28.797227112786228,dimensionless,analytical Karman prior alone,derived_metric,absolute time; prediction and CFD reference aligned,verified_primary,modes_experiment/fresh_analysis/derived/a05_prior_collocation_summary.csv; derived/a04_prior_only_metrics.json,"prior-alone rel_L2 minus arm rel_L2; positive means the network improved on the prior. 201-snapshot common-contract evaluation; v1 in the absolute-time convention (a perfect model scores rel_L2 0 and phase 0); optimizer effort 26129 L-BFGS evaluations, not a controlled budget."
MP-0092,A05,Prior plus collocation,complete_with_effort_caveat,Hybrid ModalPINN,prior_physics_wake_biased_grid,Prior-assisted (wake-biased grid),cylinder pressure,32,wake-biased grid,True,,v1_mode,v,rel_L2,whole-domain,0.7176282077754847,dimensionless,CFD,raw_metric,absolute time; prediction and CFD reference aligned,verified_primary,modes_experiment/fresh_analysis/derived/a05_prior_collocation_summary.csv,"201-snapshot common-contract evaluation; v1 in the absolute-time convention (a perfect model scores rel_L2 0 and phase 0); optimizer effort 26129 L-BFGS evaluations, not a controlled budget."
MP-0093,A05,Prior plus collocation,complete_with_effort_caveat,Hybrid ModalPINN,prior_physics_wake_biased_grid,Prior-assisted (wake-biased grid),cylinder pressure,32,wake-biased grid,True,,v1_mode,v,amp_ratio,whole-domain,0.8296673715895008,dimensionless,ideal 1,raw_metric,absolute time; prediction and CFD reference aligned,verified_primary,modes_experiment/fresh_analysis/derived/a05_prior_collocation_summary.csv,"201-snapshot common-contract evaluation; v1 in the absolute-time convention (a perfect model scores rel_L2 0 and phase 0); optimizer effort 26129 L-BFGS evaluations, not a controlled budget."
MP-0094,A05,Prior plus collocation,complete_with_effort_caveat,Hybrid ModalPINN,prior_physics_wake_biased_grid,Prior-assisted (wake-biased grid),cylinder pressure,32,wake-biased grid,True,,v1_mode,v,corr,whole-domain,0.7273653759519239,dimensionless,ideal 1,raw_metric,absolute time; prediction and CFD reference aligned,verified_primary,modes_experiment/fresh_analysis/derived/a05_prior_collocation_summary.csv,"201-snapshot common-contract evaluation; v1 in the absolute-time convention (a perfect model scores rel_L2 0 and phase 0); optimizer effort 26129 L-BFGS evaluations, not a controlled budget."
MP-0095,A05,Prior plus collocation,complete_with_effort_caveat,Hybrid ModalPINN,prior_physics_wake_biased_grid,Prior-assisted (wake-biased grid),cylinder pressure,32,wake-biased grid,True,,v1_mode,v,phase_deg,whole-domain,-13.548113634238796,degrees,ideal phase 0 deg (absolute-time convention),raw_metric,absolute time; prediction and CFD reference aligned,verified_primary,modes_experiment/fresh_analysis/derived/a05_prior_collocation_summary.csv,"201-snapshot common-contract evaluation; v1 in the absolute-time convention (a perfect model scores rel_L2 0 and phase 0); optimizer effort 26129 L-BFGS evaluations, not a controlled budget."
MP-0096,A05,Prior plus collocation,complete_with_effort_caveat,Hybrid ModalPINN,prior_physics_wake_biased_grid,Prior-assisted (wake-biased grid),cylinder pressure,32,wake-biased grid,True,,v1_mode,v,learned_contribution,whole-domain,-0.2391602744225757,dimensionless,analytical Karman prior alone,derived_metric,absolute time; prediction and CFD reference aligned,verified_primary,modes_experiment/fresh_analysis/derived/a05_prior_collocation_summary.csv; derived/a04_prior_only_metrics.json,"prior-alone rel_L2 minus arm rel_L2; positive means the network improved on the prior. 201-snapshot common-contract evaluation; v1 in the absolute-time convention (a perfect model scores rel_L2 0 and phase 0); optimizer effort 26129 L-BFGS evaluations, not a controlled budget."
MP-0097,A06,Pressure-noise sensitivity,complete_with_effort_and_single_seed_caveat,Hybrid ModalPINN,prior_physics_noise_00pct,Prior-assisted (clean pressure),cylinder pressure,32,uniform,True,0.0,field,u,rel_L2,near-cylinder,0.0592205636203289,dimensionless,CFD,raw_metric,not applicable,verified_primary,modes_experiment/fresh_analysis/derived/a06_pressure_noise_summary.csv,"201-snapshot common-contract evaluation; v1 in the absolute-time convention (a perfect model scores rel_L2 0 and phase 0); optimizer effort 34643 L-BFGS evaluations, not a controlled budget."
MP-0098,A06,Pressure-noise sensitivity,complete_with_effort_and_single_seed_caveat,Hybrid ModalPINN,prior_physics_noise_00pct,Prior-assisted (clean pressure),cylinder pressure,32,uniform,True,0.0,field,v,rel_L2,near-cylinder,0.0647122859954834,dimensionless,CFD,raw_metric,not applicable,verified_primary,modes_experiment/fresh_analysis/derived/a06_pressure_noise_summary.csv,"201-snapshot common-contract evaluation; v1 in the absolute-time convention (a perfect model scores rel_L2 0 and phase 0); optimizer effort 34643 L-BFGS evaluations, not a controlled budget."
MP-0099,A06,Pressure-noise sensitivity,complete_with_effort_and_single_seed_caveat,Hybrid ModalPINN,prior_physics_noise_00pct,Prior-assisted (clean pressure),cylinder pressure,32,uniform,True,0.0,field,p,rel_L2,near-cylinder,0.017133427783846855,dimensionless,CFD,raw_metric,not applicable,verified_primary,modes_experiment/fresh_analysis/derived/a06_pressure_noise_summary.csv,"201-snapshot common-contract evaluation; v1 in the absolute-time convention (a perfect model scores rel_L2 0 and phase 0); optimizer effort 34643 L-BFGS evaluations, not a controlled budget."
MP-0100,A06,Pressure-noise sensitivity,complete_with_effort_and_single_seed_caveat,Hybrid ModalPINN,prior_physics_noise_00pct,Prior-assisted (clean pressure),cylinder pressure,32,uniform,True,0.0,field,u,rel_L2,near-wake,0.16433614492416382,dimensionless,CFD,raw_metric,not applicable,verified_primary,modes_experiment/fresh_analysis/derived/a06_pressure_noise_summary.csv,"201-snapshot common-contract evaluation; v1 in the absolute-time convention (a perfect model scores rel_L2 0 and phase 0); optimizer effort 34643 L-BFGS evaluations, not a controlled budget."
MP-0101,A06,Pressure-noise sensitivity,complete_with_effort_and_single_seed_caveat,Hybrid ModalPINN,prior_physics_noise_00pct,Prior-assisted (clean pressure),cylinder pressure,32,uniform,True,0.0,field,v,rel_L2,near-wake,0.4852791726589203,dimensionless,CFD,raw_metric,not applicable,verified_primary,modes_experiment/fresh_analysis/derived/a06_pressure_noise_summary.csv,"201-snapshot common-contract evaluation; v1 in the absolute-time convention (a perfect model scores rel_L2 0 and phase 0); optimizer effort 34643 L-BFGS evaluations, not a controlled budget."
MP-0102,A06,Pressure-noise sensitivity,complete_with_effort_and_single_seed_caveat,Hybrid ModalPINN,prior_physics_noise_00pct,Prior-assisted (clean pressure),cylinder pressure,32,uniform,True,0.0,field,p,rel_L2,near-wake,0.3067087233066559,dimensionless,CFD,raw_metric,not applicable,verified_primary,modes_experiment/fresh_analysis/derived/a06_pressure_noise_summary.csv,"201-snapshot common-contract evaluation; v1 in the absolute-time convention (a perfect model scores rel_L2 0 and phase 0); optimizer effort 34643 L-BFGS evaluations, not a controlled budget."
MP-0103,A06,Pressure-noise sensitivity,complete_with_effort_and_single_seed_caveat,Hybrid ModalPINN,prior_physics_noise_00pct,Prior-assisted (clean pressure),cylinder pressure,32,uniform,True,0.0,field,u,rel_L2,far-wake,0.18780824542045593,dimensionless,CFD,raw_metric,not applicable,verified_primary,modes_experiment/fresh_analysis/derived/a06_pressure_noise_summary.csv,"201-snapshot common-contract evaluation; v1 in the absolute-time convention (a perfect model scores rel_L2 0 and phase 0); optimizer effort 34643 L-BFGS evaluations, not a controlled budget."
MP-0104,A06,Pressure-noise sensitivity,complete_with_effort_and_single_seed_caveat,Hybrid ModalPINN,prior_physics_noise_00pct,Prior-assisted (clean pressure),cylinder pressure,32,uniform,True,0.0,field,v,rel_L2,far-wake,0.4490889012813568,dimensionless,CFD,raw_metric,not applicable,verified_primary,modes_experiment/fresh_analysis/derived/a06_pressure_noise_summary.csv,"201-snapshot common-contract evaluation; v1 in the absolute-time convention (a perfect model scores rel_L2 0 and phase 0); optimizer effort 34643 L-BFGS evaluations, not a controlled budget."
MP-0105,A06,Pressure-noise sensitivity,complete_with_effort_and_single_seed_caveat,Hybrid ModalPINN,prior_physics_noise_00pct,Prior-assisted (clean pressure),cylinder pressure,32,uniform,True,0.0,field,p,rel_L2,far-wake,1.5653620958328247,dimensionless,CFD,raw_metric,not applicable,verified_primary,modes_experiment/fresh_analysis/derived/a06_pressure_noise_summary.csv,"201-snapshot common-contract evaluation; v1 in the absolute-time convention (a perfect model scores rel_L2 0 and phase 0); optimizer effort 34643 L-BFGS evaluations, not a controlled budget."
MP-0106,A06,Pressure-noise sensitivity,complete_with_effort_and_single_seed_caveat,Hybrid ModalPINN,prior_physics_noise_00pct,Prior-assisted (clean pressure),cylinder pressure,32,uniform,True,0.0,field,u,rel_L2,far-core,0.2100825160741806,dimensionless,CFD,raw_metric,not applicable,verified_primary,modes_experiment/fresh_analysis/derived/a06_pressure_noise_summary.csv,"201-snapshot common-contract evaluation; v1 in the absolute-time convention (a perfect model scores rel_L2 0 and phase 0); optimizer effort 34643 L-BFGS evaluations, not a controlled budget."
MP-0107,A06,Pressure-noise sensitivity,complete_with_effort_and_single_seed_caveat,Hybrid ModalPINN,prior_physics_noise_00pct,Prior-assisted (clean pressure),cylinder pressure,32,uniform,True,0.0,field,v,rel_L2,far-core,0.3913930058479309,dimensionless,CFD,raw_metric,not applicable,verified_primary,modes_experiment/fresh_analysis/derived/a06_pressure_noise_summary.csv,"201-snapshot common-contract evaluation; v1 in the absolute-time convention (a perfect model scores rel_L2 0 and phase 0); optimizer effort 34643 L-BFGS evaluations, not a controlled budget."
MP-0108,A06,Pressure-noise sensitivity,complete_with_effort_and_single_seed_caveat,Hybrid ModalPINN,prior_physics_noise_00pct,Prior-assisted (clean pressure),cylinder pressure,32,uniform,True,0.0,field,p,rel_L2,far-core,1.276977300643921,dimensionless,CFD,raw_metric,not applicable,verified_primary,modes_experiment/fresh_analysis/derived/a06_pressure_noise_summary.csv,"201-snapshot common-contract evaluation; v1 in the absolute-time convention (a perfect model scores rel_L2 0 and phase 0); optimizer effort 34643 L-BFGS evaluations, not a controlled budget."
MP-0109,A06,Pressure-noise sensitivity,complete_with_effort_and_single_seed_caveat,Hybrid ModalPINN,prior_physics_noise_00pct,Prior-assisted (clean pressure),cylinder pressure,32,uniform,True,0.0,field,u,rel_L2,other,0.11128376424312592,dimensionless,CFD,raw_metric,not applicable,verified_primary,modes_experiment/fresh_analysis/derived/a06_pressure_noise_summary.csv,"201-snapshot common-contract evaluation; v1 in the absolute-time convention (a perfect model scores rel_L2 0 and phase 0); optimizer effort 34643 L-BFGS evaluations, not a controlled budget."
MP-0110,A06,Pressure-noise sensitivity,complete_with_effort_and_single_seed_caveat,Hybrid ModalPINN,prior_physics_noise_00pct,Prior-assisted (clean pressure),cylinder pressure,32,uniform,True,0.0,field,v,rel_L2,other,0.4498370885848999,dimensionless,CFD,raw_metric,not applicable,verified_primary,modes_experiment/fresh_analysis/derived/a06_pressure_noise_summary.csv,"201-snapshot common-contract evaluation; v1 in the absolute-time convention (a perfect model scores rel_L2 0 and phase 0); optimizer effort 34643 L-BFGS evaluations, not a controlled budget."
MP-0111,A06,Pressure-noise sensitivity,complete_with_effort_and_single_seed_caveat,Hybrid ModalPINN,prior_physics_noise_00pct,Prior-assisted (clean pressure),cylinder pressure,32,uniform,True,0.0,field,p,rel_L2,other,0.680185079574585,dimensionless,CFD,raw_metric,not applicable,verified_primary,modes_experiment/fresh_analysis/derived/a06_pressure_noise_summary.csv,"201-snapshot common-contract evaluation; v1 in the absolute-time convention (a perfect model scores rel_L2 0 and phase 0); optimizer effort 34643 L-BFGS evaluations, not a controlled budget."
MP-0112,A06,Pressure-noise sensitivity,complete_with_effort_and_single_seed_caveat,Hybrid ModalPINN,prior_physics_noise_00pct,Prior-assisted (clean pressure),cylinder pressure,32,uniform,True,0.0,field,u,rel_L2,whole-domain,0.16075393557548523,dimensionless,CFD,raw_metric,not applicable,verified_primary,modes_experiment/fresh_analysis/derived/a06_pressure_noise_summary.csv,"201-snapshot common-contract evaluation; v1 in the absolute-time convention (a perfect model scores rel_L2 0 and phase 0); optimizer effort 34643 L-BFGS evaluations, not a controlled budget."
MP-0113,A06,Pressure-noise sensitivity,complete_with_effort_and_single_seed_caveat,Hybrid ModalPINN,prior_physics_noise_00pct,Prior-assisted (clean pressure),cylinder pressure,32,uniform,True,0.0,field,v,rel_L2,whole-domain,0.3884117901325226,dimensionless,CFD,raw_metric,not applicable,verified_primary,modes_experiment/fresh_analysis/derived/a06_pressure_noise_summary.csv,"201-snapshot common-contract evaluation; v1 in the absolute-time convention (a perfect model scores rel_L2 0 and phase 0); optimizer effort 34643 L-BFGS evaluations, not a controlled budget."
MP-0114,A06,Pressure-noise sensitivity,complete_with_effort_and_single_seed_caveat,Hybrid ModalPINN,prior_physics_noise_00pct,Prior-assisted (clean pressure),cylinder pressure,32,uniform,True,0.0,field,p,rel_L2,whole-domain,0.37669020891189575,dimensionless,CFD,raw_metric,not applicable,verified_primary,modes_experiment/fresh_analysis/derived/a06_pressure_noise_summary.csv,"201-snapshot common-contract evaluation; v1 in the absolute-time convention (a perfect model scores rel_L2 0 and phase 0); optimizer effort 34643 L-BFGS evaluations, not a controlled budget."
MP-0115,A06,Pressure-noise sensitivity,complete_with_effort_and_single_seed_caveat,Hybrid ModalPINN,prior_physics_noise_00pct,Prior-assisted (clean pressure),cylinder pressure,32,uniform,True,0.0,v1_mode,v,rel_L2,near-cylinder,0.3986498573379578,dimensionless,CFD,raw_metric,absolute time; prediction and CFD reference aligned,verified_primary,modes_experiment/fresh_analysis/derived/a06_pressure_noise_summary.csv,"201-snapshot common-contract evaluation; v1 in the absolute-time convention (a perfect model scores rel_L2 0 and phase 0); optimizer effort 34643 L-BFGS evaluations, not a controlled budget."
MP-0116,A06,Pressure-noise sensitivity,complete_with_effort_and_single_seed_caveat,Hybrid ModalPINN,prior_physics_noise_00pct,Prior-assisted (clean pressure),cylinder pressure,32,uniform,True,0.0,v1_mode,v,amp_ratio,near-cylinder,0.8003018055450682,dimensionless,ideal 1,raw_metric,absolute time; prediction and CFD reference aligned,verified_primary,modes_experiment/fresh_analysis/derived/a06_pressure_noise_summary.csv,"201-snapshot common-contract evaluation; v1 in the absolute-time convention (a perfect model scores rel_L2 0 and phase 0); optimizer effort 34643 L-BFGS evaluations, not a controlled budget."
MP-0117,A06,Pressure-noise sensitivity,complete_with_effort_and_single_seed_caveat,Hybrid ModalPINN,prior_physics_noise_00pct,Prior-assisted (clean pressure),cylinder pressure,32,uniform,True,0.0,v1_mode,v,corr,near-cylinder,0.9302835550571199,dimensionless,ideal 1,raw_metric,absolute time; prediction and CFD reference aligned,verified_primary,modes_experiment/fresh_analysis/derived/a06_pressure_noise_summary.csv,"201-snapshot common-contract evaluation; v1 in the absolute-time convention (a perfect model scores rel_L2 0 and phase 0); optimizer effort 34643 L-BFGS evaluations, not a controlled budget."
MP-0118,A06,Pressure-noise sensitivity,complete_with_effort_and_single_seed_caveat,Hybrid ModalPINN,prior_physics_noise_00pct,Prior-assisted (clean pressure),cylinder pressure,32,uniform,True,0.0,v1_mode,v,phase_deg,near-cylinder,5.735384414413716,degrees,ideal phase 0 deg (absolute-time convention),raw_metric,absolute time; prediction and CFD reference aligned,verified_primary,modes_experiment/fresh_analysis/derived/a06_pressure_noise_summary.csv,"201-snapshot common-contract evaluation; v1 in the absolute-time convention (a perfect model scores rel_L2 0 and phase 0); optimizer effort 34643 L-BFGS evaluations, not a controlled budget."
MP-0119,A06,Pressure-noise sensitivity,complete_with_effort_and_single_seed_caveat,Hybrid ModalPINN,prior_physics_noise_00pct,Prior-assisted (clean pressure),cylinder pressure,32,uniform,True,0.0,v1_mode,v,learned_contribution,near-cylinder,0.9735604090794119,dimensionless,analytical Karman prior alone,derived_metric,absolute time; prediction and CFD reference aligned,verified_primary,modes_experiment/fresh_analysis/derived/a06_pressure_noise_summary.csv; derived/a04_prior_only_metrics.json,"prior-alone rel_L2 minus arm rel_L2; positive means the network improved on the prior. 201-snapshot common-contract evaluation; v1 in the absolute-time convention (a perfect model scores rel_L2 0 and phase 0); optimizer effort 34643 L-BFGS evaluations, not a controlled budget."
MP-0120,A06,Pressure-noise sensitivity,complete_with_effort_and_single_seed_caveat,Hybrid ModalPINN,prior_physics_noise_00pct,Prior-assisted (clean pressure),cylinder pressure,32,uniform,True,0.0,v1_mode,v,rel_L2,near-wake,0.38383140890066564,dimensionless,CFD,raw_metric,absolute time; prediction and CFD reference aligned,verified_primary,modes_experiment/fresh_analysis/derived/a06_pressure_noise_summary.csv,"201-snapshot common-contract evaluation; v1 in the absolute-time convention (a perfect model scores rel_L2 0 and phase 0); optimizer effort 34643 L-BFGS evaluations, not a controlled budget."
MP-0121,A06,Pressure-noise sensitivity,complete_with_effort_and_single_seed_caveat,Hybrid ModalPINN,prior_physics_noise_00pct,Prior-assisted (clean pressure),cylinder pressure,32,uniform,True,0.0,v1_mode,v,amp_ratio,near-wake,0.8580118281696177,dimensionless,ideal 1,raw_metric,absolute time; prediction and CFD reference aligned,verified_primary,modes_experiment/fresh_analysis/derived/a06_pressure_noise_summary.csv,"201-snapshot common-contract evaluation; v1 in the absolute-time convention (a perfect model scores rel_L2 0 and phase 0); optimizer effort 34643 L-BFGS evaluations, not a controlled budget."
MP-0122,A06,Pressure-noise sensitivity,complete_with_effort_and_single_seed_caveat,Hybrid ModalPINN,prior_physics_noise_00pct,Prior-assisted (clean pressure),cylinder pressure,32,uniform,True,0.0,v1_mode,v,corr,near-wake,0.9267508026289287,dimensionless,ideal 1,raw_metric,absolute time; prediction and CFD reference aligned,verified_primary,modes_experiment/fresh_analysis/derived/a06_pressure_noise_summary.csv,"201-snapshot common-contract evaluation; v1 in the absolute-time convention (a perfect model scores rel_L2 0 and phase 0); optimizer effort 34643 L-BFGS evaluations, not a controlled budget."
MP-0123,A06,Pressure-noise sensitivity,complete_with_effort_and_single_seed_caveat,Hybrid ModalPINN,prior_physics_noise_00pct,Prior-assisted (clean pressure),cylinder pressure,32,uniform,True,0.0,v1_mode,v,phase_deg,near-wake,-2.4624810598168367,degrees,ideal phase 0 deg (absolute-time convention),raw_metric,absolute time; prediction and CFD reference aligned,verified_primary,modes_experiment/fresh_analysis/derived/a06_pressure_noise_summary.csv,"201-snapshot common-contract evaluation; v1 in the absolute-time convention (a perfect model scores rel_L2 0 and phase 0); optimizer effort 34643 L-BFGS evaluations, not a controlled budget."
MP-0124,A06,Pressure-noise sensitivity,complete_with_effort_and_single_seed_caveat,Hybrid ModalPINN,prior_physics_noise_00pct,Prior-assisted (clean pressure),cylinder pressure,32,uniform,True,0.0,v1_mode,v,learned_contribution,near-wake,0.3119909434000074,dimensionless,analytical Karman prior alone,derived_metric,absolute time; prediction and CFD reference aligned,verified_primary,modes_experiment/fresh_analysis/derived/a06_pressure_noise_summary.csv; derived/a04_prior_only_metrics.json,"prior-alone rel_L2 minus arm rel_L2; positive means the network improved on the prior. 201-snapshot common-contract evaluation; v1 in the absolute-time convention (a perfect model scores rel_L2 0 and phase 0); optimizer effort 34643 L-BFGS evaluations, not a controlled budget."
MP-0125,A06,Pressure-noise sensitivity,complete_with_effort_and_single_seed_caveat,Hybrid ModalPINN,prior_physics_noise_00pct,Prior-assisted (clean pressure),cylinder pressure,32,uniform,True,0.0,v1_mode,v,rel_L2,far-wake,0.29220088919846027,dimensionless,CFD,raw_metric,absolute time; prediction and CFD reference aligned,verified_primary,modes_experiment/fresh_analysis/derived/a06_pressure_noise_summary.csv,"201-snapshot common-contract evaluation; v1 in the absolute-time convention (a perfect model scores rel_L2 0 and phase 0); optimizer effort 34643 L-BFGS evaluations, not a controlled budget."
MP-0126,A06,Pressure-noise sensitivity,complete_with_effort_and_single_seed_caveat,Hybrid ModalPINN,prior_physics_noise_00pct,Prior-assisted (clean pressure),cylinder pressure,32,uniform,True,0.0,v1_mode,v,amp_ratio,far-wake,0.8405636591923411,dimensionless,ideal 1,raw_metric,absolute time; prediction and CFD reference aligned,verified_primary,modes_experiment/fresh_analysis/derived/a06_pressure_noise_summary.csv,"201-snapshot common-contract evaluation; v1 in the absolute-time convention (a perfect model scores rel_L2 0 and phase 0); optimizer effort 34643 L-BFGS evaluations, not a controlled budget."
MP-0127,A06,Pressure-noise sensitivity,complete_with_effort_and_single_seed_caveat,Hybrid ModalPINN,prior_physics_noise_00pct,Prior-assisted (clean pressure),cylinder pressure,32,uniform,True,0.0,v1_mode,v,corr,far-wake,0.9750197121464105,dimensionless,ideal 1,raw_metric,absolute time; prediction and CFD reference aligned,verified_primary,modes_experiment/fresh_analysis/derived/a06_pressure_noise_summary.csv,"201-snapshot common-contract evaluation; v1 in the absolute-time convention (a perfect model scores rel_L2 0 and phase 0); optimizer effort 34643 L-BFGS evaluations, not a controlled budget."
MP-0128,A06,Pressure-noise sensitivity,complete_with_effort_and_single_seed_caveat,Hybrid ModalPINN,prior_physics_noise_00pct,Prior-assisted (clean pressure),cylinder pressure,32,uniform,True,0.0,v1_mode,v,phase_deg,far-wake,-8.490988827110098,degrees,ideal phase 0 deg (absolute-time convention),raw_metric,absolute time; prediction and CFD reference aligned,verified_primary,modes_experiment/fresh_analysis/derived/a06_pressure_noise_summary.csv,"201-snapshot common-contract evaluation; v1 in the absolute-time convention (a perfect model scores rel_L2 0 and phase 0); optimizer effort 34643 L-BFGS evaluations, not a controlled budget."
MP-0129,A06,Pressure-noise sensitivity,complete_with_effort_and_single_seed_caveat,Hybrid ModalPINN,prior_physics_noise_00pct,Prior-assisted (clean pressure),cylinder pressure,32,uniform,True,0.0,v1_mode,v,learned_contribution,far-wake,-0.00717044609794959,dimensionless,analytical Karman prior alone,derived_metric,absolute time; prediction and CFD reference aligned,verified_primary,modes_experiment/fresh_analysis/derived/a06_pressure_noise_summary.csv; derived/a04_prior_only_metrics.json,"prior-alone rel_L2 minus arm rel_L2; positive means the network improved on the prior. 201-snapshot common-contract evaluation; v1 in the absolute-time convention (a perfect model scores rel_L2 0 and phase 0); optimizer effort 34643 L-BFGS evaluations, not a controlled budget."
MP-0130,A06,Pressure-noise sensitivity,complete_with_effort_and_single_seed_caveat,Hybrid ModalPINN,prior_physics_noise_00pct,Prior-assisted (clean pressure),cylinder pressure,32,uniform,True,0.0,v1_mode,v,rel_L2,far-core,0.28949597842624675,dimensionless,CFD,raw_metric,absolute time; prediction and CFD reference aligned,verified_primary,modes_experiment/fresh_analysis/derived/a06_pressure_noise_summary.csv,"201-snapshot common-contract evaluation; v1 in the absolute-time convention (a perfect model scores rel_L2 0 and phase 0); optimizer effort 34643 L-BFGS evaluations, not a controlled budget."
MP-0131,A06,Pressure-noise sensitivity,complete_with_effort_and_single_seed_caveat,Hybrid ModalPINN,prior_physics_noise_00pct,Prior-assisted (clean pressure),cylinder pressure,32,uniform,True,0.0,v1_mode,v,amp_ratio,far-core,0.8387517940246538,dimensionless,ideal 1,raw_metric,absolute time; prediction and CFD reference aligned,verified_primary,modes_experiment/fresh_analysis/derived/a06_pressure_noise_summary.csv,"201-snapshot common-contract evaluation; v1 in the absolute-time convention (a perfect model scores rel_L2 0 and phase 0); optimizer effort 34643 L-BFGS evaluations, not a controlled budget."
MP-0132,A06,Pressure-noise sensitivity,complete_with_effort_and_single_seed_caveat,Hybrid ModalPINN,prior_physics_noise_00pct,Prior-assisted (clean pressure),cylinder pressure,32,uniform,True,0.0,v1_mode,v,corr,far-core,0.9765788676166026,dimensionless,ideal 1,raw_metric,absolute time; prediction and CFD reference aligned,verified_primary,modes_experiment/fresh_analysis/derived/a06_pressure_noise_summary.csv,"201-snapshot common-contract evaluation; v1 in the absolute-time convention (a perfect model scores rel_L2 0 and phase 0); optimizer effort 34643 L-BFGS evaluations, not a controlled budget."
MP-0133,A06,Pressure-noise sensitivity,complete_with_effort_and_single_seed_caveat,Hybrid ModalPINN,prior_physics_noise_00pct,Prior-assisted (clean pressure),cylinder pressure,32,uniform,True,0.0,v1_mode,v,phase_deg,far-core,-8.622994311329833,degrees,ideal phase 0 deg (absolute-time convention),raw_metric,absolute time; prediction and CFD reference aligned,verified_primary,modes_experiment/fresh_analysis/derived/a06_pressure_noise_summary.csv,"201-snapshot common-contract evaluation; v1 in the absolute-time convention (a perfect model scores rel_L2 0 and phase 0); optimizer effort 34643 L-BFGS evaluations, not a controlled budget."
MP-0134,A06,Pressure-noise sensitivity,complete_with_effort_and_single_seed_caveat,Hybrid ModalPINN,prior_physics_noise_00pct,Prior-assisted (clean pressure),cylinder pressure,32,uniform,True,0.0,v1_mode,v,learned_contribution,far-core,-0.007567246742410272,dimensionless,analytical Karman prior alone,derived_metric,absolute time; prediction and CFD reference aligned,verified_primary,modes_experiment/fresh_analysis/derived/a06_pressure_noise_summary.csv; derived/a04_prior_only_metrics.json,"prior-alone rel_L2 minus arm rel_L2; positive means the network improved on the prior. 201-snapshot common-contract evaluation; v1 in the absolute-time convention (a perfect model scores rel_L2 0 and phase 0); optimizer effort 34643 L-BFGS evaluations, not a controlled budget."
MP-0135,A06,Pressure-noise sensitivity,complete_with_effort_and_single_seed_caveat,Hybrid ModalPINN,prior_physics_noise_00pct,Prior-assisted (clean pressure),cylinder pressure,32,uniform,True,0.0,v1_mode,v,rel_L2,other,11.281478849190037,dimensionless,CFD,raw_metric,absolute time; prediction and CFD reference aligned,verified_primary,modes_experiment/fresh_analysis/derived/a06_pressure_noise_summary.csv,"201-snapshot common-contract evaluation; v1 in the absolute-time convention (a perfect model scores rel_L2 0 and phase 0); optimizer effort 34643 L-BFGS evaluations, not a controlled budget."
MP-0136,A06,Pressure-noise sensitivity,complete_with_effort_and_single_seed_caveat,Hybrid ModalPINN,prior_physics_noise_00pct,Prior-assisted (clean pressure),cylinder pressure,32,uniform,True,0.0,v1_mode,v,amp_ratio,other,11.489159861210807,dimensionless,ideal 1,raw_metric,absolute time; prediction and CFD reference aligned,verified_primary,modes_experiment/fresh_analysis/derived/a06_pressure_noise_summary.csv,"201-snapshot common-contract evaluation; v1 in the absolute-time convention (a perfect model scores rel_L2 0 and phase 0); optimizer effort 34643 L-BFGS evaluations, not a controlled budget."
MP-0137,A06,Pressure-noise sensitivity,complete_with_effort_and_single_seed_caveat,Hybrid ModalPINN,prior_physics_noise_00pct,Prior-assisted (clean pressure),cylinder pressure,32,uniform,True,0.0,v1_mode,v,corr,other,0.35065447214748,dimensionless,ideal 1,raw_metric,absolute time; prediction and CFD reference aligned,verified_primary,modes_experiment/fresh_analysis/derived/a06_pressure_noise_summary.csv,"201-snapshot common-contract evaluation; v1 in the absolute-time convention (a perfect model scores rel_L2 0 and phase 0); optimizer effort 34643 L-BFGS evaluations, not a controlled budget."
MP-0138,A06,Pressure-noise sensitivity,complete_with_effort_and_single_seed_caveat,Hybrid ModalPINN,prior_physics_noise_00pct,Prior-assisted (clean pressure),cylinder pressure,32,uniform,True,0.0,v1_mode,v,phase_deg,other,-44.68182376443435,degrees,ideal phase 0 deg (absolute-time convention),raw_metric,absolute time; prediction and CFD reference aligned,verified_primary,modes_experiment/fresh_analysis/derived/a06_pressure_noise_summary.csv,"201-snapshot common-contract evaluation; v1 in the absolute-time convention (a perfect model scores rel_L2 0 and phase 0); optimizer effort 34643 L-BFGS evaluations, not a controlled budget."
MP-0139,A06,Pressure-noise sensitivity,complete_with_effort_and_single_seed_caveat,Hybrid ModalPINN,prior_physics_noise_00pct,Prior-assisted (clean pressure),cylinder pressure,32,uniform,True,0.0,v1_mode,v,learned_contribution,other,-10.417805204770348,dimensionless,analytical Karman prior alone,derived_metric,absolute time; prediction and CFD reference aligned,verified_primary,modes_experiment/fresh_analysis/derived/a06_pressure_noise_summary.csv; derived/a04_prior_only_metrics.json,"prior-alone rel_L2 minus arm rel_L2; positive means the network improved on the prior. 201-snapshot common-contract evaluation; v1 in the absolute-time convention (a perfect model scores rel_L2 0 and phase 0); optimizer effort 34643 L-BFGS evaluations, not a controlled budget."
MP-0140,A06,Pressure-noise sensitivity,complete_with_effort_and_single_seed_caveat,Hybrid ModalPINN,prior_physics_noise_00pct,Prior-assisted (clean pressure),cylinder pressure,32,uniform,True,0.0,v1_mode,v,rel_L2,whole-domain,0.37069515802150554,dimensionless,CFD,raw_metric,absolute time; prediction and CFD reference aligned,verified_primary,modes_experiment/fresh_analysis/derived/a06_pressure_noise_summary.csv,"201-snapshot common-contract evaluation; v1 in the absolute-time convention (a perfect model scores rel_L2 0 and phase 0); optimizer effort 34643 L-BFGS evaluations, not a controlled budget."
MP-0141,A06,Pressure-noise sensitivity,complete_with_effort_and_single_seed_caveat,Hybrid ModalPINN,prior_physics_noise_00pct,Prior-assisted (clean pressure),cylinder pressure,32,uniform,True,0.0,v1_mode,v,amp_ratio,whole-domain,0.8647728395492775,dimensionless,ideal 1,raw_metric,absolute time; prediction and CFD reference aligned,verified_primary,modes_experiment/fresh_analysis/derived/a06_pressure_noise_summary.csv,"201-snapshot common-contract evaluation; v1 in the absolute-time convention (a perfect model scores rel_L2 0 and phase 0); optimizer effort 34643 L-BFGS evaluations, not a controlled budget."
MP-0142,A06,Pressure-noise sensitivity,complete_with_effort_and_single_seed_caveat,Hybrid ModalPINN,prior_physics_noise_00pct,Prior-assisted (clean pressure),cylinder pressure,32,uniform,True,0.0,v1_mode,v,corr,whole-domain,0.9371953098193957,dimensionless,ideal 1,raw_metric,absolute time; prediction and CFD reference aligned,verified_primary,modes_experiment/fresh_analysis/derived/a06_pressure_noise_summary.csv,"201-snapshot common-contract evaluation; v1 in the absolute-time convention (a perfect model scores rel_L2 0 and phase 0); optimizer effort 34643 L-BFGS evaluations, not a controlled budget."
MP-0143,A06,Pressure-noise sensitivity,complete_with_effort_and_single_seed_caveat,Hybrid ModalPINN,prior_physics_noise_00pct,Prior-assisted (clean pressure),cylinder pressure,32,uniform,True,0.0,v1_mode,v,phase_deg,whole-domain,-6.52661607589164,degrees,ideal phase 0 deg (absolute-time convention),raw_metric,absolute time; prediction and CFD reference aligned,verified_primary,modes_experiment/fresh_analysis/derived/a06_pressure_noise_summary.csv,"201-snapshot common-contract evaluation; v1 in the absolute-time convention (a perfect model scores rel_L2 0 and phase 0); optimizer effort 34643 L-BFGS evaluations, not a controlled budget."
MP-0144,A06,Pressure-noise sensitivity,complete_with_effort_and_single_seed_caveat,Hybrid ModalPINN,prior_physics_noise_00pct,Prior-assisted (clean pressure),cylinder pressure,32,uniform,True,0.0,v1_mode,v,learned_contribution,whole-domain,0.1077727753314035,dimensionless,analytical Karman prior alone,derived_metric,absolute time; prediction and CFD reference aligned,verified_primary,modes_experiment/fresh_analysis/derived/a06_pressure_noise_summary.csv; derived/a04_prior_only_metrics.json,"prior-alone rel_L2 minus arm rel_L2; positive means the network improved on the prior. 201-snapshot common-contract evaluation; v1 in the absolute-time convention (a perfect model scores rel_L2 0 and phase 0); optimizer effort 34643 L-BFGS evaluations, not a controlled budget."
MP-0145,A06,Pressure-noise sensitivity,complete_with_effort_and_single_seed_caveat,Hybrid ModalPINN,prior_physics_noise_01pct,Prior-assisted (1% pressure noise),cylinder pressure,32,uniform,True,1.0,field,u,rel_L2,near-cylinder,0.07373108714818954,dimensionless,CFD,raw_metric,not applicable,verified_primary,modes_experiment/fresh_analysis/derived/a06_pressure_noise_summary.csv,"201-snapshot common-contract evaluation; v1 in the absolute-time convention (a perfect model scores rel_L2 0 and phase 0); optimizer effort 5376 L-BFGS evaluations, not a controlled budget."
MP-0146,A06,Pressure-noise sensitivity,complete_with_effort_and_single_seed_caveat,Hybrid ModalPINN,prior_physics_noise_01pct,Prior-assisted (1% pressure noise),cylinder pressure,32,uniform,True,1.0,field,v,rel_L2,near-cylinder,0.10867218673229218,dimensionless,CFD,raw_metric,not applicable,verified_primary,modes_experiment/fresh_analysis/derived/a06_pressure_noise_summary.csv,"201-snapshot common-contract evaluation; v1 in the absolute-time convention (a perfect model scores rel_L2 0 and phase 0); optimizer effort 5376 L-BFGS evaluations, not a controlled budget."
MP-0147,A06,Pressure-noise sensitivity,complete_with_effort_and_single_seed_caveat,Hybrid ModalPINN,prior_physics_noise_01pct,Prior-assisted (1% pressure noise),cylinder pressure,32,uniform,True,1.0,field,p,rel_L2,near-cylinder,0.02000579424202442,dimensionless,CFD,raw_metric,not applicable,verified_primary,modes_experiment/fresh_analysis/derived/a06_pressure_noise_summary.csv,"201-snapshot common-contract evaluation; v1 in the absolute-time convention (a perfect model scores rel_L2 0 and phase 0); optimizer effort 5376 L-BFGS evaluations, not a controlled budget."
MP-0148,A06,Pressure-noise sensitivity,complete_with_effort_and_single_seed_caveat,Hybrid ModalPINN,prior_physics_noise_01pct,Prior-assisted (1% pressure noise),cylinder pressure,32,uniform,True,1.0,field,u,rel_L2,near-wake,0.17008616030216217,dimensionless,CFD,raw_metric,not applicable,verified_primary,modes_experiment/fresh_analysis/derived/a06_pressure_noise_summary.csv,"201-snapshot common-contract evaluation; v1 in the absolute-time convention (a perfect model scores rel_L2 0 and phase 0); optimizer effort 5376 L-BFGS evaluations, not a controlled budget."
MP-0149,A06,Pressure-noise sensitivity,complete_with_effort_and_single_seed_caveat,Hybrid ModalPINN,prior_physics_noise_01pct,Prior-assisted (1% pressure noise),cylinder pressure,32,uniform,True,1.0,field,v,rel_L2,near-wake,0.5298383235931396,dimensionless,CFD,raw_metric,not applicable,verified_primary,modes_experiment/fresh_analysis/derived/a06_pressure_noise_summary.csv,"201-snapshot common-contract evaluation; v1 in the absolute-time convention (a perfect model scores rel_L2 0 and phase 0); optimizer effort 5376 L-BFGS evaluations, not a controlled budget."
MP-0150,A06,Pressure-noise sensitivity,complete_with_effort_and_single_seed_caveat,Hybrid ModalPINN,prior_physics_noise_01pct,Prior-assisted (1% pressure noise),cylinder pressure,32,uniform,True,1.0,field,p,rel_L2,near-wake,0.3615548610687256,dimensionless,CFD,raw_metric,not applicable,verified_primary,modes_experiment/fresh_analysis/derived/a06_pressure_noise_summary.csv,"201-snapshot common-contract evaluation; v1 in the absolute-time convention (a perfect model scores rel_L2 0 and phase 0); optimizer effort 5376 L-BFGS evaluations, not a controlled budget."
MP-0151,A06,Pressure-noise sensitivity,complete_with_effort_and_single_seed_caveat,Hybrid ModalPINN,prior_physics_noise_01pct,Prior-assisted (1% pressure noise),cylinder pressure,32,uniform,True,1.0,field,u,rel_L2,far-wake,0.19777055084705353,dimensionless,CFD,raw_metric,not applicable,verified_primary,modes_experiment/fresh_analysis/derived/a06_pressure_noise_summary.csv,"201-snapshot common-contract evaluation; v1 in the absolute-time convention (a perfect model scores rel_L2 0 and phase 0); optimizer effort 5376 L-BFGS evaluations, not a controlled budget."
MP-0152,A06,Pressure-noise sensitivity,complete_with_effort_and_single_seed_caveat,Hybrid ModalPINN,prior_physics_noise_01pct,Prior-assisted (1% pressure noise),cylinder pressure,32,uniform,True,1.0,field,v,rel_L2,far-wake,0.45726364850997925,dimensionless,CFD,raw_metric,not applicable,verified_primary,modes_experiment/fresh_analysis/derived/a06_pressure_noise_summary.csv,"201-snapshot common-contract evaluation; v1 in the absolute-time convention (a perfect model scores rel_L2 0 and phase 0); optimizer effort 5376 L-BFGS evaluations, not a controlled budget."
MP-0153,A06,Pressure-noise sensitivity,complete_with_effort_and_single_seed_caveat,Hybrid ModalPINN,prior_physics_noise_01pct,Prior-assisted (1% pressure noise),cylinder pressure,32,uniform,True,1.0,field,p,rel_L2,far-wake,1.0677814483642578,dimensionless,CFD,raw_metric,not applicable,verified_primary,modes_experiment/fresh_analysis/derived/a06_pressure_noise_summary.csv,"201-snapshot common-contract evaluation; v1 in the absolute-time convention (a perfect model scores rel_L2 0 and phase 0); optimizer effort 5376 L-BFGS evaluations, not a controlled budget."
MP-0154,A06,Pressure-noise sensitivity,complete_with_effort_and_single_seed_caveat,Hybrid ModalPINN,prior_physics_noise_01pct,Prior-assisted (1% pressure noise),cylinder pressure,32,uniform,True,1.0,field,u,rel_L2,far-core,0.2304695099592209,dimensionless,CFD,raw_metric,not applicable,verified_primary,modes_experiment/fresh_analysis/derived/a06_pressure_noise_summary.csv,"201-snapshot common-contract evaluation; v1 in the absolute-time convention (a perfect model scores rel_L2 0 and phase 0); optimizer effort 5376 L-BFGS evaluations, not a controlled budget."
MP-0155,A06,Pressure-noise sensitivity,complete_with_effort_and_single_seed_caveat,Hybrid ModalPINN,prior_physics_noise_01pct,Prior-assisted (1% pressure noise),cylinder pressure,32,uniform,True,1.0,field,v,rel_L2,far-core,0.4294816255569458,dimensionless,CFD,raw_metric,not applicable,verified_primary,modes_experiment/fresh_analysis/derived/a06_pressure_noise_summary.csv,"201-snapshot common-contract evaluation; v1 in the absolute-time convention (a perfect model scores rel_L2 0 and phase 0); optimizer effort 5376 L-BFGS evaluations, not a controlled budget."
MP-0156,A06,Pressure-noise sensitivity,complete_with_effort_and_single_seed_caveat,Hybrid ModalPINN,prior_physics_noise_01pct,Prior-assisted (1% pressure noise),cylinder pressure,32,uniform,True,1.0,field,p,rel_L2,far-core,0.9905796647071838,dimensionless,CFD,raw_metric,not applicable,verified_primary,modes_experiment/fresh_analysis/derived/a06_pressure_noise_summary.csv,"201-snapshot common-contract evaluation; v1 in the absolute-time convention (a perfect model scores rel_L2 0 and phase 0); optimizer effort 5376 L-BFGS evaluations, not a controlled budget."
MP-0157,A06,Pressure-noise sensitivity,complete_with_effort_and_single_seed_caveat,Hybrid ModalPINN,prior_physics_noise_01pct,Prior-assisted (1% pressure noise),cylinder pressure,32,uniform,True,1.0,field,u,rel_L2,other,0.0572129525244236,dimensionless,CFD,raw_metric,not applicable,verified_primary,modes_experiment/fresh_analysis/derived/a06_pressure_noise_summary.csv,"201-snapshot common-contract evaluation; v1 in the absolute-time convention (a perfect model scores rel_L2 0 and phase 0); optimizer effort 5376 L-BFGS evaluations, not a controlled budget."
MP-0158,A06,Pressure-noise sensitivity,complete_with_effort_and_single_seed_caveat,Hybrid ModalPINN,prior_physics_noise_01pct,Prior-assisted (1% pressure noise),cylinder pressure,32,uniform,True,1.0,field,v,rel_L2,other,0.3909766674041748,dimensionless,CFD,raw_metric,not applicable,verified_primary,modes_experiment/fresh_analysis/derived/a06_pressure_noise_summary.csv,"201-snapshot common-contract evaluation; v1 in the absolute-time convention (a perfect model scores rel_L2 0 and phase 0); optimizer effort 5376 L-BFGS evaluations, not a controlled budget."
MP-0159,A06,Pressure-noise sensitivity,complete_with_effort_and_single_seed_caveat,Hybrid ModalPINN,prior_physics_noise_01pct,Prior-assisted (1% pressure noise),cylinder pressure,32,uniform,True,1.0,field,p,rel_L2,other,0.40695708990097046,dimensionless,CFD,raw_metric,not applicable,verified_primary,modes_experiment/fresh_analysis/derived/a06_pressure_noise_summary.csv,"201-snapshot common-contract evaluation; v1 in the absolute-time convention (a perfect model scores rel_L2 0 and phase 0); optimizer effort 5376 L-BFGS evaluations, not a controlled budget."
MP-0160,A06,Pressure-noise sensitivity,complete_with_effort_and_single_seed_caveat,Hybrid ModalPINN,prior_physics_noise_01pct,Prior-assisted (1% pressure noise),cylinder pressure,32,uniform,True,1.0,field,u,rel_L2,whole-domain,0.16344581544399261,dimensionless,CFD,raw_metric,not applicable,verified_primary,modes_experiment/fresh_analysis/derived/a06_pressure_noise_summary.csv,"201-snapshot common-contract evaluation; v1 in the absolute-time convention (a perfect model scores rel_L2 0 and phase 0); optimizer effort 5376 L-BFGS evaluations, not a controlled budget."
MP-0161,A06,Pressure-noise sensitivity,complete_with_effort_and_single_seed_caveat,Hybrid ModalPINN,prior_physics_noise_01pct,Prior-assisted (1% pressure noise),cylinder pressure,32,uniform,True,1.0,field,v,rel_L2,whole-domain,0.4013257622718811,dimensionless,CFD,raw_metric,not applicable,verified_primary,modes_experiment/fresh_analysis/derived/a06_pressure_noise_summary.csv,"201-snapshot common-contract evaluation; v1 in the absolute-time convention (a perfect model scores rel_L2 0 and phase 0); optimizer effort 5376 L-BFGS evaluations, not a controlled budget."
MP-0162,A06,Pressure-noise sensitivity,complete_with_effort_and_single_seed_caveat,Hybrid ModalPINN,prior_physics_noise_01pct,Prior-assisted (1% pressure noise),cylinder pressure,32,uniform,True,1.0,field,p,rel_L2,whole-domain,0.296927809715271,dimensionless,CFD,raw_metric,not applicable,verified_primary,modes_experiment/fresh_analysis/derived/a06_pressure_noise_summary.csv,"201-snapshot common-contract evaluation; v1 in the absolute-time convention (a perfect model scores rel_L2 0 and phase 0); optimizer effort 5376 L-BFGS evaluations, not a controlled budget."
MP-0163,A06,Pressure-noise sensitivity,complete_with_effort_and_single_seed_caveat,Hybrid ModalPINN,prior_physics_noise_01pct,Prior-assisted (1% pressure noise),cylinder pressure,32,uniform,True,1.0,v1_mode,v,rel_L2,near-cylinder,0.6999103834236227,dimensionless,CFD,raw_metric,absolute time; prediction and CFD reference aligned,verified_primary,modes_experiment/fresh_analysis/derived/a06_pressure_noise_summary.csv,"201-snapshot common-contract evaluation; v1 in the absolute-time convention (a perfect model scores rel_L2 0 and phase 0); optimizer effort 5376 L-BFGS evaluations, not a controlled budget."
MP-0164,A06,Pressure-noise sensitivity,complete_with_effort_and_single_seed_caveat,Hybrid ModalPINN,prior_physics_noise_01pct,Prior-assisted (1% pressure noise),cylinder pressure,32,uniform,True,1.0,v1_mode,v,amp_ratio,near-cylinder,0.6084748092946866,dimensionless,ideal 1,raw_metric,absolute time; prediction and CFD reference aligned,verified_primary,modes_experiment/fresh_analysis/derived/a06_pressure_noise_summary.csv,"201-snapshot common-contract evaluation; v1 in the absolute-time convention (a perfect model scores rel_L2 0 and phase 0); optimizer effort 5376 L-BFGS evaluations, not a controlled budget."
MP-0165,A06,Pressure-noise sensitivity,complete_with_effort_and_single_seed_caveat,Hybrid ModalPINN,prior_physics_noise_01pct,Prior-assisted (1% pressure noise),cylinder pressure,32,uniform,True,1.0,v1_mode,v,corr,near-cylinder,0.7518662120288071,dimensionless,ideal 1,raw_metric,absolute time; prediction and CFD reference aligned,verified_primary,modes_experiment/fresh_analysis/derived/a06_pressure_noise_summary.csv,"201-snapshot common-contract evaluation; v1 in the absolute-time convention (a perfect model scores rel_L2 0 and phase 0); optimizer effort 5376 L-BFGS evaluations, not a controlled budget."
MP-0166,A06,Pressure-noise sensitivity,complete_with_effort_and_single_seed_caveat,Hybrid ModalPINN,prior_physics_noise_01pct,Prior-assisted (1% pressure noise),cylinder pressure,32,uniform,True,1.0,v1_mode,v,phase_deg,near-cylinder,-15.81065529549928,degrees,ideal phase 0 deg (absolute-time convention),raw_metric,absolute time; prediction and CFD reference aligned,verified_primary,modes_experiment/fresh_analysis/derived/a06_pressure_noise_summary.csv,"201-snapshot common-contract evaluation; v1 in the absolute-time convention (a perfect model scores rel_L2 0 and phase 0); optimizer effort 5376 L-BFGS evaluations, not a controlled budget."
MP-0167,A06,Pressure-noise sensitivity,complete_with_effort_and_single_seed_caveat,Hybrid ModalPINN,prior_physics_noise_01pct,Prior-assisted (1% pressure noise),cylinder pressure,32,uniform,True,1.0,v1_mode,v,learned_contribution,near-cylinder,0.672299882993747,dimensionless,analytical Karman prior alone,derived_metric,absolute time; prediction and CFD reference aligned,verified_primary,modes_experiment/fresh_analysis/derived/a06_pressure_noise_summary.csv; derived/a04_prior_only_metrics.json,"prior-alone rel_L2 minus arm rel_L2; positive means the network improved on the prior. 201-snapshot common-contract evaluation; v1 in the absolute-time convention (a perfect model scores rel_L2 0 and phase 0); optimizer effort 5376 L-BFGS evaluations, not a controlled budget."
MP-0168,A06,Pressure-noise sensitivity,complete_with_effort_and_single_seed_caveat,Hybrid ModalPINN,prior_physics_noise_01pct,Prior-assisted (1% pressure noise),cylinder pressure,32,uniform,True,1.0,v1_mode,v,rel_L2,near-wake,0.44878696617869035,dimensionless,CFD,raw_metric,absolute time; prediction and CFD reference aligned,verified_primary,modes_experiment/fresh_analysis/derived/a06_pressure_noise_summary.csv,"201-snapshot common-contract evaluation; v1 in the absolute-time convention (a perfect model scores rel_L2 0 and phase 0); optimizer effort 5376 L-BFGS evaluations, not a controlled budget."
MP-0169,A06,Pressure-noise sensitivity,complete_with_effort_and_single_seed_caveat,Hybrid ModalPINN,prior_physics_noise_01pct,Prior-assisted (1% pressure noise),cylinder pressure,32,uniform,True,1.0,v1_mode,v,amp_ratio,near-wake,0.8928871173386282,dimensionless,ideal 1,raw_metric,absolute time; prediction and CFD reference aligned,verified_primary,modes_experiment/fresh_analysis/derived/a06_pressure_noise_summary.csv,"201-snapshot common-contract evaluation; v1 in the absolute-time convention (a perfect model scores rel_L2 0 and phase 0); optimizer effort 5376 L-BFGS evaluations, not a controlled budget."
MP-0170,A06,Pressure-noise sensitivity,complete_with_effort_and_single_seed_caveat,Hybrid ModalPINN,prior_physics_noise_01pct,Prior-assisted (1% pressure noise),cylinder pressure,32,uniform,True,1.0,v1_mode,v,corr,near-wake,0.9304627814251119,dimensionless,ideal 1,raw_metric,absolute time; prediction and CFD reference aligned,verified_primary,modes_experiment/fresh_analysis/derived/a06_pressure_noise_summary.csv,"201-snapshot common-contract evaluation; v1 in the absolute-time convention (a perfect model scores rel_L2 0 and phase 0); optimizer effort 5376 L-BFGS evaluations, not a controlled budget."
MP-0171,A06,Pressure-noise sensitivity,complete_with_effort_and_single_seed_caveat,Hybrid ModalPINN,prior_physics_noise_01pct,Prior-assisted (1% pressure noise),cylinder pressure,32,uniform,True,1.0,v1_mode,v,phase_deg,near-wake,-16.173148811783793,degrees,ideal phase 0 deg (absolute-time convention),raw_metric,absolute time; prediction and CFD reference aligned,verified_primary,modes_experiment/fresh_analysis/derived/a06_pressure_noise_summary.csv,"201-snapshot common-contract evaluation; v1 in the absolute-time convention (a perfect model scores rel_L2 0 and phase 0); optimizer effort 5376 L-BFGS evaluations, not a controlled budget."
MP-0172,A06,Pressure-noise sensitivity,complete_with_effort_and_single_seed_caveat,Hybrid ModalPINN,prior_physics_noise_01pct,Prior-assisted (1% pressure noise),cylinder pressure,32,uniform,True,1.0,v1_mode,v,learned_contribution,near-wake,0.24703538612198267,dimensionless,analytical Karman prior alone,derived_metric,absolute time; prediction and CFD reference aligned,verified_primary,modes_experiment/fresh_analysis/derived/a06_pressure_noise_summary.csv; derived/a04_prior_only_metrics.json,"prior-alone rel_L2 minus arm rel_L2; positive means the network improved on the prior. 201-snapshot common-contract evaluation; v1 in the absolute-time convention (a perfect model scores rel_L2 0 and phase 0); optimizer effort 5376 L-BFGS evaluations, not a controlled budget."
MP-0173,A06,Pressure-noise sensitivity,complete_with_effort_and_single_seed_caveat,Hybrid ModalPINN,prior_physics_noise_01pct,Prior-assisted (1% pressure noise),cylinder pressure,32,uniform,True,1.0,v1_mode,v,rel_L2,far-wake,0.32750394083486484,dimensionless,CFD,raw_metric,absolute time; prediction and CFD reference aligned,verified_primary,modes_experiment/fresh_analysis/derived/a06_pressure_noise_summary.csv,"201-snapshot common-contract evaluation; v1 in the absolute-time convention (a perfect model scores rel_L2 0 and phase 0); optimizer effort 5376 L-BFGS evaluations, not a controlled budget."
MP-0174,A06,Pressure-noise sensitivity,complete_with_effort_and_single_seed_caveat,Hybrid ModalPINN,prior_physics_noise_01pct,Prior-assisted (1% pressure noise),cylinder pressure,32,uniform,True,1.0,v1_mode,v,amp_ratio,far-wake,0.8113977736232508,dimensionless,ideal 1,raw_metric,absolute time; prediction and CFD reference aligned,verified_primary,modes_experiment/fresh_analysis/derived/a06_pressure_noise_summary.csv,"201-snapshot common-contract evaluation; v1 in the absolute-time convention (a perfect model scores rel_L2 0 and phase 0); optimizer effort 5376 L-BFGS evaluations, not a controlled budget."
MP-0175,A06,Pressure-noise sensitivity,complete_with_effort_and_single_seed_caveat,Hybrid ModalPINN,prior_physics_noise_01pct,Prior-assisted (1% pressure noise),cylinder pressure,32,uniform,True,1.0,v1_mode,v,corr,far-wake,0.9676859042948462,dimensionless,ideal 1,raw_metric,absolute time; prediction and CFD reference aligned,verified_primary,modes_experiment/fresh_analysis/derived/a06_pressure_noise_summary.csv,"201-snapshot common-contract evaluation; v1 in the absolute-time convention (a perfect model scores rel_L2 0 and phase 0); optimizer effort 5376 L-BFGS evaluations, not a controlled budget."
MP-0176,A06,Pressure-noise sensitivity,complete_with_effort_and_single_seed_caveat,Hybrid ModalPINN,prior_physics_noise_01pct,Prior-assisted (1% pressure noise),cylinder pressure,32,uniform,True,1.0,v1_mode,v,phase_deg,far-wake,-8.98019266938192,degrees,ideal phase 0 deg (absolute-time convention),raw_metric,absolute time; prediction and CFD reference aligned,verified_primary,modes_experiment/fresh_analysis/derived/a06_pressure_noise_summary.csv,"201-snapshot common-contract evaluation; v1 in the absolute-time convention (a perfect model scores rel_L2 0 and phase 0); optimizer effort 5376 L-BFGS evaluations, not a controlled budget."
MP-0177,A06,Pressure-noise sensitivity,complete_with_effort_and_single_seed_caveat,Hybrid ModalPINN,prior_physics_noise_01pct,Prior-assisted (1% pressure noise),cylinder pressure,32,uniform,True,1.0,v1_mode,v,learned_contribution,far-wake,-0.04247349773435416,dimensionless,analytical Karman prior alone,derived_metric,absolute time; prediction and CFD reference aligned,verified_primary,modes_experiment/fresh_analysis/derived/a06_pressure_noise_summary.csv; derived/a04_prior_only_metrics.json,"prior-alone rel_L2 minus arm rel_L2; positive means the network improved on the prior. 201-snapshot common-contract evaluation; v1 in the absolute-time convention (a perfect model scores rel_L2 0 and phase 0); optimizer effort 5376 L-BFGS evaluations, not a controlled budget."
MP-0178,A06,Pressure-noise sensitivity,complete_with_effort_and_single_seed_caveat,Hybrid ModalPINN,prior_physics_noise_01pct,Prior-assisted (1% pressure noise),cylinder pressure,32,uniform,True,1.0,v1_mode,v,rel_L2,far-core,0.3249072452981911,dimensionless,CFD,raw_metric,absolute time; prediction and CFD reference aligned,verified_primary,modes_experiment/fresh_analysis/derived/a06_pressure_noise_summary.csv,"201-snapshot common-contract evaluation; v1 in the absolute-time convention (a perfect model scores rel_L2 0 and phase 0); optimizer effort 5376 L-BFGS evaluations, not a controlled budget."
MP-0179,A06,Pressure-noise sensitivity,complete_with_effort_and_single_seed_caveat,Hybrid ModalPINN,prior_physics_noise_01pct,Prior-assisted (1% pressure noise),cylinder pressure,32,uniform,True,1.0,v1_mode,v,amp_ratio,far-core,0.8110603267772551,dimensionless,ideal 1,raw_metric,absolute time; prediction and CFD reference aligned,verified_primary,modes_experiment/fresh_analysis/derived/a06_pressure_noise_summary.csv,"201-snapshot common-contract evaluation; v1 in the absolute-time convention (a perfect model scores rel_L2 0 and phase 0); optimizer effort 5376 L-BFGS evaluations, not a controlled budget."
MP-0180,A06,Pressure-noise sensitivity,complete_with_effort_and_single_seed_caveat,Hybrid ModalPINN,prior_physics_noise_01pct,Prior-assisted (1% pressure noise),cylinder pressure,32,uniform,True,1.0,v1_mode,v,corr,far-core,0.9693862586189862,dimensionless,ideal 1,raw_metric,absolute time; prediction and CFD reference aligned,verified_primary,modes_experiment/fresh_analysis/derived/a06_pressure_noise_summary.csv,"201-snapshot common-contract evaluation; v1 in the absolute-time convention (a perfect model scores rel_L2 0 and phase 0); optimizer effort 5376 L-BFGS evaluations, not a controlled budget."
MP-0181,A06,Pressure-noise sensitivity,complete_with_effort_and_single_seed_caveat,Hybrid ModalPINN,prior_physics_noise_01pct,Prior-assisted (1% pressure noise),cylinder pressure,32,uniform,True,1.0,v1_mode,v,phase_deg,far-core,-9.195351535111259,degrees,ideal phase 0 deg (absolute-time convention),raw_metric,absolute time; prediction and CFD reference aligned,verified_primary,modes_experiment/fresh_analysis/derived/a06_pressure_noise_summary.csv,"201-snapshot common-contract evaluation; v1 in the absolute-time convention (a perfect model scores rel_L2 0 and phase 0); optimizer effort 5376 L-BFGS evaluations, not a controlled budget."
MP-0182,A06,Pressure-noise sensitivity,complete_with_effort_and_single_seed_caveat,Hybrid ModalPINN,prior_physics_noise_01pct,Prior-assisted (1% pressure noise),cylinder pressure,32,uniform,True,1.0,v1_mode,v,learned_contribution,far-core,-0.04297851361435462,dimensionless,analytical Karman prior alone,derived_metric,absolute time; prediction and CFD reference aligned,verified_primary,modes_experiment/fresh_analysis/derived/a06_pressure_noise_summary.csv; derived/a04_prior_only_metrics.json,"prior-alone rel_L2 minus arm rel_L2; positive means the network improved on the prior. 201-snapshot common-contract evaluation; v1 in the absolute-time convention (a perfect model scores rel_L2 0 and phase 0); optimizer effort 5376 L-BFGS evaluations, not a controlled budget."
MP-0183,A06,Pressure-noise sensitivity,complete_with_effort_and_single_seed_caveat,Hybrid ModalPINN,prior_physics_noise_01pct,Prior-assisted (1% pressure noise),cylinder pressure,32,uniform,True,1.0,v1_mode,v,rel_L2,other,9.978337335012958,dimensionless,CFD,raw_metric,absolute time; prediction and CFD reference aligned,verified_primary,modes_experiment/fresh_analysis/derived/a06_pressure_noise_summary.csv,"201-snapshot common-contract evaluation; v1 in the absolute-time convention (a perfect model scores rel_L2 0 and phase 0); optimizer effort 5376 L-BFGS evaluations, not a controlled budget."
MP-0184,A06,Pressure-noise sensitivity,complete_with_effort_and_single_seed_caveat,Hybrid ModalPINN,prior_physics_noise_01pct,Prior-assisted (1% pressure noise),cylinder pressure,32,uniform,True,1.0,v1_mode,v,amp_ratio,other,10.364851180213302,dimensionless,ideal 1,raw_metric,absolute time; prediction and CFD reference aligned,verified_primary,modes_experiment/fresh_analysis/derived/a06_pressure_noise_summary.csv,"201-snapshot common-contract evaluation; v1 in the absolute-time convention (a perfect model scores rel_L2 0 and phase 0); optimizer effort 5376 L-BFGS evaluations, not a controlled budget."
MP-0185,A06,Pressure-noise sensitivity,complete_with_effort_and_single_seed_caveat,Hybrid ModalPINN,prior_physics_noise_01pct,Prior-assisted (1% pressure noise),cylinder pressure,32,uniform,True,1.0,v1_mode,v,corr,other,0.47685145370807236,dimensionless,ideal 1,raw_metric,absolute time; prediction and CFD reference aligned,verified_primary,modes_experiment/fresh_analysis/derived/a06_pressure_noise_summary.csv,"201-snapshot common-contract evaluation; v1 in the absolute-time convention (a perfect model scores rel_L2 0 and phase 0); optimizer effort 5376 L-BFGS evaluations, not a controlled budget."
MP-0186,A06,Pressure-noise sensitivity,complete_with_effort_and_single_seed_caveat,Hybrid ModalPINN,prior_physics_noise_01pct,Prior-assisted (1% pressure noise),cylinder pressure,32,uniform,True,1.0,v1_mode,v,phase_deg,other,26.284745229539226,degrees,ideal phase 0 deg (absolute-time convention),raw_metric,absolute time; prediction and CFD reference aligned,verified_primary,modes_experiment/fresh_analysis/derived/a06_pressure_noise_summary.csv,"201-snapshot common-contract evaluation; v1 in the absolute-time convention (a perfect model scores rel_L2 0 and phase 0); optimizer effort 5376 L-BFGS evaluations, not a controlled budget."
MP-0187,A06,Pressure-noise sensitivity,complete_with_effort_and_single_seed_caveat,Hybrid ModalPINN,prior_physics_noise_01pct,Prior-assisted (1% pressure noise),cylinder pressure,32,uniform,True,1.0,v1_mode,v,learned_contribution,other,-9.114663690593268,dimensionless,analytical Karman prior alone,derived_metric,absolute time; prediction and CFD reference aligned,verified_primary,modes_experiment/fresh_analysis/derived/a06_pressure_noise_summary.csv; derived/a04_prior_only_metrics.json,"prior-alone rel_L2 minus arm rel_L2; positive means the network improved on the prior. 201-snapshot common-contract evaluation; v1 in the absolute-time convention (a perfect model scores rel_L2 0 and phase 0); optimizer effort 5376 L-BFGS evaluations, not a controlled budget."
MP-0188,A06,Pressure-noise sensitivity,complete_with_effort_and_single_seed_caveat,Hybrid ModalPINN,prior_physics_noise_01pct,Prior-assisted (1% pressure noise),cylinder pressure,32,uniform,True,1.0,v1_mode,v,rel_L2,whole-domain,0.40752948311166604,dimensionless,CFD,raw_metric,absolute time; prediction and CFD reference aligned,verified_primary,modes_experiment/fresh_analysis/derived/a06_pressure_noise_summary.csv,"201-snapshot common-contract evaluation; v1 in the absolute-time convention (a perfect model scores rel_L2 0 and phase 0); optimizer effort 5376 L-BFGS evaluations, not a controlled budget."
MP-0189,A06,Pressure-noise sensitivity,complete_with_effort_and_single_seed_caveat,Hybrid ModalPINN,prior_physics_noise_01pct,Prior-assisted (1% pressure noise),cylinder pressure,32,uniform,True,1.0,v1_mode,v,amp_ratio,whole-domain,0.8516581303594639,dimensionless,ideal 1,raw_metric,absolute time; prediction and CFD reference aligned,verified_primary,modes_experiment/fresh_analysis/derived/a06_pressure_noise_summary.csv,"201-snapshot common-contract evaluation; v1 in the absolute-time convention (a perfect model scores rel_L2 0 and phase 0); optimizer effort 5376 L-BFGS evaluations, not a controlled budget."
MP-0190,A06,Pressure-noise sensitivity,complete_with_effort_and_single_seed_caveat,Hybrid ModalPINN,prior_physics_noise_01pct,Prior-assisted (1% pressure noise),cylinder pressure,32,uniform,True,1.0,v1_mode,v,corr,whole-domain,0.9336156017305978,dimensionless,ideal 1,raw_metric,absolute time; prediction and CFD reference aligned,verified_primary,modes_experiment/fresh_analysis/derived/a06_pressure_noise_summary.csv,"201-snapshot common-contract evaluation; v1 in the absolute-time convention (a perfect model scores rel_L2 0 and phase 0); optimizer effort 5376 L-BFGS evaluations, not a controlled budget."
MP-0191,A06,Pressure-noise sensitivity,complete_with_effort_and_single_seed_caveat,Hybrid ModalPINN,prior_physics_noise_01pct,Prior-assisted (1% pressure noise),cylinder pressure,32,uniform,True,1.0,v1_mode,v,phase_deg,whole-domain,-11.331940087529448,degrees,ideal phase 0 deg (absolute-time convention),raw_metric,absolute time; prediction and CFD reference aligned,verified_primary,modes_experiment/fresh_analysis/derived/a06_pressure_noise_summary.csv,"201-snapshot common-contract evaluation; v1 in the absolute-time convention (a perfect model scores rel_L2 0 and phase 0); optimizer effort 5376 L-BFGS evaluations, not a controlled budget."
MP-0192,A06,Pressure-noise sensitivity,complete_with_effort_and_single_seed_caveat,Hybrid ModalPINN,prior_physics_noise_01pct,Prior-assisted (1% pressure noise),cylinder pressure,32,uniform,True,1.0,v1_mode,v,learned_contribution,whole-domain,0.07093845024124301,dimensionless,analytical Karman prior alone,derived_metric,absolute time; prediction and CFD reference aligned,verified_primary,modes_experiment/fresh_analysis/derived/a06_pressure_noise_summary.csv; derived/a04_prior_only_metrics.json,"prior-alone rel_L2 minus arm rel_L2; positive means the network improved on the prior. 201-snapshot common-contract evaluation; v1 in the absolute-time convention (a perfect model scores rel_L2 0 and phase 0); optimizer effort 5376 L-BFGS evaluations, not a controlled budget."
MP-0193,A06,Pressure-noise sensitivity,complete_with_effort_and_single_seed_caveat,Hybrid ModalPINN,prior_physics_noise_05pct,Prior-assisted (5% pressure noise),cylinder pressure,32,uniform,True,5.0,field,u,rel_L2,near-cylinder,0.06289372593164444,dimensionless,CFD,raw_metric,not applicable,verified_primary,modes_experiment/fresh_analysis/derived/a06_pressure_noise_summary.csv,"201-snapshot common-contract evaluation; v1 in the absolute-time convention (a perfect model scores rel_L2 0 and phase 0); optimizer effort 12047 L-BFGS evaluations, not a controlled budget."
MP-0194,A06,Pressure-noise sensitivity,complete_with_effort_and_single_seed_caveat,Hybrid ModalPINN,prior_physics_noise_05pct,Prior-assisted (5% pressure noise),cylinder pressure,32,uniform,True,5.0,field,v,rel_L2,near-cylinder,0.09839047491550446,dimensionless,CFD,raw_metric,not applicable,verified_primary,modes_experiment/fresh_analysis/derived/a06_pressure_noise_summary.csv,"201-snapshot common-contract evaluation; v1 in the absolute-time convention (a perfect model scores rel_L2 0 and phase 0); optimizer effort 12047 L-BFGS evaluations, not a controlled budget."
MP-0195,A06,Pressure-noise sensitivity,complete_with_effort_and_single_seed_caveat,Hybrid ModalPINN,prior_physics_noise_05pct,Prior-assisted (5% pressure noise),cylinder pressure,32,uniform,True,5.0,field,p,rel_L2,near-cylinder,0.017139922827482224,dimensionless,CFD,raw_metric,not applicable,verified_primary,modes_experiment/fresh_analysis/derived/a06_pressure_noise_summary.csv,"201-snapshot common-contract evaluation; v1 in the absolute-time convention (a perfect model scores rel_L2 0 and phase 0); optimizer effort 12047 L-BFGS evaluations, not a controlled budget."
MP-0196,A06,Pressure-noise sensitivity,complete_with_effort_and_single_seed_caveat,Hybrid ModalPINN,prior_physics_noise_05pct,Prior-assisted (5% pressure noise),cylinder pressure,32,uniform,True,5.0,field,u,rel_L2,near-wake,0.15660448372364044,dimensionless,CFD,raw_metric,not applicable,verified_primary,modes_experiment/fresh_analysis/derived/a06_pressure_noise_summary.csv,"201-snapshot common-contract evaluation; v1 in the absolute-time convention (a perfect model scores rel_L2 0 and phase 0); optimizer effort 12047 L-BFGS evaluations, not a controlled budget."
MP-0197,A06,Pressure-noise sensitivity,complete_with_effort_and_single_seed_caveat,Hybrid ModalPINN,prior_physics_noise_05pct,Prior-assisted (5% pressure noise),cylinder pressure,32,uniform,True,5.0,field,v,rel_L2,near-wake,0.5128588080406189,dimensionless,CFD,raw_metric,not applicable,verified_primary,modes_experiment/fresh_analysis/derived/a06_pressure_noise_summary.csv,"201-snapshot common-contract evaluation; v1 in the absolute-time convention (a perfect model scores rel_L2 0 and phase 0); optimizer effort 12047 L-BFGS evaluations, not a controlled budget."
MP-0198,A06,Pressure-noise sensitivity,complete_with_effort_and_single_seed_caveat,Hybrid ModalPINN,prior_physics_noise_05pct,Prior-assisted (5% pressure noise),cylinder pressure,32,uniform,True,5.0,field,p,rel_L2,near-wake,0.35345929861068726,dimensionless,CFD,raw_metric,not applicable,verified_primary,modes_experiment/fresh_analysis/derived/a06_pressure_noise_summary.csv,"201-snapshot common-contract evaluation; v1 in the absolute-time convention (a perfect model scores rel_L2 0 and phase 0); optimizer effort 12047 L-BFGS evaluations, not a controlled budget."
MP-0199,A06,Pressure-noise sensitivity,complete_with_effort_and_single_seed_caveat,Hybrid ModalPINN,prior_physics_noise_05pct,Prior-assisted (5% pressure noise),cylinder pressure,32,uniform,True,5.0,field,u,rel_L2,far-wake,0.17741991579532623,dimensionless,CFD,raw_metric,not applicable,verified_primary,modes_experiment/fresh_analysis/derived/a06_pressure_noise_summary.csv,"201-snapshot common-contract evaluation; v1 in the absolute-time convention (a perfect model scores rel_L2 0 and phase 0); optimizer effort 12047 L-BFGS evaluations, not a controlled budget."
MP-0200,A06,Pressure-noise sensitivity,complete_with_effort_and_single_seed_caveat,Hybrid ModalPINN,prior_physics_noise_05pct,Prior-assisted (5% pressure noise),cylinder pressure,32,uniform,True,5.0,field,v,rel_L2,far-wake,0.4179736375808716,dimensionless,CFD,raw_metric,not applicable,verified_primary,modes_experiment/fresh_analysis/derived/a06_pressure_noise_summary.csv,"201-snapshot common-contract evaluation; v1 in the absolute-time convention (a perfect model scores rel_L2 0 and phase 0); optimizer effort 12047 L-BFGS evaluations, not a controlled budget."
MP-0201,A06,Pressure-noise sensitivity,complete_with_effort_and_single_seed_caveat,Hybrid ModalPINN,prior_physics_noise_05pct,Prior-assisted (5% pressure noise),cylinder pressure,32,uniform,True,5.0,field,p,rel_L2,far-wake,1.1285940408706665,dimensionless,CFD,raw_metric,not applicable,verified_primary,modes_experiment/fresh_analysis/derived/a06_pressure_noise_summary.csv,"201-snapshot common-contract evaluation; v1 in the absolute-time convention (a perfect model scores rel_L2 0 and phase 0); optimizer effort 12047 L-BFGS evaluations, not a controlled budget."
MP-0202,A06,Pressure-noise sensitivity,complete_with_effort_and_single_seed_caveat,Hybrid ModalPINN,prior_physics_noise_05pct,Prior-assisted (5% pressure noise),cylinder pressure,32,uniform,True,5.0,field,u,rel_L2,far-core,0.2050587683916092,dimensionless,CFD,raw_metric,not applicable,verified_primary,modes_experiment/fresh_analysis/derived/a06_pressure_noise_summary.csv,"201-snapshot common-contract evaluation; v1 in the absolute-time convention (a perfect model scores rel_L2 0 and phase 0); optimizer effort 12047 L-BFGS evaluations, not a controlled budget."
MP-0203,A06,Pressure-noise sensitivity,complete_with_effort_and_single_seed_caveat,Hybrid ModalPINN,prior_physics_noise_05pct,Prior-assisted (5% pressure noise),cylinder pressure,32,uniform,True,5.0,field,v,rel_L2,far-core,0.39045074582099915,dimensionless,CFD,raw_metric,not applicable,verified_primary,modes_experiment/fresh_analysis/derived/a06_pressure_noise_summary.csv,"201-snapshot common-contract evaluation; v1 in the absolute-time convention (a perfect model scores rel_L2 0 and phase 0); optimizer effort 12047 L-BFGS evaluations, not a controlled budget."
MP-0204,A06,Pressure-noise sensitivity,complete_with_effort_and_single_seed_caveat,Hybrid ModalPINN,prior_physics_noise_05pct,Prior-assisted (5% pressure noise),cylinder pressure,32,uniform,True,5.0,field,p,rel_L2,far-core,1.018853783607483,dimensionless,CFD,raw_metric,not applicable,verified_primary,modes_experiment/fresh_analysis/derived/a06_pressure_noise_summary.csv,"201-snapshot common-contract evaluation; v1 in the absolute-time convention (a perfect model scores rel_L2 0 and phase 0); optimizer effort 12047 L-BFGS evaluations, not a controlled budget."
MP-0205,A06,Pressure-noise sensitivity,complete_with_effort_and_single_seed_caveat,Hybrid ModalPINN,prior_physics_noise_05pct,Prior-assisted (5% pressure noise),cylinder pressure,32,uniform,True,5.0,field,u,rel_L2,other,0.0621359720826149,dimensionless,CFD,raw_metric,not applicable,verified_primary,modes_experiment/fresh_analysis/derived/a06_pressure_noise_summary.csv,"201-snapshot common-contract evaluation; v1 in the absolute-time convention (a perfect model scores rel_L2 0 and phase 0); optimizer effort 12047 L-BFGS evaluations, not a controlled budget."
MP-0206,A06,Pressure-noise sensitivity,complete_with_effort_and_single_seed_caveat,Hybrid ModalPINN,prior_physics_noise_05pct,Prior-assisted (5% pressure noise),cylinder pressure,32,uniform,True,5.0,field,v,rel_L2,other,0.41323941946029663,dimensionless,CFD,raw_metric,not applicable,verified_primary,modes_experiment/fresh_analysis/derived/a06_pressure_noise_summary.csv,"201-snapshot common-contract evaluation; v1 in the absolute-time convention (a perfect model scores rel_L2 0 and phase 0); optimizer effort 12047 L-BFGS evaluations, not a controlled budget."
MP-0207,A06,Pressure-noise sensitivity,complete_with_effort_and_single_seed_caveat,Hybrid ModalPINN,prior_physics_noise_05pct,Prior-assisted (5% pressure noise),cylinder pressure,32,uniform,True,5.0,field,p,rel_L2,other,0.4176536500453949,dimensionless,CFD,raw_metric,not applicable,verified_primary,modes_experiment/fresh_analysis/derived/a06_pressure_noise_summary.csv,"201-snapshot common-contract evaluation; v1 in the absolute-time convention (a perfect model scores rel_L2 0 and phase 0); optimizer effort 12047 L-BFGS evaluations, not a controlled budget."
MP-0208,A06,Pressure-noise sensitivity,complete_with_effort_and_single_seed_caveat,Hybrid ModalPINN,prior_physics_noise_05pct,Prior-assisted (5% pressure noise),cylinder pressure,32,uniform,True,5.0,field,u,rel_L2,whole-domain,0.14874812960624695,dimensionless,CFD,raw_metric,not applicable,verified_primary,modes_experiment/fresh_analysis/derived/a06_pressure_noise_summary.csv,"201-snapshot common-contract evaluation; v1 in the absolute-time convention (a perfect model scores rel_L2 0 and phase 0); optimizer effort 12047 L-BFGS evaluations, not a controlled budget."
MP-0209,A06,Pressure-noise sensitivity,complete_with_effort_and_single_seed_caveat,Hybrid ModalPINN,prior_physics_noise_05pct,Prior-assisted (5% pressure noise),cylinder pressure,32,uniform,True,5.0,field,v,rel_L2,whole-domain,0.3803679943084717,dimensionless,CFD,raw_metric,not applicable,verified_primary,modes_experiment/fresh_analysis/derived/a06_pressure_noise_summary.csv,"201-snapshot common-contract evaluation; v1 in the absolute-time convention (a perfect model scores rel_L2 0 and phase 0); optimizer effort 12047 L-BFGS evaluations, not a controlled budget."
MP-0210,A06,Pressure-noise sensitivity,complete_with_effort_and_single_seed_caveat,Hybrid ModalPINN,prior_physics_noise_05pct,Prior-assisted (5% pressure noise),cylinder pressure,32,uniform,True,5.0,field,p,rel_L2,whole-domain,0.3033050000667572,dimensionless,CFD,raw_metric,not applicable,verified_primary,modes_experiment/fresh_analysis/derived/a06_pressure_noise_summary.csv,"201-snapshot common-contract evaluation; v1 in the absolute-time convention (a perfect model scores rel_L2 0 and phase 0); optimizer effort 12047 L-BFGS evaluations, not a controlled budget."
MP-0211,A06,Pressure-noise sensitivity,complete_with_effort_and_single_seed_caveat,Hybrid ModalPINN,prior_physics_noise_05pct,Prior-assisted (5% pressure noise),cylinder pressure,32,uniform,True,5.0,v1_mode,v,rel_L2,near-cylinder,0.6544942735235596,dimensionless,CFD,raw_metric,absolute time; prediction and CFD reference aligned,verified_primary,modes_experiment/fresh_analysis/derived/a06_pressure_noise_summary.csv,"201-snapshot common-contract evaluation; v1 in the absolute-time convention (a perfect model scores rel_L2 0 and phase 0); optimizer effort 12047 L-BFGS evaluations, not a controlled budget."
MP-0212,A06,Pressure-noise sensitivity,complete_with_effort_and_single_seed_caveat,Hybrid ModalPINN,prior_physics_noise_05pct,Prior-assisted (5% pressure noise),cylinder pressure,32,uniform,True,5.0,v1_mode,v,amp_ratio,near-cylinder,0.6579906034251627,dimensionless,ideal 1,raw_metric,absolute time; prediction and CFD reference aligned,verified_primary,modes_experiment/fresh_analysis/derived/a06_pressure_noise_summary.csv,"201-snapshot common-contract evaluation; v1 in the absolute-time convention (a perfect model scores rel_L2 0 and phase 0); optimizer effort 12047 L-BFGS evaluations, not a controlled budget."
MP-0213,A06,Pressure-noise sensitivity,complete_with_effort_and_single_seed_caveat,Hybrid ModalPINN,prior_physics_noise_05pct,Prior-assisted (5% pressure noise),cylinder pressure,32,uniform,True,5.0,v1_mode,v,corr,near-cylinder,0.7769054187135748,dimensionless,ideal 1,raw_metric,absolute time; prediction and CFD reference aligned,verified_primary,modes_experiment/fresh_analysis/derived/a06_pressure_noise_summary.csv,"201-snapshot common-contract evaluation; v1 in the absolute-time convention (a perfect model scores rel_L2 0 and phase 0); optimizer effort 12047 L-BFGS evaluations, not a controlled budget."
MP-0214,A06,Pressure-noise sensitivity,complete_with_effort_and_single_seed_caveat,Hybrid ModalPINN,prior_physics_noise_05pct,Prior-assisted (5% pressure noise),cylinder pressure,32,uniform,True,5.0,v1_mode,v,phase_deg,near-cylinder,-10.708296256981402,degrees,ideal phase 0 deg (absolute-time convention),raw_metric,absolute time; prediction and CFD reference aligned,verified_primary,modes_experiment/fresh_analysis/derived/a06_pressure_noise_summary.csv,"201-snapshot common-contract evaluation; v1 in the absolute-time convention (a perfect model scores rel_L2 0 and phase 0); optimizer effort 12047 L-BFGS evaluations, not a controlled budget."
MP-0215,A06,Pressure-noise sensitivity,complete_with_effort_and_single_seed_caveat,Hybrid ModalPINN,prior_physics_noise_05pct,Prior-assisted (5% pressure noise),cylinder pressure,32,uniform,True,5.0,v1_mode,v,learned_contribution,near-cylinder,0.71771599289381,dimensionless,analytical Karman prior alone,derived_metric,absolute time; prediction and CFD reference aligned,verified_primary,modes_experiment/fresh_analysis/derived/a06_pressure_noise_summary.csv; derived/a04_prior_only_metrics.json,"prior-alone rel_L2 minus arm rel_L2; positive means the network improved on the prior. 201-snapshot common-contract evaluation; v1 in the absolute-time convention (a perfect model scores rel_L2 0 and phase 0); optimizer effort 12047 L-BFGS evaluations, not a controlled budget."
MP-0216,A06,Pressure-noise sensitivity,complete_with_effort_and_single_seed_caveat,Hybrid ModalPINN,prior_physics_noise_05pct,Prior-assisted (5% pressure noise),cylinder pressure,32,uniform,True,5.0,v1_mode,v,rel_L2,near-wake,0.4553615305680055,dimensionless,CFD,raw_metric,absolute time; prediction and CFD reference aligned,verified_primary,modes_experiment/fresh_analysis/derived/a06_pressure_noise_summary.csv,"201-snapshot common-contract evaluation; v1 in the absolute-time convention (a perfect model scores rel_L2 0 and phase 0); optimizer effort 12047 L-BFGS evaluations, not a controlled budget."
MP-0217,A06,Pressure-noise sensitivity,complete_with_effort_and_single_seed_caveat,Hybrid ModalPINN,prior_physics_noise_05pct,Prior-assisted (5% pressure noise),cylinder pressure,32,uniform,True,5.0,v1_mode,v,amp_ratio,near-wake,0.9266840978207586,dimensionless,ideal 1,raw_metric,absolute time; prediction and CFD reference aligned,verified_primary,modes_experiment/fresh_analysis/derived/a06_pressure_noise_summary.csv,"201-snapshot common-contract evaluation; v1 in the absolute-time convention (a perfect model scores rel_L2 0 and phase 0); optimizer effort 12047 L-BFGS evaluations, not a controlled budget."
MP-0218,A06,Pressure-noise sensitivity,complete_with_effort_and_single_seed_caveat,Hybrid ModalPINN,prior_physics_noise_05pct,Prior-assisted (5% pressure noise),cylinder pressure,32,uniform,True,5.0,v1_mode,v,corr,near-wake,0.9363587299680133,dimensionless,ideal 1,raw_metric,absolute time; prediction and CFD reference aligned,verified_primary,modes_experiment/fresh_analysis/derived/a06_pressure_noise_summary.csv,"201-snapshot common-contract evaluation; v1 in the absolute-time convention (a perfect model scores rel_L2 0 and phase 0); optimizer effort 12047 L-BFGS evaluations, not a controlled budget."
MP-0219,A06,Pressure-noise sensitivity,complete_with_effort_and_single_seed_caveat,Hybrid ModalPINN,prior_physics_noise_05pct,Prior-assisted (5% pressure noise),cylinder pressure,32,uniform,True,5.0,v1_mode,v,phase_deg,near-wake,-17.90260771410457,degrees,ideal phase 0 deg (absolute-time convention),raw_metric,absolute time; prediction and CFD reference aligned,verified_primary,modes_experiment/fresh_analysis/derived/a06_pressure_noise_summary.csv,"201-snapshot common-contract evaluation; v1 in the absolute-time convention (a perfect model scores rel_L2 0 and phase 0); optimizer effort 12047 L-BFGS evaluations, not a controlled budget."
MP-0220,A06,Pressure-noise sensitivity,complete_with_effort_and_single_seed_caveat,Hybrid ModalPINN,prior_physics_noise_05pct,Prior-assisted (5% pressure noise),cylinder pressure,32,uniform,True,5.0,v1_mode,v,learned_contribution,near-wake,0.24046082173266753,dimensionless,analytical Karman prior alone,derived_metric,absolute time; prediction and CFD reference aligned,verified_primary,modes_experiment/fresh_analysis/derived/a06_pressure_noise_summary.csv; derived/a04_prior_only_metrics.json,"prior-alone rel_L2 minus arm rel_L2; positive means the network improved on the prior. 201-snapshot common-contract evaluation; v1 in the absolute-time convention (a perfect model scores rel_L2 0 and phase 0); optimizer effort 12047 L-BFGS evaluations, not a controlled budget."
MP-0221,A06,Pressure-noise sensitivity,complete_with_effort_and_single_seed_caveat,Hybrid ModalPINN,prior_physics_noise_05pct,Prior-assisted (5% pressure noise),cylinder pressure,32,uniform,True,5.0,v1_mode,v,rel_L2,far-wake,0.2794755820666644,dimensionless,CFD,raw_metric,absolute time; prediction and CFD reference aligned,verified_primary,modes_experiment/fresh_analysis/derived/a06_pressure_noise_summary.csv,"201-snapshot common-contract evaluation; v1 in the absolute-time convention (a perfect model scores rel_L2 0 and phase 0); optimizer effort 12047 L-BFGS evaluations, not a controlled budget."
MP-0222,A06,Pressure-noise sensitivity,complete_with_effort_and_single_seed_caveat,Hybrid ModalPINN,prior_physics_noise_05pct,Prior-assisted (5% pressure noise),cylinder pressure,32,uniform,True,5.0,v1_mode,v,amp_ratio,far-wake,0.875904817655558,dimensionless,ideal 1,raw_metric,absolute time; prediction and CFD reference aligned,verified_primary,modes_experiment/fresh_analysis/derived/a06_pressure_noise_summary.csv,"201-snapshot common-contract evaluation; v1 in the absolute-time convention (a perfect model scores rel_L2 0 and phase 0); optimizer effort 12047 L-BFGS evaluations, not a controlled budget."
MP-0223,A06,Pressure-noise sensitivity,complete_with_effort_and_single_seed_caveat,Hybrid ModalPINN,prior_physics_noise_05pct,Prior-assisted (5% pressure noise),cylinder pressure,32,uniform,True,5.0,v1_mode,v,corr,far-wake,0.9764000442348895,dimensionless,ideal 1,raw_metric,absolute time; prediction and CFD reference aligned,verified_primary,modes_experiment/fresh_analysis/derived/a06_pressure_noise_summary.csv,"201-snapshot common-contract evaluation; v1 in the absolute-time convention (a perfect model scores rel_L2 0 and phase 0); optimizer effort 12047 L-BFGS evaluations, not a controlled budget."
MP-0224,A06,Pressure-noise sensitivity,complete_with_effort_and_single_seed_caveat,Hybrid ModalPINN,prior_physics_noise_05pct,Prior-assisted (5% pressure noise),cylinder pressure,32,uniform,True,5.0,v1_mode,v,phase_deg,far-wake,-9.065218383461948,degrees,ideal phase 0 deg (absolute-time convention),raw_metric,absolute time; prediction and CFD reference aligned,verified_primary,modes_experiment/fresh_analysis/derived/a06_pressure_noise_summary.csv,"201-snapshot common-contract evaluation; v1 in the absolute-time convention (a perfect model scores rel_L2 0 and phase 0); optimizer effort 12047 L-BFGS evaluations, not a controlled budget."
MP-0225,A06,Pressure-noise sensitivity,complete_with_effort_and_single_seed_caveat,Hybrid ModalPINN,prior_physics_noise_05pct,Prior-assisted (5% pressure noise),cylinder pressure,32,uniform,True,5.0,v1_mode,v,learned_contribution,far-wake,0.005554861033846281,dimensionless,analytical Karman prior alone,derived_metric,absolute time; prediction and CFD reference aligned,verified_primary,modes_experiment/fresh_analysis/derived/a06_pressure_noise_summary.csv; derived/a04_prior_only_metrics.json,"prior-alone rel_L2 minus arm rel_L2; positive means the network improved on the prior. 201-snapshot common-contract evaluation; v1 in the absolute-time convention (a perfect model scores rel_L2 0 and phase 0); optimizer effort 12047 L-BFGS evaluations, not a controlled budget."
MP-0226,A06,Pressure-noise sensitivity,complete_with_effort_and_single_seed_caveat,Hybrid ModalPINN,prior_physics_noise_05pct,Prior-assisted (5% pressure noise),cylinder pressure,32,uniform,True,5.0,v1_mode,v,rel_L2,far-core,0.27761348481092896,dimensionless,CFD,raw_metric,absolute time; prediction and CFD reference aligned,verified_primary,modes_experiment/fresh_analysis/derived/a06_pressure_noise_summary.csv,"201-snapshot common-contract evaluation; v1 in the absolute-time convention (a perfect model scores rel_L2 0 and phase 0); optimizer effort 12047 L-BFGS evaluations, not a controlled budget."
MP-0227,A06,Pressure-noise sensitivity,complete_with_effort_and_single_seed_caveat,Hybrid ModalPINN,prior_physics_noise_05pct,Prior-assisted (5% pressure noise),cylinder pressure,32,uniform,True,5.0,v1_mode,v,amp_ratio,far-core,0.8757066245469506,dimensionless,ideal 1,raw_metric,absolute time; prediction and CFD reference aligned,verified_primary,modes_experiment/fresh_analysis/derived/a06_pressure_noise_summary.csv,"201-snapshot common-contract evaluation; v1 in the absolute-time convention (a perfect model scores rel_L2 0 and phase 0); optimizer effort 12047 L-BFGS evaluations, not a controlled budget."
MP-0228,A06,Pressure-noise sensitivity,complete_with_effort_and_single_seed_caveat,Hybrid ModalPINN,prior_physics_noise_05pct,Prior-assisted (5% pressure noise),cylinder pressure,32,uniform,True,5.0,v1_mode,v,corr,far-core,0.9775554934848204,dimensionless,ideal 1,raw_metric,absolute time; prediction and CFD reference aligned,verified_primary,modes_experiment/fresh_analysis/derived/a06_pressure_noise_summary.csv,"201-snapshot common-contract evaluation; v1 in the absolute-time convention (a perfect model scores rel_L2 0 and phase 0); optimizer effort 12047 L-BFGS evaluations, not a controlled budget."
MP-0229,A06,Pressure-noise sensitivity,complete_with_effort_and_single_seed_caveat,Hybrid ModalPINN,prior_physics_noise_05pct,Prior-assisted (5% pressure noise),cylinder pressure,32,uniform,True,5.0,v1_mode,v,phase_deg,far-core,-9.259827576240536,degrees,ideal phase 0 deg (absolute-time convention),raw_metric,absolute time; prediction and CFD reference aligned,verified_primary,modes_experiment/fresh_analysis/derived/a06_pressure_noise_summary.csv,"201-snapshot common-contract evaluation; v1 in the absolute-time convention (a perfect model scores rel_L2 0 and phase 0); optimizer effort 12047 L-BFGS evaluations, not a controlled budget."
MP-0230,A06,Pressure-noise sensitivity,complete_with_effort_and_single_seed_caveat,Hybrid ModalPINN,prior_physics_noise_05pct,Prior-assisted (5% pressure noise),cylinder pressure,32,uniform,True,5.0,v1_mode,v,learned_contribution,far-core,0.004315246872907519,dimensionless,analytical Karman prior alone,derived_metric,absolute time; prediction and CFD reference aligned,verified_primary,modes_experiment/fresh_analysis/derived/a06_pressure_noise_summary.csv; derived/a04_prior_only_metrics.json,"prior-alone rel_L2 minus arm rel_L2; positive means the network improved on the prior. 201-snapshot common-contract evaluation; v1 in the absolute-time convention (a perfect model scores rel_L2 0 and phase 0); optimizer effort 12047 L-BFGS evaluations, not a controlled budget."
MP-0231,A06,Pressure-noise sensitivity,complete_with_effort_and_single_seed_caveat,Hybrid ModalPINN,prior_physics_noise_05pct,Prior-assisted (5% pressure noise),cylinder pressure,32,uniform,True,5.0,v1_mode,v,rel_L2,other,10.617562860298005,dimensionless,CFD,raw_metric,absolute time; prediction and CFD reference aligned,verified_primary,modes_experiment/fresh_analysis/derived/a06_pressure_noise_summary.csv,"201-snapshot common-contract evaluation; v1 in the absolute-time convention (a perfect model scores rel_L2 0 and phase 0); optimizer effort 12047 L-BFGS evaluations, not a controlled budget."
MP-0232,A06,Pressure-noise sensitivity,complete_with_effort_and_single_seed_caveat,Hybrid ModalPINN,prior_physics_noise_05pct,Prior-assisted (5% pressure noise),cylinder pressure,32,uniform,True,5.0,v1_mode,v,amp_ratio,other,11.00489351603509,dimensionless,ideal 1,raw_metric,absolute time; prediction and CFD reference aligned,verified_primary,modes_experiment/fresh_analysis/derived/a06_pressure_noise_summary.csv,"201-snapshot common-contract evaluation; v1 in the absolute-time convention (a perfect model scores rel_L2 0 and phase 0); optimizer effort 12047 L-BFGS evaluations, not a controlled budget."
MP-0233,A06,Pressure-noise sensitivity,complete_with_effort_and_single_seed_caveat,Hybrid ModalPINN,prior_physics_noise_05pct,Prior-assisted (5% pressure noise),cylinder pressure,32,uniform,True,5.0,v1_mode,v,corr,other,0.4559837850404911,dimensionless,ideal 1,raw_metric,absolute time; prediction and CFD reference aligned,verified_primary,modes_experiment/fresh_analysis/derived/a06_pressure_noise_summary.csv,"201-snapshot common-contract evaluation; v1 in the absolute-time convention (a perfect model scores rel_L2 0 and phase 0); optimizer effort 12047 L-BFGS evaluations, not a controlled budget."
MP-0234,A06,Pressure-noise sensitivity,complete_with_effort_and_single_seed_caveat,Hybrid ModalPINN,prior_physics_noise_05pct,Prior-assisted (5% pressure noise),cylinder pressure,32,uniform,True,5.0,v1_mode,v,phase_deg,other,20.911757976022788,degrees,ideal phase 0 deg (absolute-time convention),raw_metric,absolute time; prediction and CFD reference aligned,verified_primary,modes_experiment/fresh_analysis/derived/a06_pressure_noise_summary.csv,"201-snapshot common-contract evaluation; v1 in the absolute-time convention (a perfect model scores rel_L2 0 and phase 0); optimizer effort 12047 L-BFGS evaluations, not a controlled budget."
MP-0235,A06,Pressure-noise sensitivity,complete_with_effort_and_single_seed_caveat,Hybrid ModalPINN,prior_physics_noise_05pct,Prior-assisted (5% pressure noise),cylinder pressure,32,uniform,True,5.0,v1_mode,v,learned_contribution,other,-9.753889215878315,dimensionless,analytical Karman prior alone,derived_metric,absolute time; prediction and CFD reference aligned,verified_primary,modes_experiment/fresh_analysis/derived/a06_pressure_noise_summary.csv; derived/a04_prior_only_metrics.json,"prior-alone rel_L2 minus arm rel_L2; positive means the network improved on the prior. 201-snapshot common-contract evaluation; v1 in the absolute-time convention (a perfect model scores rel_L2 0 and phase 0); optimizer effort 12047 L-BFGS evaluations, not a controlled budget."
MP-0236,A06,Pressure-noise sensitivity,complete_with_effort_and_single_seed_caveat,Hybrid ModalPINN,prior_physics_noise_05pct,Prior-assisted (5% pressure noise),cylinder pressure,32,uniform,True,5.0,v1_mode,v,rel_L2,whole-domain,0.38843130799860315,dimensionless,CFD,raw_metric,absolute time; prediction and CFD reference aligned,verified_primary,modes_experiment/fresh_analysis/derived/a06_pressure_noise_summary.csv,"201-snapshot common-contract evaluation; v1 in the absolute-time convention (a perfect model scores rel_L2 0 and phase 0); optimizer effort 12047 L-BFGS evaluations, not a controlled budget."
MP-0237,A06,Pressure-noise sensitivity,complete_with_effort_and_single_seed_caveat,Hybrid ModalPINN,prior_physics_noise_05pct,Prior-assisted (5% pressure noise),cylinder pressure,32,uniform,True,5.0,v1_mode,v,amp_ratio,whole-domain,0.9067116131268358,dimensionless,ideal 1,raw_metric,absolute time; prediction and CFD reference aligned,verified_primary,modes_experiment/fresh_analysis/derived/a06_pressure_noise_summary.csv,"201-snapshot common-contract evaluation; v1 in the absolute-time convention (a perfect model scores rel_L2 0 and phase 0); optimizer effort 12047 L-BFGS evaluations, not a controlled budget."
MP-0238,A06,Pressure-noise sensitivity,complete_with_effort_and_single_seed_caveat,Hybrid ModalPINN,prior_physics_noise_05pct,Prior-assisted (5% pressure noise),cylinder pressure,32,uniform,True,5.0,v1_mode,v,corr,whole-domain,0.9416613123486878,dimensionless,ideal 1,raw_metric,absolute time; prediction and CFD reference aligned,verified_primary,modes_experiment/fresh_analysis/derived/a06_pressure_noise_summary.csv,"201-snapshot common-contract evaluation; v1 in the absolute-time convention (a perfect model scores rel_L2 0 and phase 0); optimizer effort 12047 L-BFGS evaluations, not a controlled budget."
MP-0239,A06,Pressure-noise sensitivity,complete_with_effort_and_single_seed_caveat,Hybrid ModalPINN,prior_physics_noise_05pct,Prior-assisted (5% pressure noise),cylinder pressure,32,uniform,True,5.0,v1_mode,v,phase_deg,whole-domain,-11.848588395796424,degrees,ideal phase 0 deg (absolute-time convention),raw_metric,absolute time; prediction and CFD reference aligned,verified_primary,modes_experiment/fresh_analysis/derived/a06_pressure_noise_summary.csv,"201-snapshot common-contract evaluation; v1 in the absolute-time convention (a perfect model scores rel_L2 0 and phase 0); optimizer effort 12047 L-BFGS evaluations, not a controlled budget."
MP-0240,A06,Pressure-noise sensitivity,complete_with_effort_and_single_seed_caveat,Hybrid ModalPINN,prior_physics_noise_05pct,Prior-assisted (5% pressure noise),cylinder pressure,32,uniform,True,5.0,v1_mode,v,learned_contribution,whole-domain,0.0900366253543059,dimensionless,analytical Karman prior alone,derived_metric,absolute time; prediction and CFD reference aligned,verified_primary,modes_experiment/fresh_analysis/derived/a06_pressure_noise_summary.csv; derived/a04_prior_only_metrics.json,"prior-alone rel_L2 minus arm rel_L2; positive means the network improved on the prior. 201-snapshot common-contract evaluation; v1 in the absolute-time convention (a perfect model scores rel_L2 0 and phase 0); optimizer effort 12047 L-BFGS evaluations, not a controlled budget."
MP-0241,A06,Pressure-noise sensitivity,complete_with_effort_and_single_seed_caveat,Hybrid ModalPINN,prior_physics_noise_10pct,Prior-assisted (10% pressure noise),cylinder pressure,32,uniform,True,10.0,field,u,rel_L2,near-cylinder,0.09370756894350052,dimensionless,CFD,raw_metric,not applicable,verified_primary,modes_experiment/fresh_analysis/derived/a06_pressure_noise_summary.csv,"201-snapshot common-contract evaluation; v1 in the absolute-time convention (a perfect model scores rel_L2 0 and phase 0); optimizer effort 3156 L-BFGS evaluations, not a controlled budget."
MP-0242,A06,Pressure-noise sensitivity,complete_with_effort_and_single_seed_caveat,Hybrid ModalPINN,prior_physics_noise_10pct,Prior-assisted (10% pressure noise),cylinder pressure,32,uniform,True,10.0,field,v,rel_L2,near-cylinder,0.13249947130680084,dimensionless,CFD,raw_metric,not applicable,verified_primary,modes_experiment/fresh_analysis/derived/a06_pressure_noise_summary.csv,"201-snapshot common-contract evaluation; v1 in the absolute-time convention (a perfect model scores rel_L2 0 and phase 0); optimizer effort 3156 L-BFGS evaluations, not a controlled budget."
MP-0243,A06,Pressure-noise sensitivity,complete_with_effort_and_single_seed_caveat,Hybrid ModalPINN,prior_physics_noise_10pct,Prior-assisted (10% pressure noise),cylinder pressure,32,uniform,True,10.0,field,p,rel_L2,near-cylinder,0.02617809548974037,dimensionless,CFD,raw_metric,not applicable,verified_primary,modes_experiment/fresh_analysis/derived/a06_pressure_noise_summary.csv,"201-snapshot common-contract evaluation; v1 in the absolute-time convention (a perfect model scores rel_L2 0 and phase 0); optimizer effort 3156 L-BFGS evaluations, not a controlled budget."
MP-0244,A06,Pressure-noise sensitivity,complete_with_effort_and_single_seed_caveat,Hybrid ModalPINN,prior_physics_noise_10pct,Prior-assisted (10% pressure noise),cylinder pressure,32,uniform,True,10.0,field,u,rel_L2,near-wake,0.1566605120897293,dimensionless,CFD,raw_metric,not applicable,verified_primary,modes_experiment/fresh_analysis/derived/a06_pressure_noise_summary.csv,"201-snapshot common-contract evaluation; v1 in the absolute-time convention (a perfect model scores rel_L2 0 and phase 0); optimizer effort 3156 L-BFGS evaluations, not a controlled budget."
MP-0245,A06,Pressure-noise sensitivity,complete_with_effort_and_single_seed_caveat,Hybrid ModalPINN,prior_physics_noise_10pct,Prior-assisted (10% pressure noise),cylinder pressure,32,uniform,True,10.0,field,v,rel_L2,near-wake,0.532444953918457,dimensionless,CFD,raw_metric,not applicable,verified_primary,modes_experiment/fresh_analysis/derived/a06_pressure_noise_summary.csv,"201-snapshot common-contract evaluation; v1 in the absolute-time convention (a perfect model scores rel_L2 0 and phase 0); optimizer effort 3156 L-BFGS evaluations, not a controlled budget."
MP-0246,A06,Pressure-noise sensitivity,complete_with_effort_and_single_seed_caveat,Hybrid ModalPINN,prior_physics_noise_10pct,Prior-assisted (10% pressure noise),cylinder pressure,32,uniform,True,10.0,field,p,rel_L2,near-wake,0.35618773102760315,dimensionless,CFD,raw_metric,not applicable,verified_primary,modes_experiment/fresh_analysis/derived/a06_pressure_noise_summary.csv,"201-snapshot common-contract evaluation; v1 in the absolute-time convention (a perfect model scores rel_L2 0 and phase 0); optimizer effort 3156 L-BFGS evaluations, not a controlled budget."
MP-0247,A06,Pressure-noise sensitivity,complete_with_effort_and_single_seed_caveat,Hybrid ModalPINN,prior_physics_noise_10pct,Prior-assisted (10% pressure noise),cylinder pressure,32,uniform,True,10.0,field,u,rel_L2,far-wake,0.16219256818294525,dimensionless,CFD,raw_metric,not applicable,verified_primary,modes_experiment/fresh_analysis/derived/a06_pressure_noise_summary.csv,"201-snapshot common-contract evaluation; v1 in the absolute-time convention (a perfect model scores rel_L2 0 and phase 0); optimizer effort 3156 L-BFGS evaluations, not a controlled budget."
MP-0248,A06,Pressure-noise sensitivity,complete_with_effort_and_single_seed_caveat,Hybrid ModalPINN,prior_physics_noise_10pct,Prior-assisted (10% pressure noise),cylinder pressure,32,uniform,True,10.0,field,v,rel_L2,far-wake,0.3795958459377289,dimensionless,CFD,raw_metric,not applicable,verified_primary,modes_experiment/fresh_analysis/derived/a06_pressure_noise_summary.csv,"201-snapshot common-contract evaluation; v1 in the absolute-time convention (a perfect model scores rel_L2 0 and phase 0); optimizer effort 3156 L-BFGS evaluations, not a controlled budget."
MP-0249,A06,Pressure-noise sensitivity,complete_with_effort_and_single_seed_caveat,Hybrid ModalPINN,prior_physics_noise_10pct,Prior-assisted (10% pressure noise),cylinder pressure,32,uniform,True,10.0,field,p,rel_L2,far-wake,0.8997705578804016,dimensionless,CFD,raw_metric,not applicable,verified_primary,modes_experiment/fresh_analysis/derived/a06_pressure_noise_summary.csv,"201-snapshot common-contract evaluation; v1 in the absolute-time convention (a perfect model scores rel_L2 0 and phase 0); optimizer effort 3156 L-BFGS evaluations, not a controlled budget."
MP-0250,A06,Pressure-noise sensitivity,complete_with_effort_and_single_seed_caveat,Hybrid ModalPINN,prior_physics_noise_10pct,Prior-assisted (10% pressure noise),cylinder pressure,32,uniform,True,10.0,field,u,rel_L2,far-core,0.1878928542137146,dimensionless,CFD,raw_metric,not applicable,verified_primary,modes_experiment/fresh_analysis/derived/a06_pressure_noise_summary.csv,"201-snapshot common-contract evaluation; v1 in the absolute-time convention (a perfect model scores rel_L2 0 and phase 0); optimizer effort 3156 L-BFGS evaluations, not a controlled budget."
MP-0251,A06,Pressure-noise sensitivity,complete_with_effort_and_single_seed_caveat,Hybrid ModalPINN,prior_physics_noise_10pct,Prior-assisted (10% pressure noise),cylinder pressure,32,uniform,True,10.0,field,v,rel_L2,far-core,0.3712204396724701,dimensionless,CFD,raw_metric,not applicable,verified_primary,modes_experiment/fresh_analysis/derived/a06_pressure_noise_summary.csv,"201-snapshot common-contract evaluation; v1 in the absolute-time convention (a perfect model scores rel_L2 0 and phase 0); optimizer effort 3156 L-BFGS evaluations, not a controlled budget."
MP-0252,A06,Pressure-noise sensitivity,complete_with_effort_and_single_seed_caveat,Hybrid ModalPINN,prior_physics_noise_10pct,Prior-assisted (10% pressure noise),cylinder pressure,32,uniform,True,10.0,field,p,rel_L2,far-core,0.8129088878631592,dimensionless,CFD,raw_metric,not applicable,verified_primary,modes_experiment/fresh_analysis/derived/a06_pressure_noise_summary.csv,"201-snapshot common-contract evaluation; v1 in the absolute-time convention (a perfect model scores rel_L2 0 and phase 0); optimizer effort 3156 L-BFGS evaluations, not a controlled budget."
MP-0253,A06,Pressure-noise sensitivity,complete_with_effort_and_single_seed_caveat,Hybrid ModalPINN,prior_physics_noise_10pct,Prior-assisted (10% pressure noise),cylinder pressure,32,uniform,True,10.0,field,u,rel_L2,other,0.04985698312520981,dimensionless,CFD,raw_metric,not applicable,verified_primary,modes_experiment/fresh_analysis/derived/a06_pressure_noise_summary.csv,"201-snapshot common-contract evaluation; v1 in the absolute-time convention (a perfect model scores rel_L2 0 and phase 0); optimizer effort 3156 L-BFGS evaluations, not a controlled budget."
MP-0254,A06,Pressure-noise sensitivity,complete_with_effort_and_single_seed_caveat,Hybrid ModalPINN,prior_physics_noise_10pct,Prior-assisted (10% pressure noise),cylinder pressure,32,uniform,True,10.0,field,v,rel_L2,other,0.3529984951019287,dimensionless,CFD,raw_metric,not applicable,verified_primary,modes_experiment/fresh_analysis/derived/a06_pressure_noise_summary.csv,"201-snapshot common-contract evaluation; v1 in the absolute-time convention (a perfect model scores rel_L2 0 and phase 0); optimizer effort 3156 L-BFGS evaluations, not a controlled budget."
MP-0255,A06,Pressure-noise sensitivity,complete_with_effort_and_single_seed_caveat,Hybrid ModalPINN,prior_physics_noise_10pct,Prior-assisted (10% pressure noise),cylinder pressure,32,uniform,True,10.0,field,p,rel_L2,other,0.42527011036872864,dimensionless,CFD,raw_metric,not applicable,verified_primary,modes_experiment/fresh_analysis/derived/a06_pressure_noise_summary.csv,"201-snapshot common-contract evaluation; v1 in the absolute-time convention (a perfect model scores rel_L2 0 and phase 0); optimizer effort 3156 L-BFGS evaluations, not a controlled budget."
MP-0256,A06,Pressure-noise sensitivity,complete_with_effort_and_single_seed_caveat,Hybrid ModalPINN,prior_physics_noise_10pct,Prior-assisted (10% pressure noise),cylinder pressure,32,uniform,True,10.0,field,u,rel_L2,whole-domain,0.14260299503803253,dimensionless,CFD,raw_metric,not applicable,verified_primary,modes_experiment/fresh_analysis/derived/a06_pressure_noise_summary.csv,"201-snapshot common-contract evaluation; v1 in the absolute-time convention (a perfect model scores rel_L2 0 and phase 0); optimizer effort 3156 L-BFGS evaluations, not a controlled budget."
MP-0257,A06,Pressure-noise sensitivity,complete_with_effort_and_single_seed_caveat,Hybrid ModalPINN,prior_physics_noise_10pct,Prior-assisted (10% pressure noise),cylinder pressure,32,uniform,True,10.0,field,v,rel_L2,whole-domain,0.36724621057510376,dimensionless,CFD,raw_metric,not applicable,verified_primary,modes_experiment/fresh_analysis/derived/a06_pressure_noise_summary.csv,"201-snapshot common-contract evaluation; v1 in the absolute-time convention (a perfect model scores rel_L2 0 and phase 0); optimizer effort 3156 L-BFGS evaluations, not a controlled budget."
MP-0258,A06,Pressure-noise sensitivity,complete_with_effort_and_single_seed_caveat,Hybrid ModalPINN,prior_physics_noise_10pct,Prior-assisted (10% pressure noise),cylinder pressure,32,uniform,True,10.0,field,p,rel_L2,whole-domain,0.2745418846607208,dimensionless,CFD,raw_metric,not applicable,verified_primary,modes_experiment/fresh_analysis/derived/a06_pressure_noise_summary.csv,"201-snapshot common-contract evaluation; v1 in the absolute-time convention (a perfect model scores rel_L2 0 and phase 0); optimizer effort 3156 L-BFGS evaluations, not a controlled budget."
MP-0259,A06,Pressure-noise sensitivity,complete_with_effort_and_single_seed_caveat,Hybrid ModalPINN,prior_physics_noise_10pct,Prior-assisted (10% pressure noise),cylinder pressure,32,uniform,True,10.0,v1_mode,v,rel_L2,near-cylinder,0.7895757607677257,dimensionless,CFD,raw_metric,absolute time; prediction and CFD reference aligned,verified_primary,modes_experiment/fresh_analysis/derived/a06_pressure_noise_summary.csv,"201-snapshot common-contract evaluation; v1 in the absolute-time convention (a perfect model scores rel_L2 0 and phase 0); optimizer effort 3156 L-BFGS evaluations, not a controlled budget."
MP-0260,A06,Pressure-noise sensitivity,complete_with_effort_and_single_seed_caveat,Hybrid ModalPINN,prior_physics_noise_10pct,Prior-assisted (10% pressure noise),cylinder pressure,32,uniform,True,10.0,v1_mode,v,amp_ratio,near-cylinder,0.5842884424809394,dimensionless,ideal 1,raw_metric,absolute time; prediction and CFD reference aligned,verified_primary,modes_experiment/fresh_analysis/derived/a06_pressure_noise_summary.csv,"201-snapshot common-contract evaluation; v1 in the absolute-time convention (a perfect model scores rel_L2 0 and phase 0); optimizer effort 3156 L-BFGS evaluations, not a controlled budget."
MP-0261,A06,Pressure-noise sensitivity,complete_with_effort_and_single_seed_caveat,Hybrid ModalPINN,prior_physics_noise_10pct,Prior-assisted (10% pressure noise),cylinder pressure,32,uniform,True,10.0,v1_mode,v,corr,near-cylinder,0.7122371534716474,dimensionless,ideal 1,raw_metric,absolute time; prediction and CFD reference aligned,verified_primary,modes_experiment/fresh_analysis/derived/a06_pressure_noise_summary.csv,"201-snapshot common-contract evaluation; v1 in the absolute-time convention (a perfect model scores rel_L2 0 and phase 0); optimizer effort 3156 L-BFGS evaluations, not a controlled budget."
MP-0262,A06,Pressure-noise sensitivity,complete_with_effort_and_single_seed_caveat,Hybrid ModalPINN,prior_physics_noise_10pct,Prior-assisted (10% pressure noise),cylinder pressure,32,uniform,True,10.0,v1_mode,v,phase_deg,near-cylinder,-30.38780418028048,degrees,ideal phase 0 deg (absolute-time convention),raw_metric,absolute time; prediction and CFD reference aligned,verified_primary,modes_experiment/fresh_analysis/derived/a06_pressure_noise_summary.csv,"201-snapshot common-contract evaluation; v1 in the absolute-time convention (a perfect model scores rel_L2 0 and phase 0); optimizer effort 3156 L-BFGS evaluations, not a controlled budget."
MP-0263,A06,Pressure-noise sensitivity,complete_with_effort_and_single_seed_caveat,Hybrid ModalPINN,prior_physics_noise_10pct,Prior-assisted (10% pressure noise),cylinder pressure,32,uniform,True,10.0,v1_mode,v,learned_contribution,near-cylinder,0.5826345056496439,dimensionless,analytical Karman prior alone,derived_metric,absolute time; prediction and CFD reference aligned,verified_primary,modes_experiment/fresh_analysis/derived/a06_pressure_noise_summary.csv; derived/a04_prior_only_metrics.json,"prior-alone rel_L2 minus arm rel_L2; positive means the network improved on the prior. 201-snapshot common-contract evaluation; v1 in the absolute-time convention (a perfect model scores rel_L2 0 and phase 0); optimizer effort 3156 L-BFGS evaluations, not a controlled budget."
MP-0264,A06,Pressure-noise sensitivity,complete_with_effort_and_single_seed_caveat,Hybrid ModalPINN,prior_physics_noise_10pct,Prior-assisted (10% pressure noise),cylinder pressure,32,uniform,True,10.0,v1_mode,v,rel_L2,near-wake,0.502112675552949,dimensionless,CFD,raw_metric,absolute time; prediction and CFD reference aligned,verified_primary,modes_experiment/fresh_analysis/derived/a06_pressure_noise_summary.csv,"201-snapshot common-contract evaluation; v1 in the absolute-time convention (a perfect model scores rel_L2 0 and phase 0); optimizer effort 3156 L-BFGS evaluations, not a controlled budget."
MP-0265,A06,Pressure-noise sensitivity,complete_with_effort_and_single_seed_caveat,Hybrid ModalPINN,prior_physics_noise_10pct,Prior-assisted (10% pressure noise),cylinder pressure,32,uniform,True,10.0,v1_mode,v,amp_ratio,near-wake,0.8703991366700872,dimensionless,ideal 1,raw_metric,absolute time; prediction and CFD reference aligned,verified_primary,modes_experiment/fresh_analysis/derived/a06_pressure_noise_summary.csv,"201-snapshot common-contract evaluation; v1 in the absolute-time convention (a perfect model scores rel_L2 0 and phase 0); optimizer effort 3156 L-BFGS evaluations, not a controlled budget."
MP-0266,A06,Pressure-noise sensitivity,complete_with_effort_and_single_seed_caveat,Hybrid ModalPINN,prior_physics_noise_10pct,Prior-assisted (10% pressure noise),cylinder pressure,32,uniform,True,10.0,v1_mode,v,corr,near-wake,0.9338909808746328,dimensionless,ideal 1,raw_metric,absolute time; prediction and CFD reference aligned,verified_primary,modes_experiment/fresh_analysis/derived/a06_pressure_noise_summary.csv,"201-snapshot common-contract evaluation; v1 in the absolute-time convention (a perfect model scores rel_L2 0 and phase 0); optimizer effort 3156 L-BFGS evaluations, not a controlled budget."
MP-0267,A06,Pressure-noise sensitivity,complete_with_effort_and_single_seed_caveat,Hybrid ModalPINN,prior_physics_noise_10pct,Prior-assisted (10% pressure noise),cylinder pressure,32,uniform,True,10.0,v1_mode,v,phase_deg,near-wake,-22.17432822177604,degrees,ideal phase 0 deg (absolute-time convention),raw_metric,absolute time; prediction and CFD reference aligned,verified_primary,modes_experiment/fresh_analysis/derived/a06_pressure_noise_summary.csv,"201-snapshot common-contract evaluation; v1 in the absolute-time convention (a perfect model scores rel_L2 0 and phase 0); optimizer effort 3156 L-BFGS evaluations, not a controlled budget."
MP-0268,A06,Pressure-noise sensitivity,complete_with_effort_and_single_seed_caveat,Hybrid ModalPINN,prior_physics_noise_10pct,Prior-assisted (10% pressure noise),cylinder pressure,32,uniform,True,10.0,v1_mode,v,learned_contribution,near-wake,0.193709676747724,dimensionless,analytical Karman prior alone,derived_metric,absolute time; prediction and CFD reference aligned,verified_primary,modes_experiment/fresh_analysis/derived/a06_pressure_noise_summary.csv; derived/a04_prior_only_metrics.json,"prior-alone rel_L2 minus arm rel_L2; positive means the network improved on the prior. 201-snapshot common-contract evaluation; v1 in the absolute-time convention (a perfect model scores rel_L2 0 and phase 0); optimizer effort 3156 L-BFGS evaluations, not a controlled budget."
MP-0269,A06,Pressure-noise sensitivity,complete_with_effort_and_single_seed_caveat,Hybrid ModalPINN,prior_physics_noise_10pct,Prior-assisted (10% pressure noise),cylinder pressure,32,uniform,True,10.0,v1_mode,v,rel_L2,far-wake,0.279168343306454,dimensionless,CFD,raw_metric,absolute time; prediction and CFD reference aligned,verified_primary,modes_experiment/fresh_analysis/derived/a06_pressure_noise_summary.csv,"201-snapshot common-contract evaluation; v1 in the absolute-time convention (a perfect model scores rel_L2 0 and phase 0); optimizer effort 3156 L-BFGS evaluations, not a controlled budget."
MP-0270,A06,Pressure-noise sensitivity,complete_with_effort_and_single_seed_caveat,Hybrid ModalPINN,prior_physics_noise_10pct,Prior-assisted (10% pressure noise),cylinder pressure,32,uniform,True,10.0,v1_mode,v,amp_ratio,far-wake,0.8581488073081793,dimensionless,ideal 1,raw_metric,absolute time; prediction and CFD reference aligned,verified_primary,modes_experiment/fresh_analysis/derived/a06_pressure_noise_summary.csv,"201-snapshot common-contract evaluation; v1 in the absolute-time convention (a perfect model scores rel_L2 0 and phase 0); optimizer effort 3156 L-BFGS evaluations, not a controlled budget."
MP-0271,A06,Pressure-noise sensitivity,complete_with_effort_and_single_seed_caveat,Hybrid ModalPINN,prior_physics_noise_10pct,Prior-assisted (10% pressure noise),cylinder pressure,32,uniform,True,10.0,v1_mode,v,corr,far-wake,0.9748272375066555,dimensionless,ideal 1,raw_metric,absolute time; prediction and CFD reference aligned,verified_primary,modes_experiment/fresh_analysis/derived/a06_pressure_noise_summary.csv,"201-snapshot common-contract evaluation; v1 in the absolute-time convention (a perfect model scores rel_L2 0 and phase 0); optimizer effort 3156 L-BFGS evaluations, not a controlled budget."
MP-0272,A06,Pressure-noise sensitivity,complete_with_effort_and_single_seed_caveat,Hybrid ModalPINN,prior_physics_noise_10pct,Prior-assisted (10% pressure noise),cylinder pressure,32,uniform,True,10.0,v1_mode,v,phase_deg,far-wake,-7.57718690669494,degrees,ideal phase 0 deg (absolute-time convention),raw_metric,absolute time; prediction and CFD reference aligned,verified_primary,modes_experiment/fresh_analysis/derived/a06_pressure_noise_summary.csv,"201-snapshot common-contract evaluation; v1 in the absolute-time convention (a perfect model scores rel_L2 0 and phase 0); optimizer effort 3156 L-BFGS evaluations, not a controlled budget."
MP-0273,A06,Pressure-noise sensitivity,complete_with_effort_and_single_seed_caveat,Hybrid ModalPINN,prior_physics_noise_10pct,Prior-assisted (10% pressure noise),cylinder pressure,32,uniform,True,10.0,v1_mode,v,learned_contribution,far-wake,0.005862099794056663,dimensionless,analytical Karman prior alone,derived_metric,absolute time; prediction and CFD reference aligned,verified_primary,modes_experiment/fresh_analysis/derived/a06_pressure_noise_summary.csv; derived/a04_prior_only_metrics.json,"prior-alone rel_L2 minus arm rel_L2; positive means the network improved on the prior. 201-snapshot common-contract evaluation; v1 in the absolute-time convention (a perfect model scores rel_L2 0 and phase 0); optimizer effort 3156 L-BFGS evaluations, not a controlled budget."
MP-0274,A06,Pressure-noise sensitivity,complete_with_effort_and_single_seed_caveat,Hybrid ModalPINN,prior_physics_noise_10pct,Prior-assisted (10% pressure noise),cylinder pressure,32,uniform,True,10.0,v1_mode,v,rel_L2,far-core,0.2765392647790837,dimensionless,CFD,raw_metric,absolute time; prediction and CFD reference aligned,verified_primary,modes_experiment/fresh_analysis/derived/a06_pressure_noise_summary.csv,"201-snapshot common-contract evaluation; v1 in the absolute-time convention (a perfect model scores rel_L2 0 and phase 0); optimizer effort 3156 L-BFGS evaluations, not a controlled budget."
MP-0275,A06,Pressure-noise sensitivity,complete_with_effort_and_single_seed_caveat,Hybrid ModalPINN,prior_physics_noise_10pct,Prior-assisted (10% pressure noise),cylinder pressure,32,uniform,True,10.0,v1_mode,v,amp_ratio,far-core,0.857607241922333,dimensionless,ideal 1,raw_metric,absolute time; prediction and CFD reference aligned,verified_primary,modes_experiment/fresh_analysis/derived/a06_pressure_noise_summary.csv,"201-snapshot common-contract evaluation; v1 in the absolute-time convention (a perfect model scores rel_L2 0 and phase 0); optimizer effort 3156 L-BFGS evaluations, not a controlled budget."
MP-0276,A06,Pressure-noise sensitivity,complete_with_effort_and_single_seed_caveat,Hybrid ModalPINN,prior_physics_noise_10pct,Prior-assisted (10% pressure noise),cylinder pressure,32,uniform,True,10.0,v1_mode,v,corr,far-core,0.9762484319928335,dimensionless,ideal 1,raw_metric,absolute time; prediction and CFD reference aligned,verified_primary,modes_experiment/fresh_analysis/derived/a06_pressure_noise_summary.csv,"201-snapshot common-contract evaluation; v1 in the absolute-time convention (a perfect model scores rel_L2 0 and phase 0); optimizer effort 3156 L-BFGS evaluations, not a controlled budget."
MP-0277,A06,Pressure-noise sensitivity,complete_with_effort_and_single_seed_caveat,Hybrid ModalPINN,prior_physics_noise_10pct,Prior-assisted (10% pressure noise),cylinder pressure,32,uniform,True,10.0,v1_mode,v,phase_deg,far-core,-7.791604813187759,degrees,ideal phase 0 deg (absolute-time convention),raw_metric,absolute time; prediction and CFD reference aligned,verified_primary,modes_experiment/fresh_analysis/derived/a06_pressure_noise_summary.csv,"201-snapshot common-contract evaluation; v1 in the absolute-time convention (a perfect model scores rel_L2 0 and phase 0); optimizer effort 3156 L-BFGS evaluations, not a controlled budget."
MP-0278,A06,Pressure-noise sensitivity,complete_with_effort_and_single_seed_caveat,Hybrid ModalPINN,prior_physics_noise_10pct,Prior-assisted (10% pressure noise),cylinder pressure,32,uniform,True,10.0,v1_mode,v,learned_contribution,far-core,0.005389466904752782,dimensionless,analytical Karman prior alone,derived_metric,absolute time; prediction and CFD reference aligned,verified_primary,modes_experiment/fresh_analysis/derived/a06_pressure_noise_summary.csv; derived/a04_prior_only_metrics.json,"prior-alone rel_L2 minus arm rel_L2; positive means the network improved on the prior. 201-snapshot common-contract evaluation; v1 in the absolute-time convention (a perfect model scores rel_L2 0 and phase 0); optimizer effort 3156 L-BFGS evaluations, not a controlled budget."
MP-0279,A06,Pressure-noise sensitivity,complete_with_effort_and_single_seed_caveat,Hybrid ModalPINN,prior_physics_noise_10pct,Prior-assisted (10% pressure noise),cylinder pressure,32,uniform,True,10.0,v1_mode,v,rel_L2,other,9.045155025269532,dimensionless,CFD,raw_metric,absolute time; prediction and CFD reference aligned,verified_primary,modes_experiment/fresh_analysis/derived/a06_pressure_noise_summary.csv,"201-snapshot common-contract evaluation; v1 in the absolute-time convention (a perfect model scores rel_L2 0 and phase 0); optimizer effort 3156 L-BFGS evaluations, not a controlled budget."
MP-0280,A06,Pressure-noise sensitivity,complete_with_effort_and_single_seed_caveat,Hybrid ModalPINN,prior_physics_noise_10pct,Prior-assisted (10% pressure noise),cylinder pressure,32,uniform,True,10.0,v1_mode,v,amp_ratio,other,9.45925550687276,dimensionless,ideal 1,raw_metric,absolute time; prediction and CFD reference aligned,verified_primary,modes_experiment/fresh_analysis/derived/a06_pressure_noise_summary.csv,"201-snapshot common-contract evaluation; v1 in the absolute-time convention (a perfect model scores rel_L2 0 and phase 0); optimizer effort 3156 L-BFGS evaluations, not a controlled budget."
MP-0281,A06,Pressure-noise sensitivity,complete_with_effort_and_single_seed_caveat,Hybrid ModalPINN,prior_physics_noise_10pct,Prior-assisted (10% pressure noise),cylinder pressure,32,uniform,True,10.0,v1_mode,v,corr,other,0.5025465724755647,dimensionless,ideal 1,raw_metric,absolute time; prediction and CFD reference aligned,verified_primary,modes_experiment/fresh_analysis/derived/a06_pressure_noise_summary.csv,"201-snapshot common-contract evaluation; v1 in the absolute-time convention (a perfect model scores rel_L2 0 and phase 0); optimizer effort 3156 L-BFGS evaluations, not a controlled budget."
MP-0282,A06,Pressure-noise sensitivity,complete_with_effort_and_single_seed_caveat,Hybrid ModalPINN,prior_physics_noise_10pct,Prior-assisted (10% pressure noise),cylinder pressure,32,uniform,True,10.0,v1_mode,v,phase_deg,other,24.335417682621653,degrees,ideal phase 0 deg (absolute-time convention),raw_metric,absolute time; prediction and CFD reference aligned,verified_primary,modes_experiment/fresh_analysis/derived/a06_pressure_noise_summary.csv,"201-snapshot common-contract evaluation; v1 in the absolute-time convention (a perfect model scores rel_L2 0 and phase 0); optimizer effort 3156 L-BFGS evaluations, not a controlled budget."
MP-0283,A06,Pressure-noise sensitivity,complete_with_effort_and_single_seed_caveat,Hybrid ModalPINN,prior_physics_noise_10pct,Prior-assisted (10% pressure noise),cylinder pressure,32,uniform,True,10.0,v1_mode,v,learned_contribution,other,-8.181481380849842,dimensionless,analytical Karman prior alone,derived_metric,absolute time; prediction and CFD reference aligned,verified_primary,modes_experiment/fresh_analysis/derived/a06_pressure_noise_summary.csv; derived/a04_prior_only_metrics.json,"prior-alone rel_L2 minus arm rel_L2; positive means the network improved on the prior. 201-snapshot common-contract evaluation; v1 in the absolute-time convention (a perfect model scores rel_L2 0 and phase 0); optimizer effort 3156 L-BFGS evaluations, not a controlled budget."
MP-0284,A06,Pressure-noise sensitivity,complete_with_effort_and_single_seed_caveat,Hybrid ModalPINN,prior_physics_noise_10pct,Prior-assisted (10% pressure noise),cylinder pressure,32,uniform,True,10.0,v1_mode,v,rel_L2,whole-domain,0.39923193704389887,dimensionless,CFD,raw_metric,absolute time; prediction and CFD reference aligned,verified_primary,modes_experiment/fresh_analysis/derived/a06_pressure_noise_summary.csv,"201-snapshot common-contract evaluation; v1 in the absolute-time convention (a perfect model scores rel_L2 0 and phase 0); optimizer effort 3156 L-BFGS evaluations, not a controlled budget."
MP-0285,A06,Pressure-noise sensitivity,complete_with_effort_and_single_seed_caveat,Hybrid ModalPINN,prior_physics_noise_10pct,Prior-assisted (10% pressure noise),cylinder pressure,32,uniform,True,10.0,v1_mode,v,amp_ratio,whole-domain,0.8721426773085287,dimensionless,ideal 1,raw_metric,absolute time; prediction and CFD reference aligned,verified_primary,modes_experiment/fresh_analysis/derived/a06_pressure_noise_summary.csv,"201-snapshot common-contract evaluation; v1 in the absolute-time convention (a perfect model scores rel_L2 0 and phase 0); optimizer effort 3156 L-BFGS evaluations, not a controlled budget."
MP-0286,A06,Pressure-noise sensitivity,complete_with_effort_and_single_seed_caveat,Hybrid ModalPINN,prior_physics_noise_10pct,Prior-assisted (10% pressure noise),cylinder pressure,32,uniform,True,10.0,v1_mode,v,corr,whole-domain,0.9391180596051768,dimensionless,ideal 1,raw_metric,absolute time; prediction and CFD reference aligned,verified_primary,modes_experiment/fresh_analysis/derived/a06_pressure_noise_summary.csv,"201-snapshot common-contract evaluation; v1 in the absolute-time convention (a perfect model scores rel_L2 0 and phase 0); optimizer effort 3156 L-BFGS evaluations, not a controlled budget."
MP-0287,A06,Pressure-noise sensitivity,complete_with_effort_and_single_seed_caveat,Hybrid ModalPINN,prior_physics_noise_10pct,Prior-assisted (10% pressure noise),cylinder pressure,32,uniform,True,10.0,v1_mode,v,phase_deg,whole-domain,-12.174878090808534,degrees,ideal phase 0 deg (absolute-time convention),raw_metric,absolute time; prediction and CFD reference aligned,verified_primary,modes_experiment/fresh_analysis/derived/a06_pressure_noise_summary.csv,"201-snapshot common-contract evaluation; v1 in the absolute-time convention (a perfect model scores rel_L2 0 and phase 0); optimizer effort 3156 L-BFGS evaluations, not a controlled budget."
MP-0288,A06,Pressure-noise sensitivity,complete_with_effort_and_single_seed_caveat,Hybrid ModalPINN,prior_physics_noise_10pct,Prior-assisted (10% pressure noise),cylinder pressure,32,uniform,True,10.0,v1_mode,v,learned_contribution,whole-domain,0.07923599630901018,dimensionless,analytical Karman prior alone,derived_metric,absolute time; prediction and CFD reference aligned,verified_primary,modes_experiment/fresh_analysis/derived/a06_pressure_noise_summary.csv; derived/a04_prior_only_metrics.json,"prior-alone rel_L2 minus arm rel_L2; positive means the network improved on the prior. 201-snapshot common-contract evaluation; v1 in the absolute-time convention (a perfect model scores rel_L2 0 and phase 0); optimizer effort 3156 L-BFGS evaluations, not a controlled budget."
MP-0289,A01,Measurement information,complete,ModalPINN,pressure_only_physics,Pressure only + physics,cylinder pressure,32,uniform,False,,field,u,rel_L2,near-cylinder,0.04342290014028549,dimensionless,CFD,raw_metric,not applicable,verified_primary,modes_experiment/fresh_analysis/derived/a01_information_comparison_summary.csv,Controlled sparse-data comparison: 32 pressure taps + physics.
MP-0290,A01,Measurement information,complete,ModalPINN,pressure_only_physics,Pressure only + physics,cylinder pressure,32,uniform,False,,field,v,rel_L2,near-cylinder,0.14143913984298706,dimensionless,CFD,raw_metric,not applicable,verified_primary,modes_experiment/fresh_analysis/derived/a01_information_comparison_summary.csv,Controlled sparse-data comparison: 32 pressure taps + physics.
MP-0291,A01,Measurement information,complete,ModalPINN,pressure_only_physics,Pressure only + physics,cylinder pressure,32,uniform,False,,field,p,rel_L2,near-cylinder,0.01867641694843769,dimensionless,CFD,raw_metric,not applicable,verified_primary,modes_experiment/fresh_analysis/derived/a01_information_comparison_summary.csv,Controlled sparse-data comparison: 32 pressure taps + physics.
MP-0292,A01,Measurement information,complete,ModalPINN,pressure_only_physics,Pressure only + physics,cylinder pressure,32,uniform,False,,field,u,rel_L2,near-wake,0.2727372944355011,dimensionless,CFD,raw_metric,not applicable,verified_primary,modes_experiment/fresh_analysis/derived/a01_information_comparison_summary.csv,Controlled sparse-data comparison: 32 pressure taps + physics.
MP-0293,A01,Measurement information,complete,ModalPINN,pressure_only_physics,Pressure only + physics,cylinder pressure,32,uniform,False,,field,v,rel_L2,near-wake,1.0366290807724,dimensionless,CFD,raw_metric,not applicable,verified_primary,modes_experiment/fresh_analysis/derived/a01_information_comparison_summary.csv,Controlled sparse-data comparison: 32 pressure taps + physics.
MP-0294,A01,Measurement information,complete,ModalPINN,pressure_only_physics,Pressure only + physics,cylinder pressure,32,uniform,False,,field,p,rel_L2,near-wake,0.6163440942764282,dimensionless,CFD,raw_metric,not applicable,verified_primary,modes_experiment/fresh_analysis/derived/a01_information_comparison_summary.csv,Controlled sparse-data comparison: 32 pressure taps + physics.
MP-0295,A01,Measurement information,complete,ModalPINN,pressure_only_physics,Pressure only + physics,cylinder pressure,32,uniform,False,,field,u,rel_L2,far-wake,0.5002196431159973,dimensionless,CFD,raw_metric,not applicable,verified_primary,modes_experiment/fresh_analysis/derived/a01_information_comparison_summary.csv,Controlled sparse-data comparison: 32 pressure taps + physics.
MP-0296,A01,Measurement information,complete,ModalPINN,pressure_only_physics,Pressure only + physics,cylinder pressure,32,uniform,False,,field,v,rel_L2,far-wake,1.0139986276626587,dimensionless,CFD,raw_metric,not applicable,verified_primary,modes_experiment/fresh_analysis/derived/a01_information_comparison_summary.csv,Controlled sparse-data comparison: 32 pressure taps + physics.
MP-0297,A01,Measurement information,complete,ModalPINN,pressure_only_physics,Pressure only + physics,cylinder pressure,32,uniform,False,,field,p,rel_L2,far-wake,2.3332183361053467,dimensionless,CFD,raw_metric,not applicable,verified_primary,modes_experiment/fresh_analysis/derived/a01_information_comparison_summary.csv,Controlled sparse-data comparison: 32 pressure taps + physics.
MP-0298,A01,Measurement information,complete,ModalPINN,pressure_only_physics,Pressure only + physics,cylinder pressure,32,uniform,False,,field,u,rel_L2,far-core,0.5826302766799927,dimensionless,CFD,raw_metric,not applicable,verified_primary,modes_experiment/fresh_analysis/derived/a01_information_comparison_summary.csv,Controlled sparse-data comparison: 32 pressure taps + physics.
MP-0299,A01,Measurement information,complete,ModalPINN,pressure_only_physics,Pressure only + physics,cylinder pressure,32,uniform,False,,field,v,rel_L2,far-core,1.0038522481918335,dimensionless,CFD,raw_metric,not applicable,verified_primary,modes_experiment/fresh_analysis/derived/a01_information_comparison_summary.csv,Controlled sparse-data comparison: 32 pressure taps + physics.
MP-0300,A01,Measurement information,complete,ModalPINN,pressure_only_physics,Pressure only + physics,cylinder pressure,32,uniform,False,,field,p,rel_L2,far-core,1.9013025760650635,dimensionless,CFD,raw_metric,not applicable,verified_primary,modes_experiment/fresh_analysis/derived/a01_information_comparison_summary.csv,Controlled sparse-data comparison: 32 pressure taps + physics.
MP-0301,A01,Measurement information,complete,ModalPINN,pressure_only_physics,Pressure only + physics,cylinder pressure,32,uniform,False,,field,u,rel_L2,other,0.06775574386119843,dimensionless,CFD,raw_metric,not applicable,verified_primary,modes_experiment/fresh_analysis/derived/a01_information_comparison_summary.csv,Controlled sparse-data comparison: 32 pressure taps + physics.
MP-0302,A01,Measurement information,complete,ModalPINN,pressure_only_physics,Pressure only + physics,cylinder pressure,32,uniform,False,,field,v,rel_L2,other,0.12204265594482422,dimensionless,CFD,raw_metric,not applicable,verified_primary,modes_experiment/fresh_analysis/derived/a01_information_comparison_summary.csv,Controlled sparse-data comparison: 32 pressure taps + physics.
MP-0303,A01,Measurement information,complete,ModalPINN,pressure_only_physics,Pressure only + physics,cylinder pressure,32,uniform,False,,field,p,rel_L2,other,0.19711746275424957,dimensionless,CFD,raw_metric,not applicable,verified_primary,modes_experiment/fresh_analysis/derived/a01_information_comparison_summary.csv,Controlled sparse-data comparison: 32 pressure taps + physics.
MP-0304,A01,Measurement information,complete,ModalPINN,pressure_only_physics,Pressure only + physics,cylinder pressure,32,uniform,False,,field,u,rel_L2,whole-domain,0.35252973437309265,dimensionless,CFD,raw_metric,not applicable,verified_primary,modes_experiment/fresh_analysis/derived/a01_information_comparison_summary.csv,Controlled sparse-data comparison: 32 pressure taps + physics.
MP-0305,A01,Measurement information,complete,ModalPINN,pressure_only_physics,Pressure only + physics,cylinder pressure,32,uniform,False,,field,v,rel_L2,whole-domain,0.8035315275192261,dimensionless,CFD,raw_metric,not applicable,verified_primary,modes_experiment/fresh_analysis/derived/a01_information_comparison_summary.csv,Controlled sparse-data comparison: 32 pressure taps + physics.
MP-0306,A01,Measurement information,complete,ModalPINN,pressure_only_physics,Pressure only + physics,cylinder pressure,32,uniform,False,,field,p,rel_L2,whole-domain,0.5622267723083496,dimensionless,CFD,raw_metric,not applicable,verified_primary,modes_experiment/fresh_analysis/derived/a01_information_comparison_summary.csv,Controlled sparse-data comparison: 32 pressure taps + physics.
MP-0307,A01,Measurement information,complete,ModalPINN,pressure_only_physics,Pressure only + physics,cylinder pressure,32,uniform,False,,v1_mode,v,n,near-cylinder,13715,count,region node count,raw_metric,absolute time; prediction and CFD reference aligned,verified_primary,modes_experiment/fresh_analysis/derived/a01_information_comparison_summary.csv,Controlled sparse-data comparison: 32 pressure taps + physics.
MP-0308,A01,Measurement information,complete,ModalPINN,pressure_only_physics,Pressure only + physics,cylinder pressure,32,uniform,False,,v1_mode,v,rel_L2,near-cylinder,0.9406295331124092,dimensionless,CFD,raw_metric,absolute time; prediction and CFD reference aligned,verified_primary,modes_experiment/fresh_analysis/derived/a01_information_comparison_summary.csv,Controlled sparse-data comparison: 32 pressure taps + physics.
MP-0309,A01,Measurement information,complete,ModalPINN,pressure_only_physics,Pressure only + physics,cylinder pressure,32,uniform,False,,v1_mode,v,amp_ratio,near-cylinder,0.23299564208967985,dimensionless,ideal 1,raw_metric,absolute time; prediction and CFD reference aligned,verified_primary,modes_experiment/fresh_analysis/derived/a01_information_comparison_summary.csv,Controlled sparse-data comparison: 32 pressure taps + physics.
MP-0310,A01,Measurement information,complete,ModalPINN,pressure_only_physics,Pressure only + physics,cylinder pressure,32,uniform,False,,v1_mode,v,corr,near-cylinder,0.5901849294755541,dimensionless,ideal 1,raw_metric,absolute time; prediction and CFD reference aligned,verified_primary,modes_experiment/fresh_analysis/derived/a01_information_comparison_summary.csv,Controlled sparse-data comparison: 32 pressure taps + physics.
MP-0311,A01,Measurement information,complete,ModalPINN,pressure_only_physics,Pressure only + physics,cylinder pressure,32,uniform,False,,v1_mode,v,phase_deg,near-cylinder,-51.951551177873284,degrees,ideal phase 0 deg,raw_metric,absolute time; prediction and CFD reference aligned,verified_primary,modes_experiment/fresh_analysis/derived/a01_information_comparison_summary.csv,Controlled sparse-data comparison: 32 pressure taps + physics.
MP-0312,A01,Measurement information,complete,ModalPINN,pressure_only_physics,Pressure only + physics,cylinder pressure,32,uniform,False,,v1_mode,v,n,near-wake,15248,count,region node count,raw_metric,absolute time; prediction and CFD reference aligned,verified_primary,modes_experiment/fresh_analysis/derived/a01_information_comparison_summary.csv,Controlled sparse-data comparison: 32 pressure taps + physics.
MP-0313,A01,Measurement information,complete,ModalPINN,pressure_only_physics,Pressure only + physics,cylinder pressure,32,uniform,False,,v1_mode,v,rel_L2,near-wake,1.001504336694003,dimensionless,CFD,raw_metric,absolute time; prediction and CFD reference aligned,verified_primary,modes_experiment/fresh_analysis/derived/a01_information_comparison_summary.csv,Controlled sparse-data comparison: 32 pressure taps + physics.
MP-0314,A01,Measurement information,complete,ModalPINN,pressure_only_physics,Pressure only + physics,cylinder pressure,32,uniform,False,,v1_mode,v,amp_ratio,near-wake,0.0535476974215554,dimensionless,ideal 1,raw_metric,absolute time; prediction and CFD reference aligned,verified_primary,modes_experiment/fresh_analysis/derived/a01_information_comparison_summary.csv,Controlled sparse-data comparison: 32 pressure taps + physics.
MP-0315,A01,Measurement information,complete,ModalPINN,pressure_only_physics,Pressure only + physics,cylinder pressure,32,uniform,False,,v1_mode,v,corr,near-wake,0.08222242151454592,dimensionless,ideal 1,raw_metric,absolute time; prediction and CFD reference aligned,verified_primary,modes_experiment/fresh_analysis/derived/a01_information_comparison_summary.csv,Controlled sparse-data comparison: 32 pressure taps + physics.
MP-0316,A01,Measurement information,complete,ModalPINN,pressure_only_physics,Pressure only + physics,cylinder pressure,32,uniform,False,,v1_mode,v,phase_deg,near-wake,90.93427845597331,degrees,ideal phase 0 deg,raw_metric,absolute time; prediction and CFD reference aligned,verified_primary,modes_experiment/fresh_analysis/derived/a01_information_comparison_summary.csv,Controlled sparse-data comparison: 32 pressure taps + physics.
MP-0317,A01,Measurement information,complete,ModalPINN,pressure_only_physics,Pressure only + physics,cylinder pressure,32,uniform,False,,v1_mode,v,n,far-wake,16393,count,region node count,raw_metric,absolute time; prediction and CFD reference aligned,verified_primary,modes_experiment/fresh_analysis/derived/a01_information_comparison_summary.csv,Controlled sparse-data comparison: 32 pressure taps + physics.
MP-0318,A01,Measurement information,complete,ModalPINN,pressure_only_physics,Pressure only + physics,cylinder pressure,32,uniform,False,,v1_mode,v,rel_L2,far-wake,0.9972479234891308,dimensionless,CFD,raw_metric,absolute time; prediction and CFD reference aligned,verified_primary,modes_experiment/fresh_analysis/derived/a01_information_comparison_summary.csv,Controlled sparse-data comparison: 32 pressure taps + physics.
MP-0319,A01,Measurement information,complete,ModalPINN,pressure_only_physics,Pressure only + physics,cylinder pressure,32,uniform,False,,v1_mode,v,amp_ratio,far-wake,0.021598274531735864,dimensionless,ideal 1,raw_metric,absolute time; prediction and CFD reference aligned,verified_primary,modes_experiment/fresh_analysis/derived/a01_information_comparison_summary.csv,Controlled sparse-data comparison: 32 pressure taps + physics.
MP-0320,A01,Measurement information,complete,ModalPINN,pressure_only_physics,Pressure only + physics,cylinder pressure,32,uniform,False,,v1_mode,v,corr,far-wake,0.1416338488100312,dimensionless,ideal 1,raw_metric,absolute time; prediction and CFD reference aligned,verified_primary,modes_experiment/fresh_analysis/derived/a01_information_comparison_summary.csv,Controlled sparse-data comparison: 32 pressure taps + physics.
MP-0321,A01,Measurement information,complete,ModalPINN,pressure_only_physics,Pressure only + physics,cylinder pressure,32,uniform,False,,v1_mode,v,phase_deg,far-wake,12.92579662232975,degrees,ideal phase 0 deg,raw_metric,absolute time; prediction and CFD reference aligned,verified_primary,modes_experiment/fresh_analysis/derived/a01_information_comparison_summary.csv,Controlled sparse-data comparison: 32 pressure taps + physics.
MP-0322,A01,Measurement information,complete,ModalPINN,pressure_only_physics,Pressure only + physics,cylinder pressure,32,uniform,False,,v1_mode,v,n,far-core,12460,count,region node count,raw_metric,absolute time; prediction and CFD reference aligned,verified_primary,modes_experiment/fresh_analysis/derived/a01_information_comparison_summary.csv,Controlled sparse-data comparison: 32 pressure taps + physics.
MP-0323,A01,Measurement information,complete,ModalPINN,pressure_only_physics,Pressure only + physics,cylinder pressure,32,uniform,False,,v1_mode,v,rel_L2,far-core,0.9971765558242203,dimensionless,CFD,raw_metric,absolute time; prediction and CFD reference aligned,verified_primary,modes_experiment/fresh_analysis/derived/a01_information_comparison_summary.csv,Controlled sparse-data comparison: 32 pressure taps + physics.
MP-0324,A01,Measurement information,complete,ModalPINN,pressure_only_physics,Pressure only + physics,cylinder pressure,32,uniform,False,,v1_mode,v,amp_ratio,far-core,0.01894815276825727,dimensionless,ideal 1,raw_metric,absolute time; prediction and CFD reference aligned,verified_primary,modes_experiment/fresh_analysis/derived/a01_information_comparison_summary.csv,Controlled sparse-data comparison: 32 pressure taps + physics.
MP-0325,A01,Measurement information,complete,ModalPINN,pressure_only_physics,Pressure only + physics,cylinder pressure,32,uniform,False,,v1_mode,v,corr,far-core,0.16035718037970448,dimensionless,ideal 1,raw_metric,absolute time; prediction and CFD reference aligned,verified_primary,modes_experiment/fresh_analysis/derived/a01_information_comparison_summary.csv,Controlled sparse-data comparison: 32 pressure taps + physics.
MP-0326,A01,Measurement information,complete,ModalPINN,pressure_only_physics,Pressure only + physics,cylinder pressure,32,uniform,False,,v1_mode,v,phase_deg,far-core,9.24843573567387,degrees,ideal phase 0 deg,raw_metric,absolute time; prediction and CFD reference aligned,verified_primary,modes_experiment/fresh_analysis/derived/a01_information_comparison_summary.csv,Controlled sparse-data comparison: 32 pressure taps + physics.
MP-0327,A01,Measurement information,complete,ModalPINN,pressure_only_physics,Pressure only + physics,cylinder pressure,32,uniform,False,,v1_mode,v,n,other,6298,count,region node count,raw_metric,absolute time; prediction and CFD reference aligned,verified_primary,modes_experiment/fresh_analysis/derived/a01_information_comparison_summary.csv,Controlled sparse-data comparison: 32 pressure taps + physics.
MP-0328,A01,Measurement information,complete,ModalPINN,pressure_only_physics,Pressure only + physics,cylinder pressure,32,uniform,False,,v1_mode,v,rel_L2,other,0.9241842531271137,dimensionless,CFD,raw_metric,absolute time; prediction and CFD reference aligned,verified_primary,modes_experiment/fresh_analysis/derived/a01_information_comparison_summary.csv,Controlled sparse-data comparison: 32 pressure taps + physics.
MP-0329,A01,Measurement information,complete,ModalPINN,pressure_only_physics,Pressure only + physics,cylinder pressure,32,uniform,False,,v1_mode,v,amp_ratio,other,1.2146865751402014,dimensionless,ideal 1,raw_metric,absolute time; prediction and CFD reference aligned,verified_primary,modes_experiment/fresh_analysis/derived/a01_information_comparison_summary.csv,Controlled sparse-data comparison: 32 pressure taps + physics.
MP-0330,A01,Measurement information,complete,ModalPINN,pressure_only_physics,Pressure only + physics,cylinder pressure,32,uniform,False,,v1_mode,v,corr,other,0.7087490409532666,dimensionless,ideal 1,raw_metric,absolute time; prediction and CFD reference aligned,verified_primary,modes_experiment/fresh_analysis/derived/a01_information_comparison_summary.csv,Controlled sparse-data comparison: 32 pressure taps + physics.
MP-0331,A01,Measurement information,complete,ModalPINN,pressure_only_physics,Pressure only + physics,cylinder pressure,32,uniform,False,,v1_mode,v,phase_deg,other,19.66957343150897,degrees,ideal phase 0 deg,raw_metric,absolute time; prediction and CFD reference aligned,verified_primary,modes_experiment/fresh_analysis/derived/a01_information_comparison_summary.csv,Controlled sparse-data comparison: 32 pressure taps + physics.
MP-0332,A01,Measurement information,complete,ModalPINN,pressure_only_physics,Pressure only + physics,cylinder pressure,32,uniform,False,,v1_mode,v,n,whole-domain,51654,count,region node count,raw_metric,absolute time; prediction and CFD reference aligned,verified_primary,modes_experiment/fresh_analysis/derived/a01_information_comparison_summary.csv,Controlled sparse-data comparison: 32 pressure taps + physics.
MP-0333,A01,Measurement information,complete,ModalPINN,pressure_only_physics,Pressure only + physics,cylinder pressure,32,uniform,False,,v1_mode,v,rel_L2,whole-domain,0.9979354426488796,dimensionless,CFD,raw_metric,absolute time; prediction and CFD reference aligned,verified_primary,modes_experiment/fresh_analysis/derived/a01_information_comparison_summary.csv,Controlled sparse-data comparison: 32 pressure taps + physics.
MP-0334,A01,Measurement information,complete,ModalPINN,pressure_only_physics,Pressure only + physics,cylinder pressure,32,uniform,False,,v1_mode,v,amp_ratio,whole-domain,0.047024170317109606,dimensionless,ideal 1,raw_metric,absolute time; prediction and CFD reference aligned,verified_primary,modes_experiment/fresh_analysis/derived/a01_information_comparison_summary.csv,Controlled sparse-data comparison: 32 pressure taps + physics.
MP-0335,A01,Measurement information,complete,ModalPINN,pressure_only_physics,Pressure only + physics,cylinder pressure,32,uniform,False,,v1_mode,v,corr,whole-domain,0.06884213593908395,dimensionless,ideal 1,raw_metric,absolute time; prediction and CFD reference aligned,verified_primary,modes_experiment/fresh_analysis/derived/a01_information_comparison_summary.csv,Controlled sparse-data comparison: 32 pressure taps + physics.
MP-0336,A01,Measurement information,complete,ModalPINN,pressure_only_physics,Pressure only + physics,cylinder pressure,32,uniform,False,,v1_mode,v,phase_deg,whole-domain,11.866497006933434,degrees,ideal phase 0 deg,raw_metric,absolute time; prediction and CFD reference aligned,verified_primary,modes_experiment/fresh_analysis/derived/a01_information_comparison_summary.csv,Controlled sparse-data comparison: 32 pressure taps + physics.
MP-0337,A01,Measurement information,complete,ModalPINN,pressure_and_velocity_probes_physics,Pressure + velocity probes + physics,cylinder pressure + 40 interior velocity probes,32,uniform,False,,field,u,rel_L2,near-cylinder,0.024427928030490875,dimensionless,CFD,raw_metric,not applicable,verified_primary,modes_experiment/fresh_analysis/derived/a01_information_comparison_summary.csv,Controlled sparse-data comparison: 32 pressure taps + velocity probes + physics.
MP-0338,A01,Measurement information,complete,ModalPINN,pressure_and_velocity_probes_physics,Pressure + velocity probes + physics,cylinder pressure + 40 interior velocity probes,32,uniform,False,,field,v,rel_L2,near-cylinder,0.04838676378130913,dimensionless,CFD,raw_metric,not applicable,verified_primary,modes_experiment/fresh_analysis/derived/a01_information_comparison_summary.csv,Controlled sparse-data comparison: 32 pressure taps + velocity probes + physics.
MP-0339,A01,Measurement information,complete,ModalPINN,pressure_and_velocity_probes_physics,Pressure + velocity probes + physics,cylinder pressure + 40 interior velocity probes,32,uniform,False,,field,p,rel_L2,near-cylinder,0.008180337958037853,dimensionless,CFD,raw_metric,not applicable,verified_primary,modes_experiment/fresh_analysis/derived/a01_information_comparison_summary.csv,Controlled sparse-data comparison: 32 pressure taps + velocity probes + physics.
MP-0340,A01,Measurement information,complete,ModalPINN,pressure_and_velocity_probes_physics,Pressure + velocity probes + physics,cylinder pressure + 40 interior velocity probes,32,uniform,False,,field,u,rel_L2,near-wake,0.015128523111343384,dimensionless,CFD,raw_metric,not applicable,verified_primary,modes_experiment/fresh_analysis/derived/a01_information_comparison_summary.csv,Controlled sparse-data comparison: 32 pressure taps + velocity probes + physics.
MP-0341,A01,Measurement information,complete,ModalPINN,pressure_and_velocity_probes_physics,Pressure + velocity probes + physics,cylinder pressure + 40 interior velocity probes,32,uniform,False,,field,v,rel_L2,near-wake,0.04807698726654053,dimensionless,CFD,raw_metric,not applicable,verified_primary,modes_experiment/fresh_analysis/derived/a01_information_comparison_summary.csv,Controlled sparse-data comparison: 32 pressure taps + velocity probes + physics.
MP-0342,A01,Measurement information,complete,ModalPINN,pressure_and_velocity_probes_physics,Pressure + velocity probes + physics,cylinder pressure + 40 interior velocity probes,32,uniform,False,,field,p,rel_L2,near-wake,0.04742806777358055,dimensionless,CFD,raw_metric,not applicable,verified_primary,modes_experiment/fresh_analysis/derived/a01_information_comparison_summary.csv,Controlled sparse-data comparison: 32 pressure taps + velocity probes + physics.
MP-0343,A01,Measurement information,complete,ModalPINN,pressure_and_velocity_probes_physics,Pressure + velocity probes + physics,cylinder pressure + 40 interior velocity probes,32,uniform,False,,field,u,rel_L2,far-wake,0.07054434716701508,dimensionless,CFD,raw_metric,not applicable,verified_primary,modes_experiment/fresh_analysis/derived/a01_information_comparison_summary.csv,Controlled sparse-data comparison: 32 pressure taps + velocity probes + physics.
MP-0344,A01,Measurement information,complete,ModalPINN,pressure_and_velocity_probes_physics,Pressure + velocity probes + physics,cylinder pressure + 40 interior velocity probes,32,uniform,False,,field,v,rel_L2,far-wake,0.3154568672180176,dimensionless,CFD,raw_metric,not applicable,verified_primary,modes_experiment/fresh_analysis/derived/a01_information_comparison_summary.csv,Controlled sparse-data comparison: 32 pressure taps + velocity probes + physics.
MP-0345,A01,Measurement information,complete,ModalPINN,pressure_and_velocity_probes_physics,Pressure + velocity probes + physics,cylinder pressure + 40 interior velocity probes,32,uniform,False,,field,p,rel_L2,far-wake,0.6365317106246948,dimensionless,CFD,raw_metric,not applicable,verified_primary,modes_experiment/fresh_analysis/derived/a01_information_comparison_summary.csv,Controlled sparse-data comparison: 32 pressure taps + velocity probes + physics.
MP-0346,A01,Measurement information,complete,ModalPINN,pressure_and_velocity_probes_physics,Pressure + velocity probes + physics,cylinder pressure + 40 interior velocity probes,32,uniform,False,,field,u,rel_L2,far-core,0.08218705654144287,dimensionless,CFD,raw_metric,not applicable,verified_primary,modes_experiment/fresh_analysis/derived/a01_information_comparison_summary.csv,Controlled sparse-data comparison: 32 pressure taps + velocity probes + physics.
MP-0347,A01,Measurement information,complete,ModalPINN,pressure_and_velocity_probes_physics,Pressure + velocity probes + physics,cylinder pressure + 40 interior velocity probes,32,uniform,False,,field,v,rel_L2,far-core,0.27826836705207825,dimensionless,CFD,raw_metric,not applicable,verified_primary,modes_experiment/fresh_analysis/derived/a01_information_comparison_summary.csv,Controlled sparse-data comparison: 32 pressure taps + velocity probes + physics.
MP-0348,A01,Measurement information,complete,ModalPINN,pressure_and_velocity_probes_physics,Pressure + velocity probes + physics,cylinder pressure + 40 interior velocity probes,32,uniform,False,,field,p,rel_L2,far-core,0.5939379930496216,dimensionless,CFD,raw_metric,not applicable,verified_primary,modes_experiment/fresh_analysis/derived/a01_information_comparison_summary.csv,Controlled sparse-data comparison: 32 pressure taps + velocity probes + physics.
MP-0349,A01,Measurement information,complete,ModalPINN,pressure_and_velocity_probes_physics,Pressure + velocity probes + physics,cylinder pressure + 40 interior velocity probes,32,uniform,False,,field,u,rel_L2,other,0.02887069620192051,dimensionless,CFD,raw_metric,not applicable,verified_primary,modes_experiment/fresh_analysis/derived/a01_information_comparison_summary.csv,Controlled sparse-data comparison: 32 pressure taps + velocity probes + physics.
MP-0350,A01,Measurement information,complete,ModalPINN,pressure_and_velocity_probes_physics,Pressure + velocity probes + physics,cylinder pressure + 40 interior velocity probes,32,uniform,False,,field,v,rel_L2,other,0.051015645265579224,dimensionless,CFD,raw_metric,not applicable,verified_primary,modes_experiment/fresh_analysis/derived/a01_information_comparison_summary.csv,Controlled sparse-data comparison: 32 pressure taps + velocity probes + physics.
MP-0351,A01,Measurement information,complete,ModalPINN,pressure_and_velocity_probes_physics,Pressure + velocity probes + physics,cylinder pressure + 40 interior velocity probes,32,uniform,False,,field,p,rel_L2,other,0.08834198117256165,dimensionless,CFD,raw_metric,not applicable,verified_primary,modes_experiment/fresh_analysis/derived/a01_information_comparison_summary.csv,Controlled sparse-data comparison: 32 pressure taps + velocity probes + physics.
MP-0352,A01,Measurement information,complete,ModalPINN,pressure_and_velocity_probes_physics,Pressure + velocity probes + physics,cylinder pressure + 40 interior velocity probes,32,uniform,False,,field,u,rel_L2,whole-domain,0.046610429883003235,dimensionless,CFD,raw_metric,not applicable,verified_primary,modes_experiment/fresh_analysis/derived/a01_information_comparison_summary.csv,Controlled sparse-data comparison: 32 pressure taps + velocity probes + physics.
MP-0353,A01,Measurement information,complete,ModalPINN,pressure_and_velocity_probes_physics,Pressure + velocity probes + physics,cylinder pressure + 40 interior velocity probes,32,uniform,False,,field,v,rel_L2,whole-domain,0.20233725011348724,dimensionless,CFD,raw_metric,not applicable,verified_primary,modes_experiment/fresh_analysis/derived/a01_information_comparison_summary.csv,Controlled sparse-data comparison: 32 pressure taps + velocity probes + physics.
MP-0354,A01,Measurement information,complete,ModalPINN,pressure_and_velocity_probes_physics,Pressure + velocity probes + physics,cylinder pressure + 40 interior velocity probes,32,uniform,False,,field,p,rel_L2,whole-domain,0.12847787141799927,dimensionless,CFD,raw_metric,not applicable,verified_primary,modes_experiment/fresh_analysis/derived/a01_information_comparison_summary.csv,Controlled sparse-data comparison: 32 pressure taps + velocity probes + physics.
MP-0355,A01,Measurement information,complete,ModalPINN,pressure_and_velocity_probes_physics,Pressure + velocity probes + physics,cylinder pressure + 40 interior velocity probes,32,uniform,False,,v1_mode,v,n,near-cylinder,13715,count,region node count,raw_metric,absolute time; prediction and CFD reference aligned,verified_primary,modes_experiment/fresh_analysis/derived/a01_information_comparison_summary.csv,Controlled sparse-data comparison: 32 pressure taps + velocity probes + physics.
MP-0356,A01,Measurement information,complete,ModalPINN,pressure_and_velocity_probes_physics,Pressure + velocity probes + physics,cylinder pressure + 40 interior velocity probes,32,uniform,False,,v1_mode,v,rel_L2,near-cylinder,0.31684968637121463,dimensionless,CFD,raw_metric,absolute time; prediction and CFD reference aligned,verified_primary,modes_experiment/fresh_analysis/derived/a01_information_comparison_summary.csv,Controlled sparse-data comparison: 32 pressure taps + velocity probes + physics.
MP-0357,A01,Measurement information,complete,ModalPINN,pressure_and_velocity_probes_physics,Pressure + velocity probes + physics,cylinder pressure + 40 interior velocity probes,32,uniform,False,,v1_mode,v,amp_ratio,near-cylinder,0.7730029363463145,dimensionless,ideal 1,raw_metric,absolute time; prediction and CFD reference aligned,verified_primary,modes_experiment/fresh_analysis/derived/a01_information_comparison_summary.csv,Controlled sparse-data comparison: 32 pressure taps + velocity probes + physics.
MP-0358,A01,Measurement information,complete,ModalPINN,pressure_and_velocity_probes_physics,Pressure + velocity probes + physics,cylinder pressure + 40 interior velocity probes,32,uniform,False,,v1_mode,v,corr,near-cylinder,0.9713002020209437,dimensionless,ideal 1,raw_metric,absolute time; prediction and CFD reference aligned,verified_primary,modes_experiment/fresh_analysis/derived/a01_information_comparison_summary.csv,Controlled sparse-data comparison: 32 pressure taps + velocity probes + physics.
MP-0359,A01,Measurement information,complete,ModalPINN,pressure_and_velocity_probes_physics,Pressure + velocity probes + physics,cylinder pressure + 40 interior velocity probes,32,uniform,False,,v1_mode,v,phase_deg,near-cylinder,-4.434829431394878,degrees,ideal phase 0 deg,raw_metric,absolute time; prediction and CFD reference aligned,verified_primary,modes_experiment/fresh_analysis/derived/a01_information_comparison_summary.csv,Controlled sparse-data comparison: 32 pressure taps + velocity probes + physics.
MP-0360,A01,Measurement information,complete,ModalPINN,pressure_and_velocity_probes_physics,Pressure + velocity probes + physics,cylinder pressure + 40 interior velocity probes,32,uniform,False,,v1_mode,v,n,near-wake,15248,count,region node count,raw_metric,absolute time; prediction and CFD reference aligned,verified_primary,modes_experiment/fresh_analysis/derived/a01_information_comparison_summary.csv,Controlled sparse-data comparison: 32 pressure taps + velocity probes + physics.
MP-0361,A01,Measurement information,complete,ModalPINN,pressure_and_velocity_probes_physics,Pressure + velocity probes + physics,cylinder pressure + 40 interior velocity probes,32,uniform,False,,v1_mode,v,rel_L2,near-wake,0.025534348305694746,dimensionless,CFD,raw_metric,absolute time; prediction and CFD reference aligned,verified_primary,modes_experiment/fresh_analysis/derived/a01_information_comparison_summary.csv,Controlled sparse-data comparison: 32 pressure taps + velocity probes + physics.
MP-0362,A01,Measurement information,complete,ModalPINN,pressure_and_velocity_probes_physics,Pressure + velocity probes + physics,cylinder pressure + 40 interior velocity probes,32,uniform,False,,v1_mode,v,amp_ratio,near-wake,0.9919353794493905,dimensionless,ideal 1,raw_metric,absolute time; prediction and CFD reference aligned,verified_primary,modes_experiment/fresh_analysis/derived/a01_information_comparison_summary.csv,Controlled sparse-data comparison: 32 pressure taps + velocity probes + physics.
MP-0363,A01,Measurement information,complete,ModalPINN,pressure_and_velocity_probes_physics,Pressure + velocity probes + physics,cylinder pressure + 40 interior velocity probes,32,uniform,False,,v1_mode,v,corr,near-wake,0.9997225782649032,dimensionless,ideal 1,raw_metric,absolute time; prediction and CFD reference aligned,verified_primary,modes_experiment/fresh_analysis/derived/a01_information_comparison_summary.csv,Controlled sparse-data comparison: 32 pressure taps + velocity probes + physics.
MP-0364,A01,Measurement information,complete,ModalPINN,pressure_and_velocity_probes_physics,Pressure + velocity probes + physics,cylinder pressure + 40 interior velocity probes,32,uniform,False,,v1_mode,v,phase_deg,near-wake,0.34806350952804854,degrees,ideal phase 0 deg,raw_metric,absolute time; prediction and CFD reference aligned,verified_primary,modes_experiment/fresh_analysis/derived/a01_information_comparison_summary.csv,Controlled sparse-data comparison: 32 pressure taps + velocity probes + physics.
MP-0365,A01,Measurement information,complete,ModalPINN,pressure_and_velocity_probes_physics,Pressure + velocity probes + physics,cylinder pressure + 40 interior velocity probes,32,uniform,False,,v1_mode,v,n,far-wake,16393,count,region node count,raw_metric,absolute time; prediction and CFD reference aligned,verified_primary,modes_experiment/fresh_analysis/derived/a01_information_comparison_summary.csv,Controlled sparse-data comparison: 32 pressure taps + velocity probes + physics.
MP-0366,A01,Measurement information,complete,ModalPINN,pressure_and_velocity_probes_physics,Pressure + velocity probes + physics,cylinder pressure + 40 interior velocity probes,32,uniform,False,,v1_mode,v,rel_L2,far-wake,0.19273617839196852,dimensionless,CFD,raw_metric,absolute time; prediction and CFD reference aligned,verified_primary,modes_experiment/fresh_analysis/derived/a01_information_comparison_summary.csv,Controlled sparse-data comparison: 32 pressure taps + velocity probes + physics.
MP-0367,A01,Measurement information,complete,ModalPINN,pressure_and_velocity_probes_physics,Pressure + velocity probes + physics,cylinder pressure + 40 interior velocity probes,32,uniform,False,,v1_mode,v,amp_ratio,far-wake,0.8669217544071303,dimensionless,ideal 1,raw_metric,absolute time; prediction and CFD reference aligned,verified_primary,modes_experiment/fresh_analysis/derived/a01_information_comparison_summary.csv,Controlled sparse-data comparison: 32 pressure taps + velocity probes + physics.
MP-0368,A01,Measurement information,complete,ModalPINN,pressure_and_velocity_probes_physics,Pressure + velocity probes + physics,cylinder pressure + 40 interior velocity probes,32,uniform,False,,v1_mode,v,corr,far-wake,0.9906922014544486,dimensionless,ideal 1,raw_metric,absolute time; prediction and CFD reference aligned,verified_primary,modes_experiment/fresh_analysis/derived/a01_information_comparison_summary.csv,Controlled sparse-data comparison: 32 pressure taps + velocity probes + physics.
MP-0369,A01,Measurement information,complete,ModalPINN,pressure_and_velocity_probes_physics,Pressure + velocity probes + physics,cylinder pressure + 40 interior velocity probes,32,uniform,False,,v1_mode,v,phase_deg,far-wake,3.551679801698088,degrees,ideal phase 0 deg,raw_metric,absolute time; prediction and CFD reference aligned,verified_primary,modes_experiment/fresh_analysis/derived/a01_information_comparison_summary.csv,Controlled sparse-data comparison: 32 pressure taps + velocity probes + physics.
MP-0370,A01,Measurement information,complete,ModalPINN,pressure_and_velocity_probes_physics,Pressure + velocity probes + physics,cylinder pressure + 40 interior velocity probes,32,uniform,False,,v1_mode,v,n,far-core,12460,count,region node count,raw_metric,absolute time; prediction and CFD reference aligned,verified_primary,modes_experiment/fresh_analysis/derived/a01_information_comparison_summary.csv,Controlled sparse-data comparison: 32 pressure taps + velocity probes + physics.
MP-0371,A01,Measurement information,complete,ModalPINN,pressure_and_velocity_probes_physics,Pressure + velocity probes + physics,cylinder pressure + 40 interior velocity probes,32,uniform,False,,v1_mode,v,rel_L2,far-core,0.18885920721439126,dimensionless,CFD,raw_metric,absolute time; prediction and CFD reference aligned,verified_primary,modes_experiment/fresh_analysis/derived/a01_information_comparison_summary.csv,Controlled sparse-data comparison: 32 pressure taps + velocity probes + physics.
MP-0372,A01,Measurement information,complete,ModalPINN,pressure_and_velocity_probes_physics,Pressure + velocity probes + physics,cylinder pressure + 40 interior velocity probes,32,uniform,False,,v1_mode,v,amp_ratio,far-core,0.8657818200293124,dimensionless,ideal 1,raw_metric,absolute time; prediction and CFD reference aligned,verified_primary,modes_experiment/fresh_analysis/derived/a01_information_comparison_summary.csv,Controlled sparse-data comparison: 32 pressure taps + velocity probes + physics.
MP-0373,A01,Measurement information,complete,ModalPINN,pressure_and_velocity_probes_physics,Pressure + velocity probes + physics,cylinder pressure + 40 interior velocity probes,32,uniform,False,,v1_mode,v,corr,far-core,0.9919253960986074,dimensionless,ideal 1,raw_metric,absolute time; prediction and CFD reference aligned,verified_primary,modes_experiment/fresh_analysis/derived/a01_information_comparison_summary.csv,Controlled sparse-data comparison: 32 pressure taps + velocity probes + physics.
MP-0374,A01,Measurement information,complete,ModalPINN,pressure_and_velocity_probes_physics,Pressure + velocity probes + physics,cylinder pressure + 40 interior velocity probes,32,uniform,False,,v1_mode,v,phase_deg,far-core,3.7469971941836433,degrees,ideal phase 0 deg,raw_metric,absolute time; prediction and CFD reference aligned,verified_primary,modes_experiment/fresh_analysis/derived/a01_information_comparison_summary.csv,Controlled sparse-data comparison: 32 pressure taps + velocity probes + physics.
MP-0375,A01,Measurement information,complete,ModalPINN,pressure_and_velocity_probes_physics,Pressure + velocity probes + physics,cylinder pressure + 40 interior velocity probes,32,uniform,False,,v1_mode,v,n,other,6298,count,region node count,raw_metric,absolute time; prediction and CFD reference aligned,verified_primary,modes_experiment/fresh_analysis/derived/a01_information_comparison_summary.csv,Controlled sparse-data comparison: 32 pressure taps + velocity probes + physics.
MP-0376,A01,Measurement information,complete,ModalPINN,pressure_and_velocity_probes_physics,Pressure + velocity probes + physics,cylinder pressure + 40 interior velocity probes,32,uniform,False,,v1_mode,v,rel_L2,other,0.6926458902474399,dimensionless,CFD,raw_metric,absolute time; prediction and CFD reference aligned,verified_primary,modes_experiment/fresh_analysis/derived/a01_information_comparison_summary.csv,Controlled sparse-data comparison: 32 pressure taps + velocity probes + physics.
MP-0377,A01,Measurement information,complete,ModalPINN,pressure_and_velocity_probes_physics,Pressure + velocity probes + physics,cylinder pressure + 40 interior velocity probes,32,uniform,False,,v1_mode,v,amp_ratio,other,1.229983941740091,dimensionless,ideal 1,raw_metric,absolute time; prediction and CFD reference aligned,verified_primary,modes_experiment/fresh_analysis/derived/a01_information_comparison_summary.csv,Controlled sparse-data comparison: 32 pressure taps + velocity probes + physics.
MP-0378,A01,Measurement information,complete,ModalPINN,pressure_and_velocity_probes_physics,Pressure + velocity probes + physics,cylinder pressure + 40 interior velocity probes,32,uniform,False,,v1_mode,v,corr,other,0.8686440265311222,dimensionless,ideal 1,raw_metric,absolute time; prediction and CFD reference aligned,verified_primary,modes_experiment/fresh_analysis/derived/a01_information_comparison_summary.csv,Controlled sparse-data comparison: 32 pressure taps + velocity probes + physics.
MP-0379,A01,Measurement information,complete,ModalPINN,pressure_and_velocity_probes_physics,Pressure + velocity probes + physics,cylinder pressure + 40 interior velocity probes,32,uniform,False,,v1_mode,v,phase_deg,other,17.92610080861986,degrees,ideal phase 0 deg,raw_metric,absolute time; prediction and CFD reference aligned,verified_primary,modes_experiment/fresh_analysis/derived/a01_information_comparison_summary.csv,Controlled sparse-data comparison: 32 pressure taps + velocity probes + physics.
MP-0380,A01,Measurement information,complete,ModalPINN,pressure_and_velocity_probes_physics,Pressure + velocity probes + physics,cylinder pressure + 40 interior velocity probes,32,uniform,False,,v1_mode,v,n,whole-domain,51654,count,region node count,raw_metric,absolute time; prediction and CFD reference aligned,verified_primary,modes_experiment/fresh_analysis/derived/a01_information_comparison_summary.csv,Controlled sparse-data comparison: 32 pressure taps + velocity probes + physics.
MP-0381,A01,Measurement information,complete,ModalPINN,pressure_and_velocity_probes_physics,Pressure + velocity probes + physics,cylinder pressure + 40 interior velocity probes,32,uniform,False,,v1_mode,v,rel_L2,whole-domain,0.16282875871939662,dimensionless,CFD,raw_metric,absolute time; prediction and CFD reference aligned,verified_primary,modes_experiment/fresh_analysis/derived/a01_information_comparison_summary.csv,Controlled sparse-data comparison: 32 pressure taps + velocity probes + physics.
MP-0382,A01,Measurement information,complete,ModalPINN,pressure_and_velocity_probes_physics,Pressure + velocity probes + physics,cylinder pressure + 40 interior velocity probes,32,uniform,False,,v1_mode,v,amp_ratio,whole-domain,0.9072114335804587,dimensionless,ideal 1,raw_metric,absolute time; prediction and CFD reference aligned,verified_primary,modes_experiment/fresh_analysis/derived/a01_information_comparison_summary.csv,Controlled sparse-data comparison: 32 pressure taps + velocity probes + physics.
MP-0383,A01,Measurement information,complete,ModalPINN,pressure_and_velocity_probes_physics,Pressure + velocity probes + physics,cylinder pressure + 40 interior velocity probes,32,uniform,False,,v1_mode,v,corr,whole-domain,0.9909792038636724,dimensionless,ideal 1,raw_metric,absolute time; prediction and CFD reference aligned,verified_primary,modes_experiment/fresh_analysis/derived/a01_information_comparison_summary.csv,Controlled sparse-data comparison: 32 pressure taps + velocity probes + physics.
MP-0384,A01,Measurement information,complete,ModalPINN,pressure_and_velocity_probes_physics,Pressure + velocity probes + physics,cylinder pressure + 40 interior velocity probes,32,uniform,False,,v1_mode,v,phase_deg,whole-domain,2.368401108011185,degrees,ideal phase 0 deg,raw_metric,absolute time; prediction and CFD reference aligned,verified_primary,modes_experiment/fresh_analysis/derived/a01_information_comparison_summary.csv,Controlled sparse-data comparison: 32 pressure taps + velocity probes + physics.
MP-0385,A01,Measurement information,complete,ModalPINN,dense_observations,Dense observations + physics,"5000 dense u,v,p samples",,uniform,False,,field,u,rel_L2,near-cylinder,0.005857582204043865,dimensionless,CFD,raw_metric,not applicable,verified_primary,modes_experiment/fresh_analysis/derived/a01_information_comparison_summary.csv,Representational ceiling only; dense run uses a different optimizer budget.
MP-0386,A01,Measurement information,complete,ModalPINN,dense_observations,Dense observations + physics,"5000 dense u,v,p samples",,uniform,False,,field,v,rel_L2,near-cylinder,0.011175346560776234,dimensionless,CFD,raw_metric,not applicable,verified_primary,modes_experiment/fresh_analysis/derived/a01_information_comparison_summary.csv,Representational ceiling only; dense run uses a different optimizer budget.
MP-0387,A01,Measurement information,complete,ModalPINN,dense_observations,Dense observations + physics,"5000 dense u,v,p samples",,uniform,False,,field,p,rel_L2,near-cylinder,0.006173023488372564,dimensionless,CFD,raw_metric,not applicable,verified_primary,modes_experiment/fresh_analysis/derived/a01_information_comparison_summary.csv,Representational ceiling only; dense run uses a different optimizer budget.
MP-0388,A01,Measurement information,complete,ModalPINN,dense_observations,Dense observations + physics,"5000 dense u,v,p samples",,uniform,False,,field,u,rel_L2,near-wake,0.006636717356741428,dimensionless,CFD,raw_metric,not applicable,verified_primary,modes_experiment/fresh_analysis/derived/a01_information_comparison_summary.csv,Representational ceiling only; dense run uses a different optimizer budget.
MP-0389,A01,Measurement information,complete,ModalPINN,dense_observations,Dense observations + physics,"5000 dense u,v,p samples",,uniform,False,,field,v,rel_L2,near-wake,0.023743093013763428,dimensionless,CFD,raw_metric,not applicable,verified_primary,modes_experiment/fresh_analysis/derived/a01_information_comparison_summary.csv,Representational ceiling only; dense run uses a different optimizer budget.
MP-0390,A01,Measurement information,complete,ModalPINN,dense_observations,Dense observations + physics,"5000 dense u,v,p samples",,uniform,False,,field,p,rel_L2,near-wake,0.006936534307897091,dimensionless,CFD,raw_metric,not applicable,verified_primary,modes_experiment/fresh_analysis/derived/a01_information_comparison_summary.csv,Representational ceiling only; dense run uses a different optimizer budget.
MP-0391,A01,Measurement information,complete,ModalPINN,dense_observations,Dense observations + physics,"5000 dense u,v,p samples",,uniform,False,,field,u,rel_L2,far-wake,0.009232824668288231,dimensionless,CFD,raw_metric,not applicable,verified_primary,modes_experiment/fresh_analysis/derived/a01_information_comparison_summary.csv,Representational ceiling only; dense run uses a different optimizer budget.
MP-0392,A01,Measurement information,complete,ModalPINN,dense_observations,Dense observations + physics,"5000 dense u,v,p samples",,uniform,False,,field,v,rel_L2,far-wake,0.050979506224393845,dimensionless,CFD,raw_metric,not applicable,verified_primary,modes_experiment/fresh_analysis/derived/a01_information_comparison_summary.csv,Representational ceiling only; dense run uses a different optimizer budget.
MP-0393,A01,Measurement information,complete,ModalPINN,dense_observations,Dense observations + physics,"5000 dense u,v,p samples",,uniform,False,,field,p,rel_L2,far-wake,0.03862603381276131,dimensionless,CFD,raw_metric,not applicable,verified_primary,modes_experiment/fresh_analysis/derived/a01_information_comparison_summary.csv,Representational ceiling only; dense run uses a different optimizer budget.
MP-0394,A01,Measurement information,complete,ModalPINN,dense_observations,Dense observations + physics,"5000 dense u,v,p samples",,uniform,False,,field,u,rel_L2,far-core,0.01101873442530632,dimensionless,CFD,raw_metric,not applicable,verified_primary,modes_experiment/fresh_analysis/derived/a01_information_comparison_summary.csv,Representational ceiling only; dense run uses a different optimizer budget.
MP-0395,A01,Measurement information,complete,ModalPINN,dense_observations,Dense observations + physics,"5000 dense u,v,p samples",,uniform,False,,field,v,rel_L2,far-core,0.051149044185876846,dimensionless,CFD,raw_metric,not applicable,verified_primary,modes_experiment/fresh_analysis/derived/a01_information_comparison_summary.csv,Representational ceiling only; dense run uses a different optimizer budget.
MP-0396,A01,Measurement information,complete,ModalPINN,dense_observations,Dense observations + physics,"5000 dense u,v,p samples",,uniform,False,,field,p,rel_L2,far-core,0.03806442767381668,dimensionless,CFD,raw_metric,not applicable,verified_primary,modes_experiment/fresh_analysis/derived/a01_information_comparison_summary.csv,Representational ceiling only; dense run uses a different optimizer budget.
MP-0397,A01,Measurement information,complete,ModalPINN,dense_observations,Dense observations + physics,"5000 dense u,v,p samples",,uniform,False,,field,u,rel_L2,other,0.01554125640541315,dimensionless,CFD,raw_metric,not applicable,verified_primary,modes_experiment/fresh_analysis/derived/a01_information_comparison_summary.csv,Representational ceiling only; dense run uses a different optimizer budget.
MP-0398,A01,Measurement information,complete,ModalPINN,dense_observations,Dense observations + physics,"5000 dense u,v,p samples",,uniform,False,,field,v,rel_L2,other,0.029023269191384315,dimensionless,CFD,raw_metric,not applicable,verified_primary,modes_experiment/fresh_analysis/derived/a01_information_comparison_summary.csv,Representational ceiling only; dense run uses a different optimizer budget.
MP-0399,A01,Measurement information,complete,ModalPINN,dense_observations,Dense observations + physics,"5000 dense u,v,p samples",,uniform,False,,field,p,rel_L2,other,0.0482742115855217,dimensionless,CFD,raw_metric,not applicable,verified_primary,modes_experiment/fresh_analysis/derived/a01_information_comparison_summary.csv,Representational ceiling only; dense run uses a different optimizer budget.
MP-0400,A01,Measurement information,complete,ModalPINN,dense_observations,Dense observations + physics,"5000 dense u,v,p samples",,uniform,False,,field,u,rel_L2,whole-domain,0.00953542347997427,dimensionless,CFD,raw_metric,not applicable,verified_primary,modes_experiment/fresh_analysis/derived/a01_information_comparison_summary.csv,Representational ceiling only; dense run uses a different optimizer budget.
MP-0401,A01,Measurement information,complete,ModalPINN,dense_observations,Dense observations + physics,"5000 dense u,v,p samples",,uniform,False,,field,v,rel_L2,whole-domain,0.035622913390398026,dimensionless,CFD,raw_metric,not applicable,verified_primary,modes_experiment/fresh_analysis/derived/a01_information_comparison_summary.csv,Representational ceiling only; dense run uses a different optimizer budget.
MP-0402,A01,Measurement information,complete,ModalPINN,dense_observations,Dense observations + physics,"5000 dense u,v,p samples",,uniform,False,,field,p,rel_L2,whole-domain,0.014309391379356384,dimensionless,CFD,raw_metric,not applicable,verified_primary,modes_experiment/fresh_analysis/derived/a01_information_comparison_summary.csv,Representational ceiling only; dense run uses a different optimizer budget.
MP-0403,A01,Measurement information,complete,ModalPINN,dense_observations,Dense observations + physics,"5000 dense u,v,p samples",,uniform,False,,v1_mode,v,n,near-cylinder,13715,count,region node count,raw_metric,absolute time; prediction and CFD reference aligned,verified_primary,modes_experiment/fresh_analysis/derived/a01_information_comparison_summary.csv,Representational ceiling only; dense run uses a different optimizer budget.
MP-0404,A01,Measurement information,complete,ModalPINN,dense_observations,Dense observations + physics,"5000 dense u,v,p samples",,uniform,False,,v1_mode,v,rel_L2,near-cylinder,0.06657526127797751,dimensionless,CFD,raw_metric,absolute time; prediction and CFD reference aligned,verified_primary,modes_experiment/fresh_analysis/derived/a01_information_comparison_summary.csv,Representational ceiling only; dense run uses a different optimizer budget.
MP-0405,A01,Measurement information,complete,ModalPINN,dense_observations,Dense observations + physics,"5000 dense u,v,p samples",,uniform,False,,v1_mode,v,amp_ratio,near-cylinder,0.9827298626073138,dimensionless,ideal 1,raw_metric,absolute time; prediction and CFD reference aligned,verified_primary,modes_experiment/fresh_analysis/derived/a01_information_comparison_summary.csv,Representational ceiling only; dense run uses a different optimizer budget.
MP-0406,A01,Measurement information,complete,ModalPINN,dense_observations,Dense observations + physics,"5000 dense u,v,p samples",,uniform,False,,v1_mode,v,corr,near-cylinder,0.9979052572744116,dimensionless,ideal 1,raw_metric,absolute time; prediction and CFD reference aligned,verified_primary,modes_experiment/fresh_analysis/derived/a01_information_comparison_summary.csv,Representational ceiling only; dense run uses a different optimizer budget.
MP-0407,A01,Measurement information,complete,ModalPINN,dense_observations,Dense observations + physics,"5000 dense u,v,p samples",,uniform,False,,v1_mode,v,phase_deg,near-cylinder,-0.23767694193520655,degrees,ideal phase 0 deg,raw_metric,absolute time; prediction and CFD reference aligned,verified_primary,modes_experiment/fresh_analysis/derived/a01_information_comparison_summary.csv,Representational ceiling only; dense run uses a different optimizer budget.
MP-0408,A01,Measurement information,complete,ModalPINN,dense_observations,Dense observations + physics,"5000 dense u,v,p samples",,uniform,False,,v1_mode,v,n,near-wake,15248,count,region node count,raw_metric,absolute time; prediction and CFD reference aligned,verified_primary,modes_experiment/fresh_analysis/derived/a01_information_comparison_summary.csv,Representational ceiling only; dense run uses a different optimizer budget.
MP-0409,A01,Measurement information,complete,ModalPINN,dense_observations,Dense observations + physics,"5000 dense u,v,p samples",,uniform,False,,v1_mode,v,rel_L2,near-wake,0.0070473260759782155,dimensionless,CFD,raw_metric,absolute time; prediction and CFD reference aligned,verified_primary,modes_experiment/fresh_analysis/derived/a01_information_comparison_summary.csv,Representational ceiling only; dense run uses a different optimizer budget.
MP-0410,A01,Measurement information,complete,ModalPINN,dense_observations,Dense observations + physics,"5000 dense u,v,p samples",,uniform,False,,v1_mode,v,amp_ratio,near-wake,0.9997801193904149,dimensionless,ideal 1,raw_metric,absolute time; prediction and CFD reference aligned,verified_primary,modes_experiment/fresh_analysis/derived/a01_information_comparison_summary.csv,Representational ceiling only; dense run uses a different optimizer budget.
MP-0411,A01,Measurement information,complete,ModalPINN,dense_observations,Dense observations + physics,"5000 dense u,v,p samples",,uniform,False,,v1_mode,v,corr,near-wake,0.9999758327901721,dimensionless,ideal 1,raw_metric,absolute time; prediction and CFD reference aligned,verified_primary,modes_experiment/fresh_analysis/derived/a01_information_comparison_summary.csv,Representational ceiling only; dense run uses a different optimizer budget.
MP-0412,A01,Measurement information,complete,ModalPINN,dense_observations,Dense observations + physics,"5000 dense u,v,p samples",,uniform,False,,v1_mode,v,phase_deg,near-wake,0.06515064692350976,degrees,ideal phase 0 deg,raw_metric,absolute time; prediction and CFD reference aligned,verified_primary,modes_experiment/fresh_analysis/derived/a01_information_comparison_summary.csv,Representational ceiling only; dense run uses a different optimizer budget.
MP-0413,A01,Measurement information,complete,ModalPINN,dense_observations,Dense observations + physics,"5000 dense u,v,p samples",,uniform,False,,v1_mode,v,n,far-wake,16393,count,region node count,raw_metric,absolute time; prediction and CFD reference aligned,verified_primary,modes_experiment/fresh_analysis/derived/a01_information_comparison_summary.csv,Representational ceiling only; dense run uses a different optimizer budget.
MP-0414,A01,Measurement information,complete,ModalPINN,dense_observations,Dense observations + physics,"5000 dense u,v,p samples",,uniform,False,,v1_mode,v,rel_L2,far-wake,0.005595857552085995,dimensionless,CFD,raw_metric,absolute time; prediction and CFD reference aligned,verified_primary,modes_experiment/fresh_analysis/derived/a01_information_comparison_summary.csv,Representational ceiling only; dense run uses a different optimizer budget.
MP-0415,A01,Measurement information,complete,ModalPINN,dense_observations,Dense observations + physics,"5000 dense u,v,p samples",,uniform,False,,v1_mode,v,amp_ratio,far-wake,0.9987583647133436,dimensionless,ideal 1,raw_metric,absolute time; prediction and CFD reference aligned,verified_primary,modes_experiment/fresh_analysis/derived/a01_information_comparison_summary.csv,Representational ceiling only; dense run uses a different optimizer budget.
MP-0416,A01,Measurement information,complete,ModalPINN,dense_observations,Dense observations + physics,"5000 dense u,v,p samples",,uniform,False,,v1_mode,v,corr,far-wake,0.9999884019585417,dimensionless,ideal 1,raw_metric,absolute time; prediction and CFD reference aligned,verified_primary,modes_experiment/fresh_analysis/derived/a01_information_comparison_summary.csv,Representational ceiling only; dense run uses a different optimizer budget.
MP-0417,A01,Measurement information,complete,ModalPINN,dense_observations,Dense observations + physics,"5000 dense u,v,p samples",,uniform,False,,v1_mode,v,phase_deg,far-wake,0.14734011436540054,degrees,ideal phase 0 deg,raw_metric,absolute time; prediction and CFD reference aligned,verified_primary,modes_experiment/fresh_analysis/derived/a01_information_comparison_summary.csv,Representational ceiling only; dense run uses a different optimizer budget.
MP-0418,A01,Measurement information,complete,ModalPINN,dense_observations,Dense observations + physics,"5000 dense u,v,p samples",,uniform,False,,v1_mode,v,n,far-core,12460,count,region node count,raw_metric,absolute time; prediction and CFD reference aligned,verified_primary,modes_experiment/fresh_analysis/derived/a01_information_comparison_summary.csv,Representational ceiling only; dense run uses a different optimizer budget.
MP-0419,A01,Measurement information,complete,ModalPINN,dense_observations,Dense observations + physics,"5000 dense u,v,p samples",,uniform,False,,v1_mode,v,rel_L2,far-core,0.005388283182847069,dimensionless,CFD,raw_metric,absolute time; prediction and CFD reference aligned,verified_primary,modes_experiment/fresh_analysis/derived/a01_information_comparison_summary.csv,Representational ceiling only; dense run uses a different optimizer budget.
MP-0420,A01,Measurement information,complete,ModalPINN,dense_observations,Dense observations + physics,"5000 dense u,v,p samples",,uniform,False,,v1_mode,v,amp_ratio,far-core,0.9988140121437287,dimensionless,ideal 1,raw_metric,absolute time; prediction and CFD reference aligned,verified_primary,modes_experiment/fresh_analysis/derived/a01_information_comparison_summary.csv,Representational ceiling only; dense run uses a different optimizer budget.
MP-0421,A01,Measurement information,complete,ModalPINN,dense_observations,Dense observations + physics,"5000 dense u,v,p samples",,uniform,False,,v1_mode,v,corr,far-core,0.9999895064533598,dimensionless,ideal 1,raw_metric,absolute time; prediction and CFD reference aligned,verified_primary,modes_experiment/fresh_analysis/derived/a01_information_comparison_summary.csv,Representational ceiling only; dense run uses a different optimizer budget.
MP-0422,A01,Measurement information,complete,ModalPINN,dense_observations,Dense observations + physics,"5000 dense u,v,p samples",,uniform,False,,v1_mode,v,phase_deg,far-core,0.1480052477274558,degrees,ideal phase 0 deg,raw_metric,absolute time; prediction and CFD reference aligned,verified_primary,modes_experiment/fresh_analysis/derived/a01_information_comparison_summary.csv,Representational ceiling only; dense run uses a different optimizer budget.
MP-0423,A01,Measurement information,complete,ModalPINN,dense_observations,Dense observations + physics,"5000 dense u,v,p samples",,uniform,False,,v1_mode,v,n,other,6298,count,region node count,raw_metric,absolute time; prediction and CFD reference aligned,verified_primary,modes_experiment/fresh_analysis/derived/a01_information_comparison_summary.csv,Representational ceiling only; dense run uses a different optimizer budget.
MP-0424,A01,Measurement information,complete,ModalPINN,dense_observations,Dense observations + physics,"5000 dense u,v,p samples",,uniform,False,,v1_mode,v,rel_L2,other,0.198100615848264,dimensionless,CFD,raw_metric,absolute time; prediction and CFD reference aligned,verified_primary,modes_experiment/fresh_analysis/derived/a01_information_comparison_summary.csv,Representational ceiling only; dense run uses a different optimizer budget.
MP-0425,A01,Measurement information,complete,ModalPINN,dense_observations,Dense observations + physics,"5000 dense u,v,p samples",,uniform,False,,v1_mode,v,amp_ratio,other,0.9987205588786894,dimensionless,ideal 1,raw_metric,absolute time; prediction and CFD reference aligned,verified_primary,modes_experiment/fresh_analysis/derived/a01_information_comparison_summary.csv,Representational ceiling only; dense run uses a different optimizer budget.
MP-0426,A01,Measurement information,complete,ModalPINN,dense_observations,Dense observations + physics,"5000 dense u,v,p samples",,uniform,False,,v1_mode,v,corr,other,0.9806191254196372,dimensionless,ideal 1,raw_metric,absolute time; prediction and CFD reference aligned,verified_primary,modes_experiment/fresh_analysis/derived/a01_information_comparison_summary.csv,Representational ceiling only; dense run uses a different optimizer budget.
MP-0427,A01,Measurement information,complete,ModalPINN,dense_observations,Dense observations + physics,"5000 dense u,v,p samples",,uniform,False,,v1_mode,v,phase_deg,other,1.3329789103194063,degrees,ideal phase 0 deg,raw_metric,absolute time; prediction and CFD reference aligned,verified_primary,modes_experiment/fresh_analysis/derived/a01_information_comparison_summary.csv,Representational ceiling only; dense run uses a different optimizer budget.
MP-0428,A01,Measurement information,complete,ModalPINN,dense_observations,Dense observations + physics,"5000 dense u,v,p samples",,uniform,False,,v1_mode,v,n,whole-domain,51654,count,region node count,raw_metric,absolute time; prediction and CFD reference aligned,verified_primary,modes_experiment/fresh_analysis/derived/a01_information_comparison_summary.csv,Representational ceiling only; dense run uses a different optimizer budget.
MP-0429,A01,Measurement information,complete,ModalPINN,dense_observations,Dense observations + physics,"5000 dense u,v,p samples",,uniform,False,,v1_mode,v,rel_L2,whole-domain,0.009886067237738888,dimensionless,CFD,raw_metric,absolute time; prediction and CFD reference aligned,verified_primary,modes_experiment/fresh_analysis/derived/a01_information_comparison_summary.csv,Representational ceiling only; dense run uses a different optimizer budget.
MP-0430,A01,Measurement information,complete,ModalPINN,dense_observations,Dense observations + physics,"5000 dense u,v,p samples",,uniform,False,,v1_mode,v,amp_ratio,whole-domain,0.9988959850512018,dimensionless,ideal 1,raw_metric,absolute time; prediction and CFD reference aligned,verified_primary,modes_experiment/fresh_analysis/derived/a01_information_comparison_summary.csv,Representational ceiling only; dense run uses a different optimizer budget.
MP-0431,A01,Measurement information,complete,ModalPINN,dense_observations,Dense observations + physics,"5000 dense u,v,p samples",,uniform,False,,v1_mode,v,corr,whole-domain,0.999953787816969,dimensionless,ideal 1,raw_metric,absolute time; prediction and CFD reference aligned,verified_primary,modes_experiment/fresh_analysis/derived/a01_information_comparison_summary.csv,Representational ceiling only; dense run uses a different optimizer budget.
MP-0432,A01,Measurement information,complete,ModalPINN,dense_observations,Dense observations + physics,"5000 dense u,v,p samples",,uniform,False,,v1_mode,v,phase_deg,whole-domain,0.11739313976216759,degrees,ideal phase 0 deg,raw_metric,absolute time; prediction and CFD reference aligned,verified_primary,modes_experiment/fresh_analysis/derived/a01_information_comparison_summary.csv,Representational ceiling only; dense run uses a different optimizer budget.
MP-0433,A02,Pressure-tap count,complete,ModalPINN,pressure_only_physics_8_taps,Pressure only + physics (8 taps),cylinder pressure,8,uniform,False,,field,u,rel_L2,near-cylinder,0.06901976466178894,dimensionless,CFD,raw_metric,not applicable,verified_primary,modes_experiment/fresh_analysis/derived/a02_tap_count_summary.csv,Pressure-only + physics; 8 cylinder pressure taps.
MP-0434,A02,Pressure-tap count,complete,ModalPINN,pressure_only_physics_8_taps,Pressure only + physics (8 taps),cylinder pressure,8,uniform,False,,field,v,rel_L2,near-cylinder,0.14286431670188904,dimensionless,CFD,raw_metric,not applicable,verified_primary,modes_experiment/fresh_analysis/derived/a02_tap_count_summary.csv,Pressure-only + physics; 8 cylinder pressure taps.
MP-0435,A02,Pressure-tap count,complete,ModalPINN,pressure_only_physics_8_taps,Pressure only + physics (8 taps),cylinder pressure,8,uniform,False,,field,p,rel_L2,near-cylinder,0.08502314984798431,dimensionless,CFD,raw_metric,not applicable,verified_primary,modes_experiment/fresh_analysis/derived/a02_tap_count_summary.csv,Pressure-only + physics; 8 cylinder pressure taps.
MP-0436,A02,Pressure-tap count,complete,ModalPINN,pressure_only_physics_8_taps,Pressure only + physics (8 taps),cylinder pressure,8,uniform,False,,field,u,rel_L2,near-wake,0.29225000739097595,dimensionless,CFD,raw_metric,not applicable,verified_primary,modes_experiment/fresh_analysis/derived/a02_tap_count_summary.csv,Pressure-only + physics; 8 cylinder pressure taps.
MP-0437,A02,Pressure-tap count,complete,ModalPINN,pressure_only_physics_8_taps,Pressure only + physics (8 taps),cylinder pressure,8,uniform,False,,field,v,rel_L2,near-wake,1.0818753242492676,dimensionless,CFD,raw_metric,not applicable,verified_primary,modes_experiment/fresh_analysis/derived/a02_tap_count_summary.csv,Pressure-only + physics; 8 cylinder pressure taps.
MP-0438,A02,Pressure-tap count,complete,ModalPINN,pressure_only_physics_8_taps,Pressure only + physics (8 taps),cylinder pressure,8,uniform,False,,field,p,rel_L2,near-wake,0.6500864028930664,dimensionless,CFD,raw_metric,not applicable,verified_primary,modes_experiment/fresh_analysis/derived/a02_tap_count_summary.csv,Pressure-only + physics; 8 cylinder pressure taps.
MP-0439,A02,Pressure-tap count,complete,ModalPINN,pressure_only_physics_8_taps,Pressure only + physics (8 taps),cylinder pressure,8,uniform,False,,field,u,rel_L2,far-wake,0.5480369329452515,dimensionless,CFD,raw_metric,not applicable,verified_primary,modes_experiment/fresh_analysis/derived/a02_tap_count_summary.csv,Pressure-only + physics; 8 cylinder pressure taps.
MP-0440,A02,Pressure-tap count,complete,ModalPINN,pressure_only_physics_8_taps,Pressure only + physics (8 taps),cylinder pressure,8,uniform,False,,field,v,rel_L2,far-wake,1.0355051755905151,dimensionless,CFD,raw_metric,not applicable,verified_primary,modes_experiment/fresh_analysis/derived/a02_tap_count_summary.csv,Pressure-only + physics; 8 cylinder pressure taps.
MP-0441,A02,Pressure-tap count,complete,ModalPINN,pressure_only_physics_8_taps,Pressure only + physics (8 taps),cylinder pressure,8,uniform,False,,field,p,rel_L2,far-wake,2.504743814468384,dimensionless,CFD,raw_metric,not applicable,verified_primary,modes_experiment/fresh_analysis/derived/a02_tap_count_summary.csv,Pressure-only + physics; 8 cylinder pressure taps.
MP-0442,A02,Pressure-tap count,complete,ModalPINN,pressure_only_physics_8_taps,Pressure only + physics (8 taps),cylinder pressure,8,uniform,False,,field,u,rel_L2,far-core,0.6313831210136414,dimensionless,CFD,raw_metric,not applicable,verified_primary,modes_experiment/fresh_analysis/derived/a02_tap_count_summary.csv,Pressure-only + physics; 8 cylinder pressure taps.
MP-0443,A02,Pressure-tap count,complete,ModalPINN,pressure_only_physics_8_taps,Pressure only + physics (8 taps),cylinder pressure,8,uniform,False,,field,v,rel_L2,far-core,1.0138248205184937,dimensionless,CFD,raw_metric,not applicable,verified_primary,modes_experiment/fresh_analysis/derived/a02_tap_count_summary.csv,Pressure-only + physics; 8 cylinder pressure taps.
MP-0444,A02,Pressure-tap count,complete,ModalPINN,pressure_only_physics_8_taps,Pressure only + physics (8 taps),cylinder pressure,8,uniform,False,,field,p,rel_L2,far-core,2.0009260177612305,dimensionless,CFD,raw_metric,not applicable,verified_primary,modes_experiment/fresh_analysis/derived/a02_tap_count_summary.csv,Pressure-only + physics; 8 cylinder pressure taps.
MP-0445,A02,Pressure-tap count,complete,ModalPINN,pressure_only_physics_8_taps,Pressure only + physics (8 taps),cylinder pressure,8,uniform,False,,field,u,rel_L2,other,0.07508361339569092,dimensionless,CFD,raw_metric,not applicable,verified_primary,modes_experiment/fresh_analysis/derived/a02_tap_count_summary.csv,Pressure-only + physics; 8 cylinder pressure taps.
MP-0446,A02,Pressure-tap count,complete,ModalPINN,pressure_only_physics_8_taps,Pressure only + physics (8 taps),cylinder pressure,8,uniform,False,,field,v,rel_L2,other,0.17537271976470947,dimensionless,CFD,raw_metric,not applicable,verified_primary,modes_experiment/fresh_analysis/derived/a02_tap_count_summary.csv,Pressure-only + physics; 8 cylinder pressure taps.
MP-0447,A02,Pressure-tap count,complete,ModalPINN,pressure_only_physics_8_taps,Pressure only + physics (8 taps),cylinder pressure,8,uniform,False,,field,p,rel_L2,other,0.30188801884651184,dimensionless,CFD,raw_metric,not applicable,verified_primary,modes_experiment/fresh_analysis/derived/a02_tap_count_summary.csv,Pressure-only + physics; 8 cylinder pressure taps.
MP-0448,A02,Pressure-tap count,complete,ModalPINN,pressure_only_physics_8_taps,Pressure only + physics (8 taps),cylinder pressure,8,uniform,False,,field,u,rel_L2,whole-domain,0.38466066122055054,dimensionless,CFD,raw_metric,not applicable,verified_primary,modes_experiment/fresh_analysis/derived/a02_tap_count_summary.csv,Pressure-only + physics; 8 cylinder pressure taps.
MP-0449,A02,Pressure-tap count,complete,ModalPINN,pressure_only_physics_8_taps,Pressure only + physics (8 taps),cylinder pressure,8,uniform,False,,field,v,rel_L2,whole-domain,0.8278552293777466,dimensionless,CFD,raw_metric,not applicable,verified_primary,modes_experiment/fresh_analysis/derived/a02_tap_count_summary.csv,Pressure-only + physics; 8 cylinder pressure taps.
MP-0450,A02,Pressure-tap count,complete,ModalPINN,pressure_only_physics_8_taps,Pressure only + physics (8 taps),cylinder pressure,8,uniform,False,,field,p,rel_L2,whole-domain,0.605472981929779,dimensionless,CFD,raw_metric,not applicable,verified_primary,modes_experiment/fresh_analysis/derived/a02_tap_count_summary.csv,Pressure-only + physics; 8 cylinder pressure taps.
MP-0451,A02,Pressure-tap count,complete,ModalPINN,pressure_only_physics_8_taps,Pressure only + physics (8 taps),cylinder pressure,8,uniform,False,,v1_mode,v,n,near-cylinder,13715,count,region node count,raw_metric,absolute time; prediction and CFD reference aligned,verified_primary,modes_experiment/fresh_analysis/derived/a02_tap_count_summary.csv,Pressure-only + physics; 8 cylinder pressure taps.
MP-0452,A02,Pressure-tap count,complete,ModalPINN,pressure_only_physics_8_taps,Pressure only + physics (8 taps),cylinder pressure,8,uniform,False,,v1_mode,v,rel_L2,near-cylinder,0.7945251197241162,dimensionless,CFD,raw_metric,absolute time; prediction and CFD reference aligned,verified_primary,modes_experiment/fresh_analysis/derived/a02_tap_count_summary.csv,Pressure-only + physics; 8 cylinder pressure taps.
MP-0453,A02,Pressure-tap count,complete,ModalPINN,pressure_only_physics_8_taps,Pressure only + physics (8 taps),cylinder pressure,8,uniform,False,,v1_mode,v,amp_ratio,near-cylinder,0.3066118548942567,dimensionless,ideal 1,raw_metric,absolute time; prediction and CFD reference aligned,verified_primary,modes_experiment/fresh_analysis/derived/a02_tap_count_summary.csv,Pressure-only + physics; 8 cylinder pressure taps.
MP-0454,A02,Pressure-tap count,complete,ModalPINN,pressure_only_physics_8_taps,Pressure only + physics (8 taps),cylinder pressure,8,uniform,False,,v1_mode,v,corr,near-cylinder,0.8201384318794989,dimensionless,ideal 1,raw_metric,absolute time; prediction and CFD reference aligned,verified_primary,modes_experiment/fresh_analysis/derived/a02_tap_count_summary.csv,Pressure-only + physics; 8 cylinder pressure taps.
MP-0455,A02,Pressure-tap count,complete,ModalPINN,pressure_only_physics_8_taps,Pressure only + physics (8 taps),cylinder pressure,8,uniform,False,,v1_mode,v,phase_deg,near-cylinder,-23.060368875521437,degrees,ideal phase 0 deg,raw_metric,absolute time; prediction and CFD reference aligned,verified_primary,modes_experiment/fresh_analysis/derived/a02_tap_count_summary.csv,Pressure-only + physics; 8 cylinder pressure taps.
MP-0456,A02,Pressure-tap count,complete,ModalPINN,pressure_only_physics_8_taps,Pressure only + physics (8 taps),cylinder pressure,8,uniform,False,,v1_mode,v,n,near-wake,15248,count,region node count,raw_metric,absolute time; prediction and CFD reference aligned,verified_primary,modes_experiment/fresh_analysis/derived/a02_tap_count_summary.csv,Pressure-only + physics; 8 cylinder pressure taps.
MP-0457,A02,Pressure-tap count,complete,ModalPINN,pressure_only_physics_8_taps,Pressure only + physics (8 taps),cylinder pressure,8,uniform,False,,v1_mode,v,rel_L2,near-wake,1.035604507245047,dimensionless,CFD,raw_metric,absolute time; prediction and CFD reference aligned,verified_primary,modes_experiment/fresh_analysis/derived/a02_tap_count_summary.csv,Pressure-only + physics; 8 cylinder pressure taps.
MP-0458,A02,Pressure-tap count,complete,ModalPINN,pressure_only_physics_8_taps,Pressure only + physics (8 taps),cylinder pressure,8,uniform,False,,v1_mode,v,amp_ratio,near-wake,0.13122838476609103,dimensionless,ideal 1,raw_metric,absolute time; prediction and CFD reference aligned,verified_primary,modes_experiment/fresh_analysis/derived/a02_tap_count_summary.csv,Pressure-only + physics; 8 cylinder pressure taps.
MP-0459,A02,Pressure-tap count,complete,ModalPINN,pressure_only_physics_8_taps,Pressure only + physics (8 taps),cylinder pressure,8,uniform,False,,v1_mode,v,corr,near-wake,0.3462010470495232,dimensionless,ideal 1,raw_metric,absolute time; prediction and CFD reference aligned,verified_primary,modes_experiment/fresh_analysis/derived/a02_tap_count_summary.csv,Pressure-only + physics; 8 cylinder pressure taps.
MP-0460,A02,Pressure-tap count,complete,ModalPINN,pressure_only_physics_8_taps,Pressure only + physics (8 taps),cylinder pressure,8,uniform,False,,v1_mode,v,phase_deg,near-wake,127.45394104756735,degrees,ideal phase 0 deg,raw_metric,absolute time; prediction and CFD reference aligned,verified_primary,modes_experiment/fresh_analysis/derived/a02_tap_count_summary.csv,Pressure-only + physics; 8 cylinder pressure taps.
MP-0461,A02,Pressure-tap count,complete,ModalPINN,pressure_only_physics_8_taps,Pressure only + physics (8 taps),cylinder pressure,8,uniform,False,,v1_mode,v,n,far-wake,16393,count,region node count,raw_metric,absolute time; prediction and CFD reference aligned,verified_primary,modes_experiment/fresh_analysis/derived/a02_tap_count_summary.csv,Pressure-only + physics; 8 cylinder pressure taps.
MP-0462,A02,Pressure-tap count,complete,ModalPINN,pressure_only_physics_8_taps,Pressure only + physics (8 taps),cylinder pressure,8,uniform,False,,v1_mode,v,rel_L2,far-wake,0.9946944747785285,dimensionless,CFD,raw_metric,absolute time; prediction and CFD reference aligned,verified_primary,modes_experiment/fresh_analysis/derived/a02_tap_count_summary.csv,Pressure-only + physics; 8 cylinder pressure taps.
MP-0463,A02,Pressure-tap count,complete,ModalPINN,pressure_only_physics_8_taps,Pressure only + physics (8 taps),cylinder pressure,8,uniform,False,,v1_mode,v,amp_ratio,far-wake,0.08572913251368047,dimensionless,ideal 1,raw_metric,absolute time; prediction and CFD reference aligned,verified_primary,modes_experiment/fresh_analysis/derived/a02_tap_count_summary.csv,Pressure-only + physics; 8 cylinder pressure taps.
MP-0464,A02,Pressure-tap count,complete,ModalPINN,pressure_only_physics_8_taps,Pressure only + physics (8 taps),cylinder pressure,8,uniform,False,,v1_mode,v,corr,far-wake,0.13683469320995092,dimensionless,ideal 1,raw_metric,absolute time; prediction and CFD reference aligned,verified_primary,modes_experiment/fresh_analysis/derived/a02_tap_count_summary.csv,Pressure-only + physics; 8 cylinder pressure taps.
MP-0465,A02,Pressure-tap count,complete,ModalPINN,pressure_only_physics_8_taps,Pressure only + physics (8 taps),cylinder pressure,8,uniform,False,,v1_mode,v,phase_deg,far-wake,-40.15218249461722,degrees,ideal phase 0 deg,raw_metric,absolute time; prediction and CFD reference aligned,verified_primary,modes_experiment/fresh_analysis/derived/a02_tap_count_summary.csv,Pressure-only + physics; 8 cylinder pressure taps.
MP-0466,A02,Pressure-tap count,complete,ModalPINN,pressure_only_physics_8_taps,Pressure only + physics (8 taps),cylinder pressure,8,uniform,False,,v1_mode,v,n,far-core,12460,count,region node count,raw_metric,absolute time; prediction and CFD reference aligned,verified_primary,modes_experiment/fresh_analysis/derived/a02_tap_count_summary.csv,Pressure-only + physics; 8 cylinder pressure taps.
MP-0467,A02,Pressure-tap count,complete,ModalPINN,pressure_only_physics_8_taps,Pressure only + physics (8 taps),cylinder pressure,8,uniform,False,,v1_mode,v,rel_L2,far-core,0.9942656977931674,dimensionless,CFD,raw_metric,absolute time; prediction and CFD reference aligned,verified_primary,modes_experiment/fresh_analysis/derived/a02_tap_count_summary.csv,Pressure-only + physics; 8 cylinder pressure taps.
MP-0468,A02,Pressure-tap count,complete,ModalPINN,pressure_only_physics_8_taps,Pressure only + physics (8 taps),cylinder pressure,8,uniform,False,,v1_mode,v,amp_ratio,far-core,0.0758927687345873,dimensionless,ideal 1,raw_metric,absolute time; prediction and CFD reference aligned,verified_primary,modes_experiment/fresh_analysis/derived/a02_tap_count_summary.csv,Pressure-only + physics; 8 cylinder pressure taps.
MP-0469,A02,Pressure-tap count,complete,ModalPINN,pressure_only_physics_8_taps,Pressure only + physics (8 taps),cylinder pressure,8,uniform,False,,v1_mode,v,corr,far-core,0.15605609660103806,dimensionless,ideal 1,raw_metric,absolute time; prediction and CFD reference aligned,verified_primary,modes_experiment/fresh_analysis/derived/a02_tap_count_summary.csv,Pressure-only + physics; 8 cylinder pressure taps.
MP-0470,A02,Pressure-tap count,complete,ModalPINN,pressure_only_physics_8_taps,Pressure only + physics (8 taps),cylinder pressure,8,uniform,False,,v1_mode,v,phase_deg,far-core,-43.452718586762934,degrees,ideal phase 0 deg,raw_metric,absolute time; prediction and CFD reference aligned,verified_primary,modes_experiment/fresh_analysis/derived/a02_tap_count_summary.csv,Pressure-only + physics; 8 cylinder pressure taps.
MP-0471,A02,Pressure-tap count,complete,ModalPINN,pressure_only_physics_8_taps,Pressure only + physics (8 taps),cylinder pressure,8,uniform,False,,v1_mode,v,n,other,6298,count,region node count,raw_metric,absolute time; prediction and CFD reference aligned,verified_primary,modes_experiment/fresh_analysis/derived/a02_tap_count_summary.csv,Pressure-only + physics; 8 cylinder pressure taps.
MP-0472,A02,Pressure-tap count,complete,ModalPINN,pressure_only_physics_8_taps,Pressure only + physics (8 taps),cylinder pressure,8,uniform,False,,v1_mode,v,rel_L2,other,2.629865743839027,dimensionless,CFD,raw_metric,absolute time; prediction and CFD reference aligned,verified_primary,modes_experiment/fresh_analysis/derived/a02_tap_count_summary.csv,Pressure-only + physics; 8 cylinder pressure taps.
MP-0473,A02,Pressure-tap count,complete,ModalPINN,pressure_only_physics_8_taps,Pressure only + physics (8 taps),cylinder pressure,8,uniform,False,,v1_mode,v,amp_ratio,other,2.5488018101057595,dimensionless,ideal 1,raw_metric,absolute time; prediction and CFD reference aligned,verified_primary,modes_experiment/fresh_analysis/derived/a02_tap_count_summary.csv,Pressure-only + physics; 8 cylinder pressure taps.
MP-0474,A02,Pressure-tap count,complete,ModalPINN,pressure_only_physics_8_taps,Pressure only + physics (8 taps),cylinder pressure,8,uniform,False,,v1_mode,v,corr,other,0.24637968181759523,dimensionless,ideal 1,raw_metric,absolute time; prediction and CFD reference aligned,verified_primary,modes_experiment/fresh_analysis/derived/a02_tap_count_summary.csv,Pressure-only + physics; 8 cylinder pressure taps.
MP-0475,A02,Pressure-tap count,complete,ModalPINN,pressure_only_physics_8_taps,Pressure only + physics (8 taps),cylinder pressure,8,uniform,False,,v1_mode,v,phase_deg,other,-62.48634263630295,degrees,ideal phase 0 deg,raw_metric,absolute time; prediction and CFD reference aligned,verified_primary,modes_experiment/fresh_analysis/derived/a02_tap_count_summary.csv,Pressure-only + physics; 8 cylinder pressure taps.
MP-0476,A02,Pressure-tap count,complete,ModalPINN,pressure_only_physics_8_taps,Pressure only + physics (8 taps),cylinder pressure,8,uniform,False,,v1_mode,v,n,whole-domain,51654,count,region node count,raw_metric,absolute time; prediction and CFD reference aligned,verified_primary,modes_experiment/fresh_analysis/derived/a02_tap_count_summary.csv,Pressure-only + physics; 8 cylinder pressure taps.
MP-0477,A02,Pressure-tap count,complete,ModalPINN,pressure_only_physics_8_taps,Pressure only + physics (8 taps),cylinder pressure,8,uniform,False,,v1_mode,v,rel_L2,whole-domain,1.0064151531391878,dimensionless,CFD,raw_metric,absolute time; prediction and CFD reference aligned,verified_primary,modes_experiment/fresh_analysis/derived/a02_tap_count_summary.csv,Pressure-only + physics; 8 cylinder pressure taps.
MP-0478,A02,Pressure-tap count,complete,ModalPINN,pressure_only_physics_8_taps,Pressure only + physics (8 taps),cylinder pressure,8,uniform,False,,v1_mode,v,amp_ratio,whole-domain,0.11433658673053144,dimensionless,ideal 1,raw_metric,absolute time; prediction and CFD reference aligned,verified_primary,modes_experiment/fresh_analysis/derived/a02_tap_count_summary.csv,Pressure-only + physics; 8 cylinder pressure taps.
MP-0479,A02,Pressure-tap count,complete,ModalPINN,pressure_only_physics_8_taps,Pressure only + physics (8 taps),cylinder pressure,8,uniform,False,,v1_mode,v,corr,whole-domain,0.04344600294789222,dimensionless,ideal 1,raw_metric,absolute time; prediction and CFD reference aligned,verified_primary,modes_experiment/fresh_analysis/derived/a02_tap_count_summary.csv,Pressure-only + physics; 8 cylinder pressure taps.
MP-0480,A02,Pressure-tap count,complete,ModalPINN,pressure_only_physics_8_taps,Pressure only + physics (8 taps),cylinder pressure,8,uniform,False,,v1_mode,v,phase_deg,whole-domain,88.83845737986894,degrees,ideal phase 0 deg,raw_metric,absolute time; prediction and CFD reference aligned,verified_primary,modes_experiment/fresh_analysis/derived/a02_tap_count_summary.csv,Pressure-only + physics; 8 cylinder pressure taps.
MP-0481,A02,Pressure-tap count,complete,ModalPINN,pressure_only_physics_16_taps,Pressure only + physics (16 taps),cylinder pressure,16,uniform,False,,field,u,rel_L2,near-cylinder,0.053224727511405945,dimensionless,CFD,raw_metric,not applicable,verified_primary,modes_experiment/fresh_analysis/derived/a02_tap_count_summary.csv,Pressure-only + physics; 16 cylinder pressure taps.
MP-0482,A02,Pressure-tap count,complete,ModalPINN,pressure_only_physics_16_taps,Pressure only + physics (16 taps),cylinder pressure,16,uniform,False,,field,v,rel_L2,near-cylinder,0.11401001363992691,dimensionless,CFD,raw_metric,not applicable,verified_primary,modes_experiment/fresh_analysis/derived/a02_tap_count_summary.csv,Pressure-only + physics; 16 cylinder pressure taps.
MP-0483,A02,Pressure-tap count,complete,ModalPINN,pressure_only_physics_16_taps,Pressure only + physics (16 taps),cylinder pressure,16,uniform,False,,field,p,rel_L2,near-cylinder,0.01895841769874096,dimensionless,CFD,raw_metric,not applicable,verified_primary,modes_experiment/fresh_analysis/derived/a02_tap_count_summary.csv,Pressure-only + physics; 16 cylinder pressure taps.
MP-0484,A02,Pressure-tap count,complete,ModalPINN,pressure_only_physics_16_taps,Pressure only + physics (16 taps),cylinder pressure,16,uniform,False,,field,u,rel_L2,near-wake,0.2949351966381073,dimensionless,CFD,raw_metric,not applicable,verified_primary,modes_experiment/fresh_analysis/derived/a02_tap_count_summary.csv,Pressure-only + physics; 16 cylinder pressure taps.
MP-0485,A02,Pressure-tap count,complete,ModalPINN,pressure_only_physics_16_taps,Pressure only + physics (16 taps),cylinder pressure,16,uniform,False,,field,v,rel_L2,near-wake,1.1257730722427368,dimensionless,CFD,raw_metric,not applicable,verified_primary,modes_experiment/fresh_analysis/derived/a02_tap_count_summary.csv,Pressure-only + physics; 16 cylinder pressure taps.
MP-0486,A02,Pressure-tap count,complete,ModalPINN,pressure_only_physics_16_taps,Pressure only + physics (16 taps),cylinder pressure,16,uniform,False,,field,p,rel_L2,near-wake,0.6854112148284912,dimensionless,CFD,raw_metric,not applicable,verified_primary,modes_experiment/fresh_analysis/derived/a02_tap_count_summary.csv,Pressure-only + physics; 16 cylinder pressure taps.
MP-0487,A02,Pressure-tap count,complete,ModalPINN,pressure_only_physics_16_taps,Pressure only + physics (16 taps),cylinder pressure,16,uniform,False,,field,u,rel_L2,far-wake,0.5786994099617004,dimensionless,CFD,raw_metric,not applicable,verified_primary,modes_experiment/fresh_analysis/derived/a02_tap_count_summary.csv,Pressure-only + physics; 16 cylinder pressure taps.
MP-0488,A02,Pressure-tap count,complete,ModalPINN,pressure_only_physics_16_taps,Pressure only + physics (16 taps),cylinder pressure,16,uniform,False,,field,v,rel_L2,far-wake,1.0503432750701904,dimensionless,CFD,raw_metric,not applicable,verified_primary,modes_experiment/fresh_analysis/derived/a02_tap_count_summary.csv,Pressure-only + physics; 16 cylinder pressure taps.
MP-0489,A02,Pressure-tap count,complete,ModalPINN,pressure_only_physics_16_taps,Pressure only + physics (16 taps),cylinder pressure,16,uniform,False,,field,p,rel_L2,far-wake,2.7731873989105225,dimensionless,CFD,raw_metric,not applicable,verified_primary,modes_experiment/fresh_analysis/derived/a02_tap_count_summary.csv,Pressure-only + physics; 16 cylinder pressure taps.
MP-0490,A02,Pressure-tap count,complete,ModalPINN,pressure_only_physics_16_taps,Pressure only + physics (16 taps),cylinder pressure,16,uniform,False,,field,u,rel_L2,far-core,0.6747479438781738,dimensionless,CFD,raw_metric,not applicable,verified_primary,modes_experiment/fresh_analysis/derived/a02_tap_count_summary.csv,Pressure-only + physics; 16 cylinder pressure taps.
MP-0491,A02,Pressure-tap count,complete,ModalPINN,pressure_only_physics_16_taps,Pressure only + physics (16 taps),cylinder pressure,16,uniform,False,,field,v,rel_L2,far-core,1.0232127904891968,dimensionless,CFD,raw_metric,not applicable,verified_primary,modes_experiment/fresh_analysis/derived/a02_tap_count_summary.csv,Pressure-only + physics; 16 cylinder pressure taps.
MP-0492,A02,Pressure-tap count,complete,ModalPINN,pressure_only_physics_16_taps,Pressure only + physics (16 taps),cylinder pressure,16,uniform,False,,field,p,rel_L2,far-core,2.2428393363952637,dimensionless,CFD,raw_metric,not applicable,verified_primary,modes_experiment/fresh_analysis/derived/a02_tap_count_summary.csv,Pressure-only + physics; 16 cylinder pressure taps.
MP-0493,A02,Pressure-tap count,complete,ModalPINN,pressure_only_physics_16_taps,Pressure only + physics (16 taps),cylinder pressure,16,uniform,False,,field,u,rel_L2,other,0.06217988580465317,dimensionless,CFD,raw_metric,not applicable,verified_primary,modes_experiment/fresh_analysis/derived/a02_tap_count_summary.csv,Pressure-only + physics; 16 cylinder pressure taps.
MP-0494,A02,Pressure-tap count,complete,ModalPINN,pressure_only_physics_16_taps,Pressure only + physics (16 taps),cylinder pressure,16,uniform,False,,field,v,rel_L2,other,0.1882726401090622,dimensionless,CFD,raw_metric,not applicable,verified_primary,modes_experiment/fresh_analysis/derived/a02_tap_count_summary.csv,Pressure-only + physics; 16 cylinder pressure taps.
MP-0495,A02,Pressure-tap count,complete,ModalPINN,pressure_only_physics_16_taps,Pressure only + physics (16 taps),cylinder pressure,16,uniform,False,,field,p,rel_L2,other,0.345451682806015,dimensionless,CFD,raw_metric,not applicable,verified_primary,modes_experiment/fresh_analysis/derived/a02_tap_count_summary.csv,Pressure-only + physics; 16 cylinder pressure taps.
MP-0496,A02,Pressure-tap count,complete,ModalPINN,pressure_only_physics_16_taps,Pressure only + physics (16 taps),cylinder pressure,16,uniform,False,,field,u,rel_L2,whole-domain,0.40163329243659973,dimensionless,CFD,raw_metric,not applicable,verified_primary,modes_experiment/fresh_analysis/derived/a02_tap_count_summary.csv,Pressure-only + physics; 16 cylinder pressure taps.
MP-0497,A02,Pressure-tap count,complete,ModalPINN,pressure_only_physics_16_taps,Pressure only + physics (16 taps),cylinder pressure,16,uniform,False,,field,v,rel_L2,whole-domain,0.8465421199798584,dimensionless,CFD,raw_metric,not applicable,verified_primary,modes_experiment/fresh_analysis/derived/a02_tap_count_summary.csv,Pressure-only + physics; 16 cylinder pressure taps.
MP-0498,A02,Pressure-tap count,complete,ModalPINN,pressure_only_physics_16_taps,Pressure only + physics (16 taps),cylinder pressure,16,uniform,False,,field,p,rel_L2,whole-domain,0.6563698649406433,dimensionless,CFD,raw_metric,not applicable,verified_primary,modes_experiment/fresh_analysis/derived/a02_tap_count_summary.csv,Pressure-only + physics; 16 cylinder pressure taps.
MP-0499,A02,Pressure-tap count,complete,ModalPINN,pressure_only_physics_16_taps,Pressure only + physics (16 taps),cylinder pressure,16,uniform,False,,v1_mode,v,n,near-cylinder,13715,count,region node count,raw_metric,absolute time; prediction and CFD reference aligned,verified_primary,modes_experiment/fresh_analysis/derived/a02_tap_count_summary.csv,Pressure-only + physics; 16 cylinder pressure taps.
MP-0500,A02,Pressure-tap count,complete,ModalPINN,pressure_only_physics_16_taps,Pressure only + physics (16 taps),cylinder pressure,16,uniform,False,,v1_mode,v,rel_L2,near-cylinder,0.7170683526210702,dimensionless,CFD,raw_metric,absolute time; prediction and CFD reference aligned,verified_primary,modes_experiment/fresh_analysis/derived/a02_tap_count_summary.csv,Pressure-only + physics; 16 cylinder pressure taps.
MP-0501,A02,Pressure-tap count,complete,ModalPINN,pressure_only_physics_16_taps,Pressure only + physics (16 taps),cylinder pressure,16,uniform,False,,v1_mode,v,amp_ratio,near-cylinder,0.37231059009599204,dimensionless,ideal 1,raw_metric,absolute time; prediction and CFD reference aligned,verified_primary,modes_experiment/fresh_analysis/derived/a02_tap_count_summary.csv,Pressure-only + physics; 16 cylinder pressure taps.
MP-0502,A02,Pressure-tap count,complete,ModalPINN,pressure_only_physics_16_taps,Pressure only + physics (16 taps),cylinder pressure,16,uniform,False,,v1_mode,v,corr,near-cylinder,0.8572082040636152,dimensionless,ideal 1,raw_metric,absolute time; prediction and CFD reference aligned,verified_primary,modes_experiment/fresh_analysis/derived/a02_tap_count_summary.csv,Pressure-only + physics; 16 cylinder pressure taps.
MP-0503,A02,Pressure-tap count,complete,ModalPINN,pressure_only_physics_16_taps,Pressure only + physics (16 taps),cylinder pressure,16,uniform,False,,v1_mode,v,phase_deg,near-cylinder,-11.964955265836505,degrees,ideal phase 0 deg,raw_metric,absolute time; prediction and CFD reference aligned,verified_primary,modes_experiment/fresh_analysis/derived/a02_tap_count_summary.csv,Pressure-only + physics; 16 cylinder pressure taps.
MP-0504,A02,Pressure-tap count,complete,ModalPINN,pressure_only_physics_16_taps,Pressure only + physics (16 taps),cylinder pressure,16,uniform,False,,v1_mode,v,n,near-wake,15248,count,region node count,raw_metric,absolute time; prediction and CFD reference aligned,verified_primary,modes_experiment/fresh_analysis/derived/a02_tap_count_summary.csv,Pressure-only + physics; 16 cylinder pressure taps.
MP-0505,A02,Pressure-tap count,complete,ModalPINN,pressure_only_physics_16_taps,Pressure only + physics (16 taps),cylinder pressure,16,uniform,False,,v1_mode,v,rel_L2,near-wake,1.047032091526815,dimensionless,CFD,raw_metric,absolute time; prediction and CFD reference aligned,verified_primary,modes_experiment/fresh_analysis/derived/a02_tap_count_summary.csv,Pressure-only + physics; 16 cylinder pressure taps.
MP-0506,A02,Pressure-tap count,complete,ModalPINN,pressure_only_physics_16_taps,Pressure only + physics (16 taps),cylinder pressure,16,uniform,False,,v1_mode,v,amp_ratio,near-wake,0.1682616460483098,dimensionless,ideal 1,raw_metric,absolute time; prediction and CFD reference aligned,verified_primary,modes_experiment/fresh_analysis/derived/a02_tap_count_summary.csv,Pressure-only + physics; 16 cylinder pressure taps.
MP-0507,A02,Pressure-tap count,complete,ModalPINN,pressure_only_physics_16_taps,Pressure only + physics (16 taps),cylinder pressure,16,uniform,False,,v1_mode,v,corr,near-wake,0.36408852607231496,dimensionless,ideal 1,raw_metric,absolute time; prediction and CFD reference aligned,verified_primary,modes_experiment/fresh_analysis/derived/a02_tap_count_summary.csv,Pressure-only + physics; 16 cylinder pressure taps.
MP-0508,A02,Pressure-tap count,complete,ModalPINN,pressure_only_physics_16_taps,Pressure only + physics (16 taps),cylinder pressure,16,uniform,False,,v1_mode,v,phase_deg,near-wake,123.69005790022896,degrees,ideal phase 0 deg,raw_metric,absolute time; prediction and CFD reference aligned,verified_primary,modes_experiment/fresh_analysis/derived/a02_tap_count_summary.csv,Pressure-only + physics; 16 cylinder pressure taps.
MP-0509,A02,Pressure-tap count,complete,ModalPINN,pressure_only_physics_16_taps,Pressure only + physics (16 taps),cylinder pressure,16,uniform,False,,v1_mode,v,n,far-wake,16393,count,region node count,raw_metric,absolute time; prediction and CFD reference aligned,verified_primary,modes_experiment/fresh_analysis/derived/a02_tap_count_summary.csv,Pressure-only + physics; 16 cylinder pressure taps.
MP-0510,A02,Pressure-tap count,complete,ModalPINN,pressure_only_physics_16_taps,Pressure only + physics (16 taps),cylinder pressure,16,uniform,False,,v1_mode,v,rel_L2,far-wake,0.9952997344838748,dimensionless,CFD,raw_metric,absolute time; prediction and CFD reference aligned,verified_primary,modes_experiment/fresh_analysis/derived/a02_tap_count_summary.csv,Pressure-only + physics; 16 cylinder pressure taps.
MP-0511,A02,Pressure-tap count,complete,ModalPINN,pressure_only_physics_16_taps,Pressure only + physics (16 taps),cylinder pressure,16,uniform,False,,v1_mode,v,amp_ratio,far-wake,0.1113857429605837,dimensionless,ideal 1,raw_metric,absolute time; prediction and CFD reference aligned,verified_primary,modes_experiment/fresh_analysis/derived/a02_tap_count_summary.csv,Pressure-only + physics; 16 cylinder pressure taps.
MP-0512,A02,Pressure-tap count,complete,ModalPINN,pressure_only_physics_16_taps,Pressure only + physics (16 taps),cylinder pressure,16,uniform,False,,v1_mode,v,corr,far-wake,0.1198885328329664,dimensionless,ideal 1,raw_metric,absolute time; prediction and CFD reference aligned,verified_primary,modes_experiment/fresh_analysis/derived/a02_tap_count_summary.csv,Pressure-only + physics; 16 cylinder pressure taps.
MP-0513,A02,Pressure-tap count,complete,ModalPINN,pressure_only_physics_16_taps,Pressure only + physics (16 taps),cylinder pressure,16,uniform,False,,v1_mode,v,phase_deg,far-wake,-35.34442776218461,degrees,ideal phase 0 deg,raw_metric,absolute time; prediction and CFD reference aligned,verified_primary,modes_experiment/fresh_analysis/derived/a02_tap_count_summary.csv,Pressure-only + physics; 16 cylinder pressure taps.
MP-0514,A02,Pressure-tap count,complete,ModalPINN,pressure_only_physics_16_taps,Pressure only + physics (16 taps),cylinder pressure,16,uniform,False,,v1_mode,v,n,far-core,12460,count,region node count,raw_metric,absolute time; prediction and CFD reference aligned,verified_primary,modes_experiment/fresh_analysis/derived/a02_tap_count_summary.csv,Pressure-only + physics; 16 cylinder pressure taps.
MP-0515,A02,Pressure-tap count,complete,ModalPINN,pressure_only_physics_16_taps,Pressure only + physics (16 taps),cylinder pressure,16,uniform,False,,v1_mode,v,rel_L2,far-core,0.9943267660194628,dimensionless,CFD,raw_metric,absolute time; prediction and CFD reference aligned,verified_primary,modes_experiment/fresh_analysis/derived/a02_tap_count_summary.csv,Pressure-only + physics; 16 cylinder pressure taps.
MP-0516,A02,Pressure-tap count,complete,ModalPINN,pressure_only_physics_16_taps,Pressure only + physics (16 taps),cylinder pressure,16,uniform,False,,v1_mode,v,amp_ratio,far-core,0.0984411918347014,dimensionless,ideal 1,raw_metric,absolute time; prediction and CFD reference aligned,verified_primary,modes_experiment/fresh_analysis/derived/a02_tap_count_summary.csv,Pressure-only + physics; 16 cylinder pressure taps.
MP-0517,A02,Pressure-tap count,complete,ModalPINN,pressure_only_physics_16_taps,Pressure only + physics (16 taps),cylinder pressure,16,uniform,False,,v1_mode,v,corr,far-core,0.13764491331642453,dimensionless,ideal 1,raw_metric,absolute time; prediction and CFD reference aligned,verified_primary,modes_experiment/fresh_analysis/derived/a02_tap_count_summary.csv,Pressure-only + physics; 16 cylinder pressure taps.
MP-0518,A02,Pressure-tap count,complete,ModalPINN,pressure_only_physics_16_taps,Pressure only + physics (16 taps),cylinder pressure,16,uniform,False,,v1_mode,v,phase_deg,far-core,-39.18640145691407,degrees,ideal phase 0 deg,raw_metric,absolute time; prediction and CFD reference aligned,verified_primary,modes_experiment/fresh_analysis/derived/a02_tap_count_summary.csv,Pressure-only + physics; 16 cylinder pressure taps.
MP-0519,A02,Pressure-tap count,complete,ModalPINN,pressure_only_physics_16_taps,Pressure only + physics (16 taps),cylinder pressure,16,uniform,False,,v1_mode,v,n,other,6298,count,region node count,raw_metric,absolute time; prediction and CFD reference aligned,verified_primary,modes_experiment/fresh_analysis/derived/a02_tap_count_summary.csv,Pressure-only + physics; 16 cylinder pressure taps.
MP-0520,A02,Pressure-tap count,complete,ModalPINN,pressure_only_physics_16_taps,Pressure only + physics (16 taps),cylinder pressure,16,uniform,False,,v1_mode,v,rel_L2,other,3.559684147802702,dimensionless,CFD,raw_metric,absolute time; prediction and CFD reference aligned,verified_primary,modes_experiment/fresh_analysis/derived/a02_tap_count_summary.csv,Pressure-only + physics; 16 cylinder pressure taps.
MP-0521,A02,Pressure-tap count,complete,ModalPINN,pressure_only_physics_16_taps,Pressure only + physics (16 taps),cylinder pressure,16,uniform,False,,v1_mode,v,amp_ratio,other,3.4921813271403206,dimensionless,ideal 1,raw_metric,absolute time; prediction and CFD reference aligned,verified_primary,modes_experiment/fresh_analysis/derived/a02_tap_count_summary.csv,Pressure-only + physics; 16 cylinder pressure taps.
MP-0522,A02,Pressure-tap count,complete,ModalPINN,pressure_only_physics_16_taps,Pressure only + physics (16 taps),cylinder pressure,16,uniform,False,,v1_mode,v,corr,other,0.26994844949577573,dimensionless,ideal 1,raw_metric,absolute time; prediction and CFD reference aligned,verified_primary,modes_experiment/fresh_analysis/derived/a02_tap_count_summary.csv,Pressure-only + physics; 16 cylinder pressure taps.
MP-0523,A02,Pressure-tap count,complete,ModalPINN,pressure_only_physics_16_taps,Pressure only + physics (16 taps),cylinder pressure,16,uniform,False,,v1_mode,v,phase_deg,other,-73.86440778437205,degrees,ideal phase 0 deg,raw_metric,absolute time; prediction and CFD reference aligned,verified_primary,modes_experiment/fresh_analysis/derived/a02_tap_count_summary.csv,Pressure-only + physics; 16 cylinder pressure taps.
MP-0524,A02,Pressure-tap count,complete,ModalPINN,pressure_only_physics_16_taps,Pressure only + physics (16 taps),cylinder pressure,16,uniform,False,,v1_mode,v,n,whole-domain,51654,count,region node count,raw_metric,absolute time; prediction and CFD reference aligned,verified_primary,modes_experiment/fresh_analysis/derived/a02_tap_count_summary.csv,Pressure-only + physics; 16 cylinder pressure taps.
MP-0525,A02,Pressure-tap count,complete,ModalPINN,pressure_only_physics_16_taps,Pressure only + physics (16 taps),cylinder pressure,16,uniform,False,,v1_mode,v,rel_L2,whole-domain,1.0105679702855446,dimensionless,CFD,raw_metric,absolute time; prediction and CFD reference aligned,verified_primary,modes_experiment/fresh_analysis/derived/a02_tap_count_summary.csv,Pressure-only + physics; 16 cylinder pressure taps.
MP-0526,A02,Pressure-tap count,complete,ModalPINN,pressure_only_physics_16_taps,Pressure only + physics (16 taps),cylinder pressure,16,uniform,False,,v1_mode,v,amp_ratio,whole-domain,0.14799989297918012,dimensionless,ideal 1,raw_metric,absolute time; prediction and CFD reference aligned,verified_primary,modes_experiment/fresh_analysis/derived/a02_tap_count_summary.csv,Pressure-only + physics; 16 cylinder pressure taps.
MP-0527,A02,Pressure-tap count,complete,ModalPINN,pressure_only_physics_16_taps,Pressure only + physics (16 taps),cylinder pressure,16,uniform,False,,v1_mode,v,corr,whole-domain,0.06647303979127239,dimensionless,ideal 1,raw_metric,absolute time; prediction and CFD reference aligned,verified_primary,modes_experiment/fresh_analysis/derived/a02_tap_count_summary.csv,Pressure-only + physics; 16 cylinder pressure taps.
MP-0528,A02,Pressure-tap count,complete,ModalPINN,pressure_only_physics_16_taps,Pressure only + physics (16 taps),cylinder pressure,16,uniform,False,,v1_mode,v,phase_deg,whole-domain,88.08839150463504,degrees,ideal phase 0 deg,raw_metric,absolute time; prediction and CFD reference aligned,verified_primary,modes_experiment/fresh_analysis/derived/a02_tap_count_summary.csv,Pressure-only + physics; 16 cylinder pressure taps.
MP-0529,A02,Pressure-tap count,complete,ModalPINN,pressure_only_physics_32_taps,Pressure only + physics (32 taps),cylinder pressure,32,uniform,False,,field,u,rel_L2,near-cylinder,0.04342290014028549,dimensionless,CFD,raw_metric,not applicable,verified_primary,modes_experiment/fresh_analysis/derived/a02_tap_count_summary.csv,Pressure-only + physics; 32 cylinder pressure taps.
MP-0530,A02,Pressure-tap count,complete,ModalPINN,pressure_only_physics_32_taps,Pressure only + physics (32 taps),cylinder pressure,32,uniform,False,,field,v,rel_L2,near-cylinder,0.14143913984298706,dimensionless,CFD,raw_metric,not applicable,verified_primary,modes_experiment/fresh_analysis/derived/a02_tap_count_summary.csv,Pressure-only + physics; 32 cylinder pressure taps.
MP-0531,A02,Pressure-tap count,complete,ModalPINN,pressure_only_physics_32_taps,Pressure only + physics (32 taps),cylinder pressure,32,uniform,False,,field,p,rel_L2,near-cylinder,0.01867641694843769,dimensionless,CFD,raw_metric,not applicable,verified_primary,modes_experiment/fresh_analysis/derived/a02_tap_count_summary.csv,Pressure-only + physics; 32 cylinder pressure taps.
MP-0532,A02,Pressure-tap count,complete,ModalPINN,pressure_only_physics_32_taps,Pressure only + physics (32 taps),cylinder pressure,32,uniform,False,,field,u,rel_L2,near-wake,0.2727372944355011,dimensionless,CFD,raw_metric,not applicable,verified_primary,modes_experiment/fresh_analysis/derived/a02_tap_count_summary.csv,Pressure-only + physics; 32 cylinder pressure taps.
MP-0533,A02,Pressure-tap count,complete,ModalPINN,pressure_only_physics_32_taps,Pressure only + physics (32 taps),cylinder pressure,32,uniform,False,,field,v,rel_L2,near-wake,1.0366290807724,dimensionless,CFD,raw_metric,not applicable,verified_primary,modes_experiment/fresh_analysis/derived/a02_tap_count_summary.csv,Pressure-only + physics; 32 cylinder pressure taps.
MP-0534,A02,Pressure-tap count,complete,ModalPINN,pressure_only_physics_32_taps,Pressure only + physics (32 taps),cylinder pressure,32,uniform,False,,field,p,rel_L2,near-wake,0.6163440942764282,dimensionless,CFD,raw_metric,not applicable,verified_primary,modes_experiment/fresh_analysis/derived/a02_tap_count_summary.csv,Pressure-only + physics; 32 cylinder pressure taps.
MP-0535,A02,Pressure-tap count,complete,ModalPINN,pressure_only_physics_32_taps,Pressure only + physics (32 taps),cylinder pressure,32,uniform,False,,field,u,rel_L2,far-wake,0.5002196431159973,dimensionless,CFD,raw_metric,not applicable,verified_primary,modes_experiment/fresh_analysis/derived/a02_tap_count_summary.csv,Pressure-only + physics; 32 cylinder pressure taps.
MP-0536,A02,Pressure-tap count,complete,ModalPINN,pressure_only_physics_32_taps,Pressure only + physics (32 taps),cylinder pressure,32,uniform,False,,field,v,rel_L2,far-wake,1.0139986276626587,dimensionless,CFD,raw_metric,not applicable,verified_primary,modes_experiment/fresh_analysis/derived/a02_tap_count_summary.csv,Pressure-only + physics; 32 cylinder pressure taps.
MP-0537,A02,Pressure-tap count,complete,ModalPINN,pressure_only_physics_32_taps,Pressure only + physics (32 taps),cylinder pressure,32,uniform,False,,field,p,rel_L2,far-wake,2.3332183361053467,dimensionless,CFD,raw_metric,not applicable,verified_primary,modes_experiment/fresh_analysis/derived/a02_tap_count_summary.csv,Pressure-only + physics; 32 cylinder pressure taps.
MP-0538,A02,Pressure-tap count,complete,ModalPINN,pressure_only_physics_32_taps,Pressure only + physics (32 taps),cylinder pressure,32,uniform,False,,field,u,rel_L2,far-core,0.5826302766799927,dimensionless,CFD,raw_metric,not applicable,verified_primary,modes_experiment/fresh_analysis/derived/a02_tap_count_summary.csv,Pressure-only + physics; 32 cylinder pressure taps.
MP-0539,A02,Pressure-tap count,complete,ModalPINN,pressure_only_physics_32_taps,Pressure only + physics (32 taps),cylinder pressure,32,uniform,False,,field,v,rel_L2,far-core,1.0038522481918335,dimensionless,CFD,raw_metric,not applicable,verified_primary,modes_experiment/fresh_analysis/derived/a02_tap_count_summary.csv,Pressure-only + physics; 32 cylinder pressure taps.
MP-0540,A02,Pressure-tap count,complete,ModalPINN,pressure_only_physics_32_taps,Pressure only + physics (32 taps),cylinder pressure,32,uniform,False,,field,p,rel_L2,far-core,1.9013025760650635,dimensionless,CFD,raw_metric,not applicable,verified_primary,modes_experiment/fresh_analysis/derived/a02_tap_count_summary.csv,Pressure-only + physics; 32 cylinder pressure taps.
MP-0541,A02,Pressure-tap count,complete,ModalPINN,pressure_only_physics_32_taps,Pressure only + physics (32 taps),cylinder pressure,32,uniform,False,,field,u,rel_L2,other,0.06775574386119843,dimensionless,CFD,raw_metric,not applicable,verified_primary,modes_experiment/fresh_analysis/derived/a02_tap_count_summary.csv,Pressure-only + physics; 32 cylinder pressure taps.
MP-0542,A02,Pressure-tap count,complete,ModalPINN,pressure_only_physics_32_taps,Pressure only + physics (32 taps),cylinder pressure,32,uniform,False,,field,v,rel_L2,other,0.12204265594482422,dimensionless,CFD,raw_metric,not applicable,verified_primary,modes_experiment/fresh_analysis/derived/a02_tap_count_summary.csv,Pressure-only + physics; 32 cylinder pressure taps.
MP-0543,A02,Pressure-tap count,complete,ModalPINN,pressure_only_physics_32_taps,Pressure only + physics (32 taps),cylinder pressure,32,uniform,False,,field,p,rel_L2,other,0.19711746275424957,dimensionless,CFD,raw_metric,not applicable,verified_primary,modes_experiment/fresh_analysis/derived/a02_tap_count_summary.csv,Pressure-only + physics; 32 cylinder pressure taps.
MP-0544,A02,Pressure-tap count,complete,ModalPINN,pressure_only_physics_32_taps,Pressure only + physics (32 taps),cylinder pressure,32,uniform,False,,field,u,rel_L2,whole-domain,0.35252973437309265,dimensionless,CFD,raw_metric,not applicable,verified_primary,modes_experiment/fresh_analysis/derived/a02_tap_count_summary.csv,Pressure-only + physics; 32 cylinder pressure taps.
MP-0545,A02,Pressure-tap count,complete,ModalPINN,pressure_only_physics_32_taps,Pressure only + physics (32 taps),cylinder pressure,32,uniform,False,,field,v,rel_L2,whole-domain,0.8035315275192261,dimensionless,CFD,raw_metric,not applicable,verified_primary,modes_experiment/fresh_analysis/derived/a02_tap_count_summary.csv,Pressure-only + physics; 32 cylinder pressure taps.
MP-0546,A02,Pressure-tap count,complete,ModalPINN,pressure_only_physics_32_taps,Pressure only + physics (32 taps),cylinder pressure,32,uniform,False,,field,p,rel_L2,whole-domain,0.5622267723083496,dimensionless,CFD,raw_metric,not applicable,verified_primary,modes_experiment/fresh_analysis/derived/a02_tap_count_summary.csv,Pressure-only + physics; 32 cylinder pressure taps.
MP-0547,A02,Pressure-tap count,complete,ModalPINN,pressure_only_physics_32_taps,Pressure only + physics (32 taps),cylinder pressure,32,uniform,False,,v1_mode,v,n,near-cylinder,13715,count,region node count,raw_metric,absolute time; prediction and CFD reference aligned,verified_primary,modes_experiment/fresh_analysis/derived/a02_tap_count_summary.csv,Pressure-only + physics; 32 cylinder pressure taps.
MP-0548,A02,Pressure-tap count,complete,ModalPINN,pressure_only_physics_32_taps,Pressure only + physics (32 taps),cylinder pressure,32,uniform,False,,v1_mode,v,rel_L2,near-cylinder,0.9406295331124092,dimensionless,CFD,raw_metric,absolute time; prediction and CFD reference aligned,verified_primary,modes_experiment/fresh_analysis/derived/a02_tap_count_summary.csv,Pressure-only + physics; 32 cylinder pressure taps.
MP-0549,A02,Pressure-tap count,complete,ModalPINN,pressure_only_physics_32_taps,Pressure only + physics (32 taps),cylinder pressure,32,uniform,False,,v1_mode,v,amp_ratio,near-cylinder,0.23299564208967985,dimensionless,ideal 1,raw_metric,absolute time; prediction and CFD reference aligned,verified_primary,modes_experiment/fresh_analysis/derived/a02_tap_count_summary.csv,Pressure-only + physics; 32 cylinder pressure taps.
MP-0550,A02,Pressure-tap count,complete,ModalPINN,pressure_only_physics_32_taps,Pressure only + physics (32 taps),cylinder pressure,32,uniform,False,,v1_mode,v,corr,near-cylinder,0.5901849294755541,dimensionless,ideal 1,raw_metric,absolute time; prediction and CFD reference aligned,verified_primary,modes_experiment/fresh_analysis/derived/a02_tap_count_summary.csv,Pressure-only + physics; 32 cylinder pressure taps.
MP-0551,A02,Pressure-tap count,complete,ModalPINN,pressure_only_physics_32_taps,Pressure only + physics (32 taps),cylinder pressure,32,uniform,False,,v1_mode,v,phase_deg,near-cylinder,-51.951551177873284,degrees,ideal phase 0 deg,raw_metric,absolute time; prediction and CFD reference aligned,verified_primary,modes_experiment/fresh_analysis/derived/a02_tap_count_summary.csv,Pressure-only + physics; 32 cylinder pressure taps.
MP-0552,A02,Pressure-tap count,complete,ModalPINN,pressure_only_physics_32_taps,Pressure only + physics (32 taps),cylinder pressure,32,uniform,False,,v1_mode,v,n,near-wake,15248,count,region node count,raw_metric,absolute time; prediction and CFD reference aligned,verified_primary,modes_experiment/fresh_analysis/derived/a02_tap_count_summary.csv,Pressure-only + physics; 32 cylinder pressure taps.
MP-0553,A02,Pressure-tap count,complete,ModalPINN,pressure_only_physics_32_taps,Pressure only + physics (32 taps),cylinder pressure,32,uniform,False,,v1_mode,v,rel_L2,near-wake,1.001504336694003,dimensionless,CFD,raw_metric,absolute time; prediction and CFD reference aligned,verified_primary,modes_experiment/fresh_analysis/derived/a02_tap_count_summary.csv,Pressure-only + physics; 32 cylinder pressure taps.
MP-0554,A02,Pressure-tap count,complete,ModalPINN,pressure_only_physics_32_taps,Pressure only + physics (32 taps),cylinder pressure,32,uniform,False,,v1_mode,v,amp_ratio,near-wake,0.0535476974215554,dimensionless,ideal 1,raw_metric,absolute time; prediction and CFD reference aligned,verified_primary,modes_experiment/fresh_analysis/derived/a02_tap_count_summary.csv,Pressure-only + physics; 32 cylinder pressure taps.
MP-0555,A02,Pressure-tap count,complete,ModalPINN,pressure_only_physics_32_taps,Pressure only + physics (32 taps),cylinder pressure,32,uniform,False,,v1_mode,v,corr,near-wake,0.08222242151454592,dimensionless,ideal 1,raw_metric,absolute time; prediction and CFD reference aligned,verified_primary,modes_experiment/fresh_analysis/derived/a02_tap_count_summary.csv,Pressure-only + physics; 32 cylinder pressure taps.
MP-0556,A02,Pressure-tap count,complete,ModalPINN,pressure_only_physics_32_taps,Pressure only + physics (32 taps),cylinder pressure,32,uniform,False,,v1_mode,v,phase_deg,near-wake,90.93427845597331,degrees,ideal phase 0 deg,raw_metric,absolute time; prediction and CFD reference aligned,verified_primary,modes_experiment/fresh_analysis/derived/a02_tap_count_summary.csv,Pressure-only + physics; 32 cylinder pressure taps.
MP-0557,A02,Pressure-tap count,complete,ModalPINN,pressure_only_physics_32_taps,Pressure only + physics (32 taps),cylinder pressure,32,uniform,False,,v1_mode,v,n,far-wake,16393,count,region node count,raw_metric,absolute time; prediction and CFD reference aligned,verified_primary,modes_experiment/fresh_analysis/derived/a02_tap_count_summary.csv,Pressure-only + physics; 32 cylinder pressure taps.
MP-0558,A02,Pressure-tap count,complete,ModalPINN,pressure_only_physics_32_taps,Pressure only + physics (32 taps),cylinder pressure,32,uniform,False,,v1_mode,v,rel_L2,far-wake,0.9972479234891308,dimensionless,CFD,raw_metric,absolute time; prediction and CFD reference aligned,verified_primary,modes_experiment/fresh_analysis/derived/a02_tap_count_summary.csv,Pressure-only + physics; 32 cylinder pressure taps.
MP-0559,A02,Pressure-tap count,complete,ModalPINN,pressure_only_physics_32_taps,Pressure only + physics (32 taps),cylinder pressure,32,uniform,False,,v1_mode,v,amp_ratio,far-wake,0.021598274531735864,dimensionless,ideal 1,raw_metric,absolute time; prediction and CFD reference aligned,verified_primary,modes_experiment/fresh_analysis/derived/a02_tap_count_summary.csv,Pressure-only + physics; 32 cylinder pressure taps.
MP-0560,A02,Pressure-tap count,complete,ModalPINN,pressure_only_physics_32_taps,Pressure only + physics (32 taps),cylinder pressure,32,uniform,False,,v1_mode,v,corr,far-wake,0.1416338488100312,dimensionless,ideal 1,raw_metric,absolute time; prediction and CFD reference aligned,verified_primary,modes_experiment/fresh_analysis/derived/a02_tap_count_summary.csv,Pressure-only + physics; 32 cylinder pressure taps.
MP-0561,A02,Pressure-tap count,complete,ModalPINN,pressure_only_physics_32_taps,Pressure only + physics (32 taps),cylinder pressure,32,uniform,False,,v1_mode,v,phase_deg,far-wake,12.92579662232975,degrees,ideal phase 0 deg,raw_metric,absolute time; prediction and CFD reference aligned,verified_primary,modes_experiment/fresh_analysis/derived/a02_tap_count_summary.csv,Pressure-only + physics; 32 cylinder pressure taps.
MP-0562,A02,Pressure-tap count,complete,ModalPINN,pressure_only_physics_32_taps,Pressure only + physics (32 taps),cylinder pressure,32,uniform,False,,v1_mode,v,n,far-core,12460,count,region node count,raw_metric,absolute time; prediction and CFD reference aligned,verified_primary,modes_experiment/fresh_analysis/derived/a02_tap_count_summary.csv,Pressure-only + physics; 32 cylinder pressure taps.
MP-0563,A02,Pressure-tap count,complete,ModalPINN,pressure_only_physics_32_taps,Pressure only + physics (32 taps),cylinder pressure,32,uniform,False,,v1_mode,v,rel_L2,far-core,0.9971765558242203,dimensionless,CFD,raw_metric,absolute time; prediction and CFD reference aligned,verified_primary,modes_experiment/fresh_analysis/derived/a02_tap_count_summary.csv,Pressure-only + physics; 32 cylinder pressure taps.
MP-0564,A02,Pressure-tap count,complete,ModalPINN,pressure_only_physics_32_taps,Pressure only + physics (32 taps),cylinder pressure,32,uniform,False,,v1_mode,v,amp_ratio,far-core,0.01894815276825727,dimensionless,ideal 1,raw_metric,absolute time; prediction and CFD reference aligned,verified_primary,modes_experiment/fresh_analysis/derived/a02_tap_count_summary.csv,Pressure-only + physics; 32 cylinder pressure taps.
MP-0565,A02,Pressure-tap count,complete,ModalPINN,pressure_only_physics_32_taps,Pressure only + physics (32 taps),cylinder pressure,32,uniform,False,,v1_mode,v,corr,far-core,0.16035718037970448,dimensionless,ideal 1,raw_metric,absolute time; prediction and CFD reference aligned,verified_primary,modes_experiment/fresh_analysis/derived/a02_tap_count_summary.csv,Pressure-only + physics; 32 cylinder pressure taps.
MP-0566,A02,Pressure-tap count,complete,ModalPINN,pressure_only_physics_32_taps,Pressure only + physics (32 taps),cylinder pressure,32,uniform,False,,v1_mode,v,phase_deg,far-core,9.24843573567387,degrees,ideal phase 0 deg,raw_metric,absolute time; prediction and CFD reference aligned,verified_primary,modes_experiment/fresh_analysis/derived/a02_tap_count_summary.csv,Pressure-only + physics; 32 cylinder pressure taps.
MP-0567,A02,Pressure-tap count,complete,ModalPINN,pressure_only_physics_32_taps,Pressure only + physics (32 taps),cylinder pressure,32,uniform,False,,v1_mode,v,n,other,6298,count,region node count,raw_metric,absolute time; prediction and CFD reference aligned,verified_primary,modes_experiment/fresh_analysis/derived/a02_tap_count_summary.csv,Pressure-only + physics; 32 cylinder pressure taps.
MP-0568,A02,Pressure-tap count,complete,ModalPINN,pressure_only_physics_32_taps,Pressure only + physics (32 taps),cylinder pressure,32,uniform,False,,v1_mode,v,rel_L2,other,0.9241842531271137,dimensionless,CFD,raw_metric,absolute time; prediction and CFD reference aligned,verified_primary,modes_experiment/fresh_analysis/derived/a02_tap_count_summary.csv,Pressure-only + physics; 32 cylinder pressure taps.
MP-0569,A02,Pressure-tap count,complete,ModalPINN,pressure_only_physics_32_taps,Pressure only + physics (32 taps),cylinder pressure,32,uniform,False,,v1_mode,v,amp_ratio,other,1.2146865751402014,dimensionless,ideal 1,raw_metric,absolute time; prediction and CFD reference aligned,verified_primary,modes_experiment/fresh_analysis/derived/a02_tap_count_summary.csv,Pressure-only + physics; 32 cylinder pressure taps.
MP-0570,A02,Pressure-tap count,complete,ModalPINN,pressure_only_physics_32_taps,Pressure only + physics (32 taps),cylinder pressure,32,uniform,False,,v1_mode,v,corr,other,0.7087490409532666,dimensionless,ideal 1,raw_metric,absolute time; prediction and CFD reference aligned,verified_primary,modes_experiment/fresh_analysis/derived/a02_tap_count_summary.csv,Pressure-only + physics; 32 cylinder pressure taps.
MP-0571,A02,Pressure-tap count,complete,ModalPINN,pressure_only_physics_32_taps,Pressure only + physics (32 taps),cylinder pressure,32,uniform,False,,v1_mode,v,phase_deg,other,19.66957343150897,degrees,ideal phase 0 deg,raw_metric,absolute time; prediction and CFD reference aligned,verified_primary,modes_experiment/fresh_analysis/derived/a02_tap_count_summary.csv,Pressure-only + physics; 32 cylinder pressure taps.
MP-0572,A02,Pressure-tap count,complete,ModalPINN,pressure_only_physics_32_taps,Pressure only + physics (32 taps),cylinder pressure,32,uniform,False,,v1_mode,v,n,whole-domain,51654,count,region node count,raw_metric,absolute time; prediction and CFD reference aligned,verified_primary,modes_experiment/fresh_analysis/derived/a02_tap_count_summary.csv,Pressure-only + physics; 32 cylinder pressure taps.
MP-0573,A02,Pressure-tap count,complete,ModalPINN,pressure_only_physics_32_taps,Pressure only + physics (32 taps),cylinder pressure,32,uniform,False,,v1_mode,v,rel_L2,whole-domain,0.9979354426488796,dimensionless,CFD,raw_metric,absolute time; prediction and CFD reference aligned,verified_primary,modes_experiment/fresh_analysis/derived/a02_tap_count_summary.csv,Pressure-only + physics; 32 cylinder pressure taps.
MP-0574,A02,Pressure-tap count,complete,ModalPINN,pressure_only_physics_32_taps,Pressure only + physics (32 taps),cylinder pressure,32,uniform,False,,v1_mode,v,amp_ratio,whole-domain,0.047024170317109606,dimensionless,ideal 1,raw_metric,absolute time; prediction and CFD reference aligned,verified_primary,modes_experiment/fresh_analysis/derived/a02_tap_count_summary.csv,Pressure-only + physics; 32 cylinder pressure taps.
MP-0575,A02,Pressure-tap count,complete,ModalPINN,pressure_only_physics_32_taps,Pressure only + physics (32 taps),cylinder pressure,32,uniform,False,,v1_mode,v,corr,whole-domain,0.06884213593908395,dimensionless,ideal 1,raw_metric,absolute time; prediction and CFD reference aligned,verified_primary,modes_experiment/fresh_analysis/derived/a02_tap_count_summary.csv,Pressure-only + physics; 32 cylinder pressure taps.
MP-0576,A02,Pressure-tap count,complete,ModalPINN,pressure_only_physics_32_taps,Pressure only + physics (32 taps),cylinder pressure,32,uniform,False,,v1_mode,v,phase_deg,whole-domain,11.866497006933434,degrees,ideal phase 0 deg,raw_metric,absolute time; prediction and CFD reference aligned,verified_primary,modes_experiment/fresh_analysis/derived/a02_tap_count_summary.csv,Pressure-only + physics; 32 cylinder pressure taps.
MP-0577,A04,Karman-prior attribution,complete_with_single_run_caveat,Analytical prior,karman_prior_only,Karman prior alone,32 tap-derived prior parameters,32,n/a,True,,field,u,rel_L2,near-cylinder,1.9486876976018852,dimensionless,CFD,raw_metric,not applicable,verified_primary,modes_experiment/fresh_analysis/derived/a04_prior_attribution_summary.csv,201-snapshot common-contract evaluation.
MP-0578,A04,Karman-prior attribution,complete_with_single_run_caveat,Analytical prior,karman_prior_only,Karman prior alone,32 tap-derived prior parameters,32,n/a,True,,field,v,rel_L2,near-cylinder,1.8983457550148255,dimensionless,CFD,raw_metric,not applicable,verified_primary,modes_experiment/fresh_analysis/derived/a04_prior_attribution_summary.csv,201-snapshot common-contract evaluation.
MP-0579,A04,Karman-prior attribution,complete_with_single_run_caveat,Analytical prior,karman_prior_only,Karman prior alone,32 tap-derived prior parameters,32,n/a,True,,field,p,rel_L2,near-cylinder,0.7751385714345209,dimensionless,CFD,raw_metric,not applicable,verified_primary,modes_experiment/fresh_analysis/derived/a04_prior_attribution_summary.csv,201-snapshot common-contract evaluation.
MP-0580,A04,Karman-prior attribution,complete_with_single_run_caveat,Analytical prior,karman_prior_only,Karman prior alone,32 tap-derived prior parameters,32,n/a,True,,field,u,rel_L2,near-wake,0.48576400421773874,dimensionless,CFD,raw_metric,not applicable,verified_primary,modes_experiment/fresh_analysis/derived/a04_prior_attribution_summary.csv,201-snapshot common-contract evaluation.
MP-0581,A04,Karman-prior attribution,complete_with_single_run_caveat,Analytical prior,karman_prior_only,Karman prior alone,32 tap-derived prior parameters,32,n/a,True,,field,v,rel_L2,near-wake,1.0054605676179813,dimensionless,CFD,raw_metric,not applicable,verified_primary,modes_experiment/fresh_analysis/derived/a04_prior_attribution_summary.csv,201-snapshot common-contract evaluation.
MP-0582,A04,Karman-prior attribution,complete_with_single_run_caveat,Analytical prior,karman_prior_only,Karman prior alone,32 tap-derived prior parameters,32,n/a,True,,field,p,rel_L2,near-wake,0.907807119954012,dimensionless,CFD,raw_metric,not applicable,verified_primary,modes_experiment/fresh_analysis/derived/a04_prior_attribution_summary.csv,201-snapshot common-contract evaluation.
MP-0583,A04,Karman-prior attribution,complete_with_single_run_caveat,Analytical prior,karman_prior_only,Karman prior alone,32 tap-derived prior parameters,32,n/a,True,,field,u,rel_L2,far-wake,0.23653433101428006,dimensionless,CFD,raw_metric,not applicable,verified_primary,modes_experiment/fresh_analysis/derived/a04_prior_attribution_summary.csv,201-snapshot common-contract evaluation.
MP-0584,A04,Karman-prior attribution,complete_with_single_run_caveat,Analytical prior,karman_prior_only,Karman prior alone,32 tap-derived prior parameters,32,n/a,True,,field,v,rel_L2,far-wake,0.4317309112623096,dimensionless,CFD,raw_metric,not applicable,verified_primary,modes_experiment/fresh_analysis/derived/a04_prior_attribution_summary.csv,201-snapshot common-contract evaluation.
MP-0585,A04,Karman-prior attribution,complete_with_single_run_caveat,Analytical prior,karman_prior_only,Karman prior alone,32 tap-derived prior parameters,32,n/a,True,,field,p,rel_L2,far-wake,0.8957094869309332,dimensionless,CFD,raw_metric,not applicable,verified_primary,modes_experiment/fresh_analysis/derived/a04_prior_attribution_summary.csv,201-snapshot common-contract evaluation.
MP-0586,A04,Karman-prior attribution,complete_with_single_run_caveat,Analytical prior,karman_prior_only,Karman prior alone,32 tap-derived prior parameters,32,n/a,True,,field,u,rel_L2,far-core,0.2839371902643356,dimensionless,CFD,raw_metric,not applicable,verified_primary,modes_experiment/fresh_analysis/derived/a04_prior_attribution_summary.csv,201-snapshot common-contract evaluation.
MP-0587,A04,Karman-prior attribution,complete_with_single_run_caveat,Analytical prior,karman_prior_only,Karman prior alone,32 tap-derived prior parameters,32,n/a,True,,field,v,rel_L2,far-core,0.4302781144963217,dimensionless,CFD,raw_metric,not applicable,verified_primary,modes_experiment/fresh_analysis/derived/a04_prior_attribution_summary.csv,201-snapshot common-contract evaluation.
MP-0588,A04,Karman-prior attribution,complete_with_single_run_caveat,Analytical prior,karman_prior_only,Karman prior alone,32 tap-derived prior parameters,32,n/a,True,,field,p,rel_L2,far-core,0.8953915810318316,dimensionless,CFD,raw_metric,not applicable,verified_primary,modes_experiment/fresh_analysis/derived/a04_prior_attribution_summary.csv,201-snapshot common-contract evaluation.
MP-0589,A04,Karman-prior attribution,complete_with_single_run_caveat,Analytical prior,karman_prior_only,Karman prior alone,32 tap-derived prior parameters,32,n/a,True,,field,u,rel_L2,other,0.09759814325699187,dimensionless,CFD,raw_metric,not applicable,verified_primary,modes_experiment/fresh_analysis/derived/a04_prior_attribution_summary.csv,201-snapshot common-contract evaluation.
MP-0590,A04,Karman-prior attribution,complete_with_single_run_caveat,Analytical prior,karman_prior_only,Karman prior alone,32 tap-derived prior parameters,32,n/a,True,,field,v,rel_L2,other,0.42662660586870743,dimensionless,CFD,raw_metric,not applicable,verified_primary,modes_experiment/fresh_analysis/derived/a04_prior_attribution_summary.csv,201-snapshot common-contract evaluation.
MP-0591,A04,Karman-prior attribution,complete_with_single_run_caveat,Analytical prior,karman_prior_only,Karman prior alone,32 tap-derived prior parameters,32,n/a,True,,field,p,rel_L2,other,0.9726505721288202,dimensionless,CFD,raw_metric,not applicable,verified_primary,modes_experiment/fresh_analysis/derived/a04_prior_attribution_summary.csv,201-snapshot common-contract evaluation.
MP-0592,A04,Karman-prior attribution,complete_with_single_run_caveat,Analytical prior,karman_prior_only,Karman prior alone,32 tap-derived prior parameters,32,n/a,True,,field,u,rel_L2,whole-domain,0.6537600200997299,dimensionless,CFD,raw_metric,not applicable,verified_primary,modes_experiment/fresh_analysis/derived/a04_prior_attribution_summary.csv,201-snapshot common-contract evaluation.
MP-0593,A04,Karman-prior attribution,complete_with_single_run_caveat,Analytical prior,karman_prior_only,Karman prior alone,32 tap-derived prior parameters,32,n/a,True,,field,v,rel_L2,whole-domain,1.1697559567743487,dimensionless,CFD,raw_metric,not applicable,verified_primary,modes_experiment/fresh_analysis/derived/a04_prior_attribution_summary.csv,201-snapshot common-contract evaluation.
MP-0594,A04,Karman-prior attribution,complete_with_single_run_caveat,Analytical prior,karman_prior_only,Karman prior alone,32 tap-derived prior parameters,32,n/a,True,,field,p,rel_L2,whole-domain,0.8290652333728338,dimensionless,CFD,raw_metric,not applicable,verified_primary,modes_experiment/fresh_analysis/derived/a04_prior_attribution_summary.csv,201-snapshot common-contract evaluation.
MP-0595,A04,Karman-prior attribution,complete_with_single_run_caveat,Analytical prior,karman_prior_only,Karman prior alone,32 tap-derived prior parameters,32,n/a,True,,v1_mode,v,rel_L2,near-cylinder,1.3722102664173694,dimensionless,CFD,raw_metric,absolute time; prediction and CFD reference aligned,verified_primary,modes_experiment/fresh_analysis/derived/a04_prior_attribution_summary.csv,201-snapshot common-contract evaluation.
MP-0596,A04,Karman-prior attribution,complete_with_single_run_caveat,Analytical prior,karman_prior_only,Karman prior alone,32 tap-derived prior parameters,32,n/a,True,,v1_mode,v,amp_ratio,near-cylinder,0.6730225797742608,dimensionless,ideal 1,raw_metric,absolute time; prediction and CFD reference aligned,verified_primary,modes_experiment/fresh_analysis/derived/a04_prior_attribution_summary.csv,201-snapshot common-contract evaluation.
MP-0597,A04,Karman-prior attribution,complete_with_single_run_caveat,Analytical prior,karman_prior_only,Karman prior alone,32 tap-derived prior parameters,32,n/a,True,,v1_mode,v,corr,near-cylinder,0.7216854001883631,dimensionless,ideal 1,raw_metric,absolute time; prediction and CFD reference aligned,verified_primary,modes_experiment/fresh_analysis/derived/a04_prior_attribution_summary.csv,201-snapshot common-contract evaluation.
MP-0598,A04,Karman-prior attribution,complete_with_single_run_caveat,Analytical prior,karman_prior_only,Karman prior alone,32 tap-derived prior parameters,32,n/a,True,,v1_mode,v,phase_deg,near-cylinder,-116.27321935736977,degrees,ideal phase 0 deg,raw_metric,absolute time; prediction and CFD reference aligned,verified_primary,modes_experiment/fresh_analysis/derived/a04_prior_attribution_summary.csv,201-snapshot common-contract evaluation.
MP-0599,A04,Karman-prior attribution,complete_with_single_run_caveat,Analytical prior,karman_prior_only,Karman prior alone,32 tap-derived prior parameters,32,n/a,True,,v1_mode,v,rel_L2,near-wake,0.6958223523006727,dimensionless,CFD,raw_metric,absolute time; prediction and CFD reference aligned,verified_primary,modes_experiment/fresh_analysis/derived/a04_prior_attribution_summary.csv,201-snapshot common-contract evaluation.
MP-0600,A04,Karman-prior attribution,complete_with_single_run_caveat,Analytical prior,karman_prior_only,Karman prior alone,32 tap-derived prior parameters,32,n/a,True,,v1_mode,v,amp_ratio,near-wake,0.9110437627211125,dimensionless,ideal 1,raw_metric,absolute time; prediction and CFD reference aligned,verified_primary,modes_experiment/fresh_analysis/derived/a04_prior_attribution_summary.csv,201-snapshot common-contract evaluation.
MP-0601,A04,Karman-prior attribution,complete_with_single_run_caveat,Analytical prior,karman_prior_only,Karman prior alone,32 tap-derived prior parameters,32,n/a,True,,v1_mode,v,corr,near-wake,0.8422940500114435,dimensionless,ideal 1,raw_metric,absolute time; prediction and CFD reference aligned,verified_primary,modes_experiment/fresh_analysis/derived/a04_prior_attribution_summary.csv,201-snapshot common-contract evaluation.
MP-0602,A04,Karman-prior attribution,complete_with_single_run_caveat,Analytical prior,karman_prior_only,Karman prior alone,32 tap-derived prior parameters,32,n/a,True,,v1_mode,v,phase_deg,near-wake,-28.727476457132937,degrees,ideal phase 0 deg,raw_metric,absolute time; prediction and CFD reference aligned,verified_primary,modes_experiment/fresh_analysis/derived/a04_prior_attribution_summary.csv,201-snapshot common-contract evaluation.
MP-0603,A04,Karman-prior attribution,complete_with_single_run_caveat,Analytical prior,karman_prior_only,Karman prior alone,32 tap-derived prior parameters,32,n/a,True,,v1_mode,v,rel_L2,far-wake,0.2850304431005104,dimensionless,CFD,raw_metric,absolute time; prediction and CFD reference aligned,verified_primary,modes_experiment/fresh_analysis/derived/a04_prior_attribution_summary.csv,201-snapshot common-contract evaluation.
MP-0604,A04,Karman-prior attribution,complete_with_single_run_caveat,Analytical prior,karman_prior_only,Karman prior alone,32 tap-derived prior parameters,32,n/a,True,,v1_mode,v,amp_ratio,far-wake,0.8081713037174073,dimensionless,ideal 1,raw_metric,absolute time; prediction and CFD reference aligned,verified_primary,modes_experiment/fresh_analysis/derived/a04_prior_attribution_summary.csv,201-snapshot common-contract evaluation.
MP-0605,A04,Karman-prior attribution,complete_with_single_run_caveat,Analytical prior,karman_prior_only,Karman prior alone,32 tap-derived prior parameters,32,n/a,True,,v1_mode,v,corr,far-wake,0.9767875402168479,dimensionless,ideal 1,raw_metric,absolute time; prediction and CFD reference aligned,verified_primary,modes_experiment/fresh_analysis/derived/a04_prior_attribution_summary.csv,201-snapshot common-contract evaluation.
MP-0606,A04,Karman-prior attribution,complete_with_single_run_caveat,Analytical prior,karman_prior_only,Karman prior alone,32 tap-derived prior parameters,32,n/a,True,,v1_mode,v,phase_deg,far-wake,5.368264172608839,degrees,ideal phase 0 deg,raw_metric,absolute time; prediction and CFD reference aligned,verified_primary,modes_experiment/fresh_analysis/derived/a04_prior_attribution_summary.csv,201-snapshot common-contract evaluation.
MP-0607,A04,Karman-prior attribution,complete_with_single_run_caveat,Analytical prior,karman_prior_only,Karman prior alone,32 tap-derived prior parameters,32,n/a,True,,v1_mode,v,rel_L2,far-core,0.28192873168383625,dimensionless,CFD,raw_metric,absolute time; prediction and CFD reference aligned,verified_primary,modes_experiment/fresh_analysis/derived/a04_prior_attribution_summary.csv,201-snapshot common-contract evaluation.
MP-0608,A04,Karman-prior attribution,complete_with_single_run_caveat,Analytical prior,karman_prior_only,Karman prior alone,32 tap-derived prior parameters,32,n/a,True,,v1_mode,v,amp_ratio,far-core,0.8082260117271955,dimensionless,ideal 1,raw_metric,absolute time; prediction and CFD reference aligned,verified_primary,modes_experiment/fresh_analysis/derived/a04_prior_attribution_summary.csv,201-snapshot common-contract evaluation.
MP-0609,A04,Karman-prior attribution,complete_with_single_run_caveat,Analytical prior,karman_prior_only,Karman prior alone,32 tap-derived prior parameters,32,n/a,True,,v1_mode,v,corr,far-core,0.977546050270638,dimensionless,ideal 1,raw_metric,absolute time; prediction and CFD reference aligned,verified_primary,modes_experiment/fresh_analysis/derived/a04_prior_attribution_summary.csv,201-snapshot common-contract evaluation.
MP-0610,A04,Karman-prior attribution,complete_with_single_run_caveat,Analytical prior,karman_prior_only,Karman prior alone,32 tap-derived prior parameters,32,n/a,True,,v1_mode,v,phase_deg,far-core,5.1628696431782135,degrees,ideal phase 0 deg,raw_metric,absolute time; prediction and CFD reference aligned,verified_primary,modes_experiment/fresh_analysis/derived/a04_prior_attribution_summary.csv,201-snapshot common-contract evaluation.
MP-0611,A04,Karman-prior attribution,complete_with_single_run_caveat,Analytical prior,karman_prior_only,Karman prior alone,32 tap-derived prior parameters,32,n/a,True,,v1_mode,v,rel_L2,other,0.8636736444196899,dimensionless,CFD,raw_metric,absolute time; prediction and CFD reference aligned,verified_primary,modes_experiment/fresh_analysis/derived/a04_prior_attribution_summary.csv,201-snapshot common-contract evaluation.
MP-0612,A04,Karman-prior attribution,complete_with_single_run_caveat,Analytical prior,karman_prior_only,Karman prior alone,32 tap-derived prior parameters,32,n/a,True,,v1_mode,v,amp_ratio,other,0.35999023258848734,dimensionless,ideal 1,raw_metric,absolute time; prediction and CFD reference aligned,verified_primary,modes_experiment/fresh_analysis/derived/a04_prior_attribution_summary.csv,201-snapshot common-contract evaluation.
MP-0613,A04,Karman-prior attribution,complete_with_single_run_caveat,Analytical prior,karman_prior_only,Karman prior alone,32 tap-derived prior parameters,32,n/a,True,,v1_mode,v,corr,other,0.5559807284041962,dimensionless,ideal 1,raw_metric,absolute time; prediction and CFD reference aligned,verified_primary,modes_experiment/fresh_analysis/derived/a04_prior_attribution_summary.csv,201-snapshot common-contract evaluation.
MP-0614,A04,Karman-prior attribution,complete_with_single_run_caveat,Analytical prior,karman_prior_only,Karman prior alone,32 tap-derived prior parameters,32,n/a,True,,v1_mode,v,phase_deg,other,16.575524946285316,degrees,ideal phase 0 deg,raw_metric,absolute time; prediction and CFD reference aligned,verified_primary,modes_experiment/fresh_analysis/derived/a04_prior_attribution_summary.csv,201-snapshot common-contract evaluation.
MP-0615,A04,Karman-prior attribution,complete_with_single_run_caveat,Analytical prior,karman_prior_only,Karman prior alone,32 tap-derived prior parameters,32,n/a,True,,v1_mode,v,rel_L2,whole-domain,0.478467933352909,dimensionless,CFD,raw_metric,absolute time; prediction and CFD reference aligned,verified_primary,modes_experiment/fresh_analysis/derived/a04_prior_attribution_summary.csv,201-snapshot common-contract evaluation.
MP-0616,A04,Karman-prior attribution,complete_with_single_run_caveat,Analytical prior,karman_prior_only,Karman prior alone,32 tap-derived prior parameters,32,n/a,True,,v1_mode,v,amp_ratio,whole-domain,0.8404211786122601,dimensionless,ideal 1,raw_metric,absolute time; prediction and CFD reference aligned,verified_primary,modes_experiment/fresh_analysis/derived/a04_prior_attribution_summary.csv,201-snapshot common-contract evaluation.
MP-0617,A04,Karman-prior attribution,complete_with_single_run_caveat,Analytical prior,karman_prior_only,Karman prior alone,32 tap-derived prior parameters,32,n/a,True,,v1_mode,v,corr,whole-domain,0.8830273766725745,dimensionless,ideal 1,raw_metric,absolute time; prediction and CFD reference aligned,verified_primary,modes_experiment/fresh_analysis/derived/a04_prior_attribution_summary.csv,201-snapshot common-contract evaluation.
MP-0618,A04,Karman-prior attribution,complete_with_single_run_caveat,Analytical prior,karman_prior_only,Karman prior alone,32 tap-derived prior parameters,32,n/a,True,,v1_mode,v,phase_deg,whole-domain,-5.508259877058765,degrees,ideal phase 0 deg,raw_metric,absolute time; prediction and CFD reference aligned,verified_primary,modes_experiment/fresh_analysis/derived/a04_prior_attribution_summary.csv,201-snapshot common-contract evaluation.
MP-0619,A04,Karman-prior attribution,complete_with_single_run_caveat,ModalPINN,pressure_only_physics,Pressure only + physics,cylinder pressure,32,uniform,False,,field,u,rel_L2,near-cylinder,0.04342290014028549,dimensionless,CFD,raw_metric,not applicable,verified_primary,modes_experiment/fresh_analysis/derived/a04_prior_attribution_summary.csv,201-snapshot common-contract evaluation.
MP-0620,A04,Karman-prior attribution,complete_with_single_run_caveat,ModalPINN,pressure_only_physics,Pressure only + physics,cylinder pressure,32,uniform,False,,field,v,rel_L2,near-cylinder,0.14143913984298706,dimensionless,CFD,raw_metric,not applicable,verified_primary,modes_experiment/fresh_analysis/derived/a04_prior_attribution_summary.csv,201-snapshot common-contract evaluation.
MP-0621,A04,Karman-prior attribution,complete_with_single_run_caveat,ModalPINN,pressure_only_physics,Pressure only + physics,cylinder pressure,32,uniform,False,,field,p,rel_L2,near-cylinder,0.01867641694843769,dimensionless,CFD,raw_metric,not applicable,verified_primary,modes_experiment/fresh_analysis/derived/a04_prior_attribution_summary.csv,201-snapshot common-contract evaluation.
MP-0622,A04,Karman-prior attribution,complete_with_single_run_caveat,ModalPINN,pressure_only_physics,Pressure only + physics,cylinder pressure,32,uniform,False,,field,u,rel_L2,near-wake,0.2727372944355011,dimensionless,CFD,raw_metric,not applicable,verified_primary,modes_experiment/fresh_analysis/derived/a04_prior_attribution_summary.csv,201-snapshot common-contract evaluation.
MP-0623,A04,Karman-prior attribution,complete_with_single_run_caveat,ModalPINN,pressure_only_physics,Pressure only + physics,cylinder pressure,32,uniform,False,,field,v,rel_L2,near-wake,1.0366290807724,dimensionless,CFD,raw_metric,not applicable,verified_primary,modes_experiment/fresh_analysis/derived/a04_prior_attribution_summary.csv,201-snapshot common-contract evaluation.
MP-0624,A04,Karman-prior attribution,complete_with_single_run_caveat,ModalPINN,pressure_only_physics,Pressure only + physics,cylinder pressure,32,uniform,False,,field,p,rel_L2,near-wake,0.6163440942764282,dimensionless,CFD,raw_metric,not applicable,verified_primary,modes_experiment/fresh_analysis/derived/a04_prior_attribution_summary.csv,201-snapshot common-contract evaluation.
MP-0625,A04,Karman-prior attribution,complete_with_single_run_caveat,ModalPINN,pressure_only_physics,Pressure only + physics,cylinder pressure,32,uniform,False,,field,u,rel_L2,far-wake,0.5002196431159973,dimensionless,CFD,raw_metric,not applicable,verified_primary,modes_experiment/fresh_analysis/derived/a04_prior_attribution_summary.csv,201-snapshot common-contract evaluation.
MP-0626,A04,Karman-prior attribution,complete_with_single_run_caveat,ModalPINN,pressure_only_physics,Pressure only + physics,cylinder pressure,32,uniform,False,,field,v,rel_L2,far-wake,1.0139986276626587,dimensionless,CFD,raw_metric,not applicable,verified_primary,modes_experiment/fresh_analysis/derived/a04_prior_attribution_summary.csv,201-snapshot common-contract evaluation.
MP-0627,A04,Karman-prior attribution,complete_with_single_run_caveat,ModalPINN,pressure_only_physics,Pressure only + physics,cylinder pressure,32,uniform,False,,field,p,rel_L2,far-wake,2.3332183361053467,dimensionless,CFD,raw_metric,not applicable,verified_primary,modes_experiment/fresh_analysis/derived/a04_prior_attribution_summary.csv,201-snapshot common-contract evaluation.
MP-0628,A04,Karman-prior attribution,complete_with_single_run_caveat,ModalPINN,pressure_only_physics,Pressure only + physics,cylinder pressure,32,uniform,False,,field,u,rel_L2,far-core,0.5826302766799927,dimensionless,CFD,raw_metric,not applicable,verified_primary,modes_experiment/fresh_analysis/derived/a04_prior_attribution_summary.csv,201-snapshot common-contract evaluation.
MP-0629,A04,Karman-prior attribution,complete_with_single_run_caveat,ModalPINN,pressure_only_physics,Pressure only + physics,cylinder pressure,32,uniform,False,,field,v,rel_L2,far-core,1.0038522481918335,dimensionless,CFD,raw_metric,not applicable,verified_primary,modes_experiment/fresh_analysis/derived/a04_prior_attribution_summary.csv,201-snapshot common-contract evaluation.
MP-0630,A04,Karman-prior attribution,complete_with_single_run_caveat,ModalPINN,pressure_only_physics,Pressure only + physics,cylinder pressure,32,uniform,False,,field,p,rel_L2,far-core,1.9013025760650635,dimensionless,CFD,raw_metric,not applicable,verified_primary,modes_experiment/fresh_analysis/derived/a04_prior_attribution_summary.csv,201-snapshot common-contract evaluation.
MP-0631,A04,Karman-prior attribution,complete_with_single_run_caveat,ModalPINN,pressure_only_physics,Pressure only + physics,cylinder pressure,32,uniform,False,,field,u,rel_L2,other,0.06775574386119843,dimensionless,CFD,raw_metric,not applicable,verified_primary,modes_experiment/fresh_analysis/derived/a04_prior_attribution_summary.csv,201-snapshot common-contract evaluation.
MP-0632,A04,Karman-prior attribution,complete_with_single_run_caveat,ModalPINN,pressure_only_physics,Pressure only + physics,cylinder pressure,32,uniform,False,,field,v,rel_L2,other,0.12204265594482422,dimensionless,CFD,raw_metric,not applicable,verified_primary,modes_experiment/fresh_analysis/derived/a04_prior_attribution_summary.csv,201-snapshot common-contract evaluation.
MP-0633,A04,Karman-prior attribution,complete_with_single_run_caveat,ModalPINN,pressure_only_physics,Pressure only + physics,cylinder pressure,32,uniform,False,,field,p,rel_L2,other,0.19711746275424957,dimensionless,CFD,raw_metric,not applicable,verified_primary,modes_experiment/fresh_analysis/derived/a04_prior_attribution_summary.csv,201-snapshot common-contract evaluation.
MP-0634,A04,Karman-prior attribution,complete_with_single_run_caveat,ModalPINN,pressure_only_physics,Pressure only + physics,cylinder pressure,32,uniform,False,,field,u,rel_L2,whole-domain,0.35252973437309265,dimensionless,CFD,raw_metric,not applicable,verified_primary,modes_experiment/fresh_analysis/derived/a04_prior_attribution_summary.csv,201-snapshot common-contract evaluation.
MP-0635,A04,Karman-prior attribution,complete_with_single_run_caveat,ModalPINN,pressure_only_physics,Pressure only + physics,cylinder pressure,32,uniform,False,,field,v,rel_L2,whole-domain,0.8035315275192261,dimensionless,CFD,raw_metric,not applicable,verified_primary,modes_experiment/fresh_analysis/derived/a04_prior_attribution_summary.csv,201-snapshot common-contract evaluation.
MP-0636,A04,Karman-prior attribution,complete_with_single_run_caveat,ModalPINN,pressure_only_physics,Pressure only + physics,cylinder pressure,32,uniform,False,,field,p,rel_L2,whole-domain,0.5622267723083496,dimensionless,CFD,raw_metric,not applicable,verified_primary,modes_experiment/fresh_analysis/derived/a04_prior_attribution_summary.csv,201-snapshot common-contract evaluation.
MP-0637,A04,Karman-prior attribution,complete_with_single_run_caveat,ModalPINN,pressure_only_physics,Pressure only + physics,cylinder pressure,32,uniform,False,,v1_mode,v,rel_L2,near-cylinder,0.9406295331124092,dimensionless,CFD,raw_metric,absolute time; prediction and CFD reference aligned,verified_primary,modes_experiment/fresh_analysis/derived/a04_prior_attribution_summary.csv,201-snapshot common-contract evaluation.
MP-0638,A04,Karman-prior attribution,complete_with_single_run_caveat,ModalPINN,pressure_only_physics,Pressure only + physics,cylinder pressure,32,uniform,False,,v1_mode,v,amp_ratio,near-cylinder,0.23299564208967985,dimensionless,ideal 1,raw_metric,absolute time; prediction and CFD reference aligned,verified_primary,modes_experiment/fresh_analysis/derived/a04_prior_attribution_summary.csv,201-snapshot common-contract evaluation.
MP-0639,A04,Karman-prior attribution,complete_with_single_run_caveat,ModalPINN,pressure_only_physics,Pressure only + physics,cylinder pressure,32,uniform,False,,v1_mode,v,corr,near-cylinder,0.5901849294755541,dimensionless,ideal 1,raw_metric,absolute time; prediction and CFD reference aligned,verified_primary,modes_experiment/fresh_analysis/derived/a04_prior_attribution_summary.csv,201-snapshot common-contract evaluation.
MP-0640,A04,Karman-prior attribution,complete_with_single_run_caveat,ModalPINN,pressure_only_physics,Pressure only + physics,cylinder pressure,32,uniform,False,,v1_mode,v,phase_deg,near-cylinder,-51.951551177873284,degrees,ideal phase 0 deg,raw_metric,absolute time; prediction and CFD reference aligned,verified_primary,modes_experiment/fresh_analysis/derived/a04_prior_attribution_summary.csv,201-snapshot common-contract evaluation.
MP-0641,A04,Karman-prior attribution,complete_with_single_run_caveat,ModalPINN,pressure_only_physics,Pressure only + physics,cylinder pressure,32,uniform,False,,v1_mode,v,rel_L2,near-wake,1.001504336694003,dimensionless,CFD,raw_metric,absolute time; prediction and CFD reference aligned,verified_primary,modes_experiment/fresh_analysis/derived/a04_prior_attribution_summary.csv,201-snapshot common-contract evaluation.
MP-0642,A04,Karman-prior attribution,complete_with_single_run_caveat,ModalPINN,pressure_only_physics,Pressure only + physics,cylinder pressure,32,uniform,False,,v1_mode,v,amp_ratio,near-wake,0.0535476974215554,dimensionless,ideal 1,raw_metric,absolute time; prediction and CFD reference aligned,verified_primary,modes_experiment/fresh_analysis/derived/a04_prior_attribution_summary.csv,201-snapshot common-contract evaluation.
MP-0643,A04,Karman-prior attribution,complete_with_single_run_caveat,ModalPINN,pressure_only_physics,Pressure only + physics,cylinder pressure,32,uniform,False,,v1_mode,v,corr,near-wake,0.08222242151454592,dimensionless,ideal 1,raw_metric,absolute time; prediction and CFD reference aligned,verified_primary,modes_experiment/fresh_analysis/derived/a04_prior_attribution_summary.csv,201-snapshot common-contract evaluation.
MP-0644,A04,Karman-prior attribution,complete_with_single_run_caveat,ModalPINN,pressure_only_physics,Pressure only + physics,cylinder pressure,32,uniform,False,,v1_mode,v,phase_deg,near-wake,90.93427845597331,degrees,ideal phase 0 deg,raw_metric,absolute time; prediction and CFD reference aligned,verified_primary,modes_experiment/fresh_analysis/derived/a04_prior_attribution_summary.csv,201-snapshot common-contract evaluation.
MP-0645,A04,Karman-prior attribution,complete_with_single_run_caveat,ModalPINN,pressure_only_physics,Pressure only + physics,cylinder pressure,32,uniform,False,,v1_mode,v,rel_L2,far-wake,0.9972479234891308,dimensionless,CFD,raw_metric,absolute time; prediction and CFD reference aligned,verified_primary,modes_experiment/fresh_analysis/derived/a04_prior_attribution_summary.csv,201-snapshot common-contract evaluation.
MP-0646,A04,Karman-prior attribution,complete_with_single_run_caveat,ModalPINN,pressure_only_physics,Pressure only + physics,cylinder pressure,32,uniform,False,,v1_mode,v,amp_ratio,far-wake,0.021598274531735864,dimensionless,ideal 1,raw_metric,absolute time; prediction and CFD reference aligned,verified_primary,modes_experiment/fresh_analysis/derived/a04_prior_attribution_summary.csv,201-snapshot common-contract evaluation.
MP-0647,A04,Karman-prior attribution,complete_with_single_run_caveat,ModalPINN,pressure_only_physics,Pressure only + physics,cylinder pressure,32,uniform,False,,v1_mode,v,corr,far-wake,0.1416338488100312,dimensionless,ideal 1,raw_metric,absolute time; prediction and CFD reference aligned,verified_primary,modes_experiment/fresh_analysis/derived/a04_prior_attribution_summary.csv,201-snapshot common-contract evaluation.
MP-0648,A04,Karman-prior attribution,complete_with_single_run_caveat,ModalPINN,pressure_only_physics,Pressure only + physics,cylinder pressure,32,uniform,False,,v1_mode,v,phase_deg,far-wake,12.92579662232975,degrees,ideal phase 0 deg,raw_metric,absolute time; prediction and CFD reference aligned,verified_primary,modes_experiment/fresh_analysis/derived/a04_prior_attribution_summary.csv,201-snapshot common-contract evaluation.
MP-0649,A04,Karman-prior attribution,complete_with_single_run_caveat,ModalPINN,pressure_only_physics,Pressure only + physics,cylinder pressure,32,uniform,False,,v1_mode,v,rel_L2,far-core,0.9971765558242203,dimensionless,CFD,raw_metric,absolute time; prediction and CFD reference aligned,verified_primary,modes_experiment/fresh_analysis/derived/a04_prior_attribution_summary.csv,201-snapshot common-contract evaluation.
MP-0650,A04,Karman-prior attribution,complete_with_single_run_caveat,ModalPINN,pressure_only_physics,Pressure only + physics,cylinder pressure,32,uniform,False,,v1_mode,v,amp_ratio,far-core,0.01894815276825727,dimensionless,ideal 1,raw_metric,absolute time; prediction and CFD reference aligned,verified_primary,modes_experiment/fresh_analysis/derived/a04_prior_attribution_summary.csv,201-snapshot common-contract evaluation.
MP-0651,A04,Karman-prior attribution,complete_with_single_run_caveat,ModalPINN,pressure_only_physics,Pressure only + physics,cylinder pressure,32,uniform,False,,v1_mode,v,corr,far-core,0.16035718037970448,dimensionless,ideal 1,raw_metric,absolute time; prediction and CFD reference aligned,verified_primary,modes_experiment/fresh_analysis/derived/a04_prior_attribution_summary.csv,201-snapshot common-contract evaluation.
MP-0652,A04,Karman-prior attribution,complete_with_single_run_caveat,ModalPINN,pressure_only_physics,Pressure only + physics,cylinder pressure,32,uniform,False,,v1_mode,v,phase_deg,far-core,9.24843573567387,degrees,ideal phase 0 deg,raw_metric,absolute time; prediction and CFD reference aligned,verified_primary,modes_experiment/fresh_analysis/derived/a04_prior_attribution_summary.csv,201-snapshot common-contract evaluation.
MP-0653,A04,Karman-prior attribution,complete_with_single_run_caveat,ModalPINN,pressure_only_physics,Pressure only + physics,cylinder pressure,32,uniform,False,,v1_mode,v,rel_L2,other,0.9241842531271137,dimensionless,CFD,raw_metric,absolute time; prediction and CFD reference aligned,verified_primary,modes_experiment/fresh_analysis/derived/a04_prior_attribution_summary.csv,201-snapshot common-contract evaluation.
MP-0654,A04,Karman-prior attribution,complete_with_single_run_caveat,ModalPINN,pressure_only_physics,Pressure only + physics,cylinder pressure,32,uniform,False,,v1_mode,v,amp_ratio,other,1.2146865751402014,dimensionless,ideal 1,raw_metric,absolute time; prediction and CFD reference aligned,verified_primary,modes_experiment/fresh_analysis/derived/a04_prior_attribution_summary.csv,201-snapshot common-contract evaluation.
MP-0655,A04,Karman-prior attribution,complete_with_single_run_caveat,ModalPINN,pressure_only_physics,Pressure only + physics,cylinder pressure,32,uniform,False,,v1_mode,v,corr,other,0.7087490409532666,dimensionless,ideal 1,raw_metric,absolute time; prediction and CFD reference aligned,verified_primary,modes_experiment/fresh_analysis/derived/a04_prior_attribution_summary.csv,201-snapshot common-contract evaluation.
MP-0656,A04,Karman-prior attribution,complete_with_single_run_caveat,ModalPINN,pressure_only_physics,Pressure only + physics,cylinder pressure,32,uniform,False,,v1_mode,v,phase_deg,other,19.66957343150897,degrees,ideal phase 0 deg,raw_metric,absolute time; prediction and CFD reference aligned,verified_primary,modes_experiment/fresh_analysis/derived/a04_prior_attribution_summary.csv,201-snapshot common-contract evaluation.
MP-0657,A04,Karman-prior attribution,complete_with_single_run_caveat,ModalPINN,pressure_only_physics,Pressure only + physics,cylinder pressure,32,uniform,False,,v1_mode,v,rel_L2,whole-domain,0.9979354426488796,dimensionless,CFD,raw_metric,absolute time; prediction and CFD reference aligned,verified_primary,modes_experiment/fresh_analysis/derived/a04_prior_attribution_summary.csv,201-snapshot common-contract evaluation.
MP-0658,A04,Karman-prior attribution,complete_with_single_run_caveat,ModalPINN,pressure_only_physics,Pressure only + physics,cylinder pressure,32,uniform,False,,v1_mode,v,amp_ratio,whole-domain,0.047024170317109606,dimensionless,ideal 1,raw_metric,absolute time; prediction and CFD reference aligned,verified_primary,modes_experiment/fresh_analysis/derived/a04_prior_attribution_summary.csv,201-snapshot common-contract evaluation.
MP-0659,A04,Karman-prior attribution,complete_with_single_run_caveat,ModalPINN,pressure_only_physics,Pressure only + physics,cylinder pressure,32,uniform,False,,v1_mode,v,corr,whole-domain,0.06884213593908395,dimensionless,ideal 1,raw_metric,absolute time; prediction and CFD reference aligned,verified_primary,modes_experiment/fresh_analysis/derived/a04_prior_attribution_summary.csv,201-snapshot common-contract evaluation.
MP-0660,A04,Karman-prior attribution,complete_with_single_run_caveat,ModalPINN,pressure_only_physics,Pressure only + physics,cylinder pressure,32,uniform,False,,v1_mode,v,phase_deg,whole-domain,11.866497006933434,degrees,ideal phase 0 deg,raw_metric,absolute time; prediction and CFD reference aligned,verified_primary,modes_experiment/fresh_analysis/derived/a04_prior_attribution_summary.csv,201-snapshot common-contract evaluation.
MP-0661,A04,Karman-prior attribution,complete_with_single_run_caveat,Hybrid ModalPINN,pressure_only_physics_karman_prior,Pressure + physics + Karman prior,cylinder pressure,32,uniform,True,,field,u,rel_L2,near-cylinder,0.0592205636203289,dimensionless,CFD,raw_metric,not applicable,verified_primary,modes_experiment/fresh_analysis/derived/a04_prior_attribution_summary.csv,201-snapshot common-contract evaluation.
MP-0662,A04,Karman-prior attribution,complete_with_single_run_caveat,Hybrid ModalPINN,pressure_only_physics_karman_prior,Pressure + physics + Karman prior,cylinder pressure,32,uniform,True,,field,v,rel_L2,near-cylinder,0.0647122859954834,dimensionless,CFD,raw_metric,not applicable,verified_primary,modes_experiment/fresh_analysis/derived/a04_prior_attribution_summary.csv,201-snapshot common-contract evaluation.
MP-0663,A04,Karman-prior attribution,complete_with_single_run_caveat,Hybrid ModalPINN,pressure_only_physics_karman_prior,Pressure + physics + Karman prior,cylinder pressure,32,uniform,True,,field,p,rel_L2,near-cylinder,0.017133427783846855,dimensionless,CFD,raw_metric,not applicable,verified_primary,modes_experiment/fresh_analysis/derived/a04_prior_attribution_summary.csv,201-snapshot common-contract evaluation.
MP-0664,A04,Karman-prior attribution,complete_with_single_run_caveat,Hybrid ModalPINN,pressure_only_physics_karman_prior,Pressure + physics + Karman prior,cylinder pressure,32,uniform,True,,field,u,rel_L2,near-wake,0.16433614492416382,dimensionless,CFD,raw_metric,not applicable,verified_primary,modes_experiment/fresh_analysis/derived/a04_prior_attribution_summary.csv,201-snapshot common-contract evaluation.
MP-0665,A04,Karman-prior attribution,complete_with_single_run_caveat,Hybrid ModalPINN,pressure_only_physics_karman_prior,Pressure + physics + Karman prior,cylinder pressure,32,uniform,True,,field,v,rel_L2,near-wake,0.4852791726589203,dimensionless,CFD,raw_metric,not applicable,verified_primary,modes_experiment/fresh_analysis/derived/a04_prior_attribution_summary.csv,201-snapshot common-contract evaluation.
MP-0666,A04,Karman-prior attribution,complete_with_single_run_caveat,Hybrid ModalPINN,pressure_only_physics_karman_prior,Pressure + physics + Karman prior,cylinder pressure,32,uniform,True,,field,p,rel_L2,near-wake,0.3067087233066559,dimensionless,CFD,raw_metric,not applicable,verified_primary,modes_experiment/fresh_analysis/derived/a04_prior_attribution_summary.csv,201-snapshot common-contract evaluation.
MP-0667,A04,Karman-prior attribution,complete_with_single_run_caveat,Hybrid ModalPINN,pressure_only_physics_karman_prior,Pressure + physics + Karman prior,cylinder pressure,32,uniform,True,,field,u,rel_L2,far-wake,0.18780824542045593,dimensionless,CFD,raw_metric,not applicable,verified_primary,modes_experiment/fresh_analysis/derived/a04_prior_attribution_summary.csv,201-snapshot common-contract evaluation.
MP-0668,A04,Karman-prior attribution,complete_with_single_run_caveat,Hybrid ModalPINN,pressure_only_physics_karman_prior,Pressure + physics + Karman prior,cylinder pressure,32,uniform,True,,field,v,rel_L2,far-wake,0.4490889012813568,dimensionless,CFD,raw_metric,not applicable,verified_primary,modes_experiment/fresh_analysis/derived/a04_prior_attribution_summary.csv,201-snapshot common-contract evaluation.
MP-0669,A04,Karman-prior attribution,complete_with_single_run_caveat,Hybrid ModalPINN,pressure_only_physics_karman_prior,Pressure + physics + Karman prior,cylinder pressure,32,uniform,True,,field,p,rel_L2,far-wake,1.5653620958328247,dimensionless,CFD,raw_metric,not applicable,verified_primary,modes_experiment/fresh_analysis/derived/a04_prior_attribution_summary.csv,201-snapshot common-contract evaluation.
MP-0670,A04,Karman-prior attribution,complete_with_single_run_caveat,Hybrid ModalPINN,pressure_only_physics_karman_prior,Pressure + physics + Karman prior,cylinder pressure,32,uniform,True,,field,u,rel_L2,far-core,0.2100825160741806,dimensionless,CFD,raw_metric,not applicable,verified_primary,modes_experiment/fresh_analysis/derived/a04_prior_attribution_summary.csv,201-snapshot common-contract evaluation.
MP-0671,A04,Karman-prior attribution,complete_with_single_run_caveat,Hybrid ModalPINN,pressure_only_physics_karman_prior,Pressure + physics + Karman prior,cylinder pressure,32,uniform,True,,field,v,rel_L2,far-core,0.3913930058479309,dimensionless,CFD,raw_metric,not applicable,verified_primary,modes_experiment/fresh_analysis/derived/a04_prior_attribution_summary.csv,201-snapshot common-contract evaluation.
MP-0672,A04,Karman-prior attribution,complete_with_single_run_caveat,Hybrid ModalPINN,pressure_only_physics_karman_prior,Pressure + physics + Karman prior,cylinder pressure,32,uniform,True,,field,p,rel_L2,far-core,1.276977300643921,dimensionless,CFD,raw_metric,not applicable,verified_primary,modes_experiment/fresh_analysis/derived/a04_prior_attribution_summary.csv,201-snapshot common-contract evaluation.
MP-0673,A04,Karman-prior attribution,complete_with_single_run_caveat,Hybrid ModalPINN,pressure_only_physics_karman_prior,Pressure + physics + Karman prior,cylinder pressure,32,uniform,True,,field,u,rel_L2,other,0.11128376424312592,dimensionless,CFD,raw_metric,not applicable,verified_primary,modes_experiment/fresh_analysis/derived/a04_prior_attribution_summary.csv,201-snapshot common-contract evaluation.
MP-0674,A04,Karman-prior attribution,complete_with_single_run_caveat,Hybrid ModalPINN,pressure_only_physics_karman_prior,Pressure + physics + Karman prior,cylinder pressure,32,uniform,True,,field,v,rel_L2,other,0.4498370885848999,dimensionless,CFD,raw_metric,not applicable,verified_primary,modes_experiment/fresh_analysis/derived/a04_prior_attribution_summary.csv,201-snapshot common-contract evaluation.
MP-0675,A04,Karman-prior attribution,complete_with_single_run_caveat,Hybrid ModalPINN,pressure_only_physics_karman_prior,Pressure + physics + Karman prior,cylinder pressure,32,uniform,True,,field,p,rel_L2,other,0.680185079574585,dimensionless,CFD,raw_metric,not applicable,verified_primary,modes_experiment/fresh_analysis/derived/a04_prior_attribution_summary.csv,201-snapshot common-contract evaluation.
MP-0676,A04,Karman-prior attribution,complete_with_single_run_caveat,Hybrid ModalPINN,pressure_only_physics_karman_prior,Pressure + physics + Karman prior,cylinder pressure,32,uniform,True,,field,u,rel_L2,whole-domain,0.16075393557548523,dimensionless,CFD,raw_metric,not applicable,verified_primary,modes_experiment/fresh_analysis/derived/a04_prior_attribution_summary.csv,201-snapshot common-contract evaluation.
MP-0677,A04,Karman-prior attribution,complete_with_single_run_caveat,Hybrid ModalPINN,pressure_only_physics_karman_prior,Pressure + physics + Karman prior,cylinder pressure,32,uniform,True,,field,v,rel_L2,whole-domain,0.3884117901325226,dimensionless,CFD,raw_metric,not applicable,verified_primary,modes_experiment/fresh_analysis/derived/a04_prior_attribution_summary.csv,201-snapshot common-contract evaluation.
MP-0678,A04,Karman-prior attribution,complete_with_single_run_caveat,Hybrid ModalPINN,pressure_only_physics_karman_prior,Pressure + physics + Karman prior,cylinder pressure,32,uniform,True,,field,p,rel_L2,whole-domain,0.37669020891189575,dimensionless,CFD,raw_metric,not applicable,verified_primary,modes_experiment/fresh_analysis/derived/a04_prior_attribution_summary.csv,201-snapshot common-contract evaluation.
MP-0679,A04,Karman-prior attribution,complete_with_single_run_caveat,Hybrid ModalPINN,pressure_only_physics_karman_prior,Pressure + physics + Karman prior,cylinder pressure,32,uniform,True,,v1_mode,v,rel_L2,near-cylinder,0.3986498573379578,dimensionless,CFD,raw_metric,absolute time; prediction and CFD reference aligned,verified_primary,modes_experiment/fresh_analysis/derived/a04_prior_attribution_summary.csv,201-snapshot common-contract evaluation.
MP-0680,A04,Karman-prior attribution,complete_with_single_run_caveat,Hybrid ModalPINN,pressure_only_physics_karman_prior,Pressure + physics + Karman prior,cylinder pressure,32,uniform,True,,v1_mode,v,amp_ratio,near-cylinder,0.8003018055450682,dimensionless,ideal 1,raw_metric,absolute time; prediction and CFD reference aligned,verified_primary,modes_experiment/fresh_analysis/derived/a04_prior_attribution_summary.csv,201-snapshot common-contract evaluation.
MP-0681,A04,Karman-prior attribution,complete_with_single_run_caveat,Hybrid ModalPINN,pressure_only_physics_karman_prior,Pressure + physics + Karman prior,cylinder pressure,32,uniform,True,,v1_mode,v,corr,near-cylinder,0.9302835550571199,dimensionless,ideal 1,raw_metric,absolute time; prediction and CFD reference aligned,verified_primary,modes_experiment/fresh_analysis/derived/a04_prior_attribution_summary.csv,201-snapshot common-contract evaluation.
MP-0682,A04,Karman-prior attribution,complete_with_single_run_caveat,Hybrid ModalPINN,pressure_only_physics_karman_prior,Pressure + physics + Karman prior,cylinder pressure,32,uniform,True,,v1_mode,v,phase_deg,near-cylinder,5.735384414413716,degrees,ideal phase 0 deg,raw_metric,absolute time; prediction and CFD reference aligned,verified_primary,modes_experiment/fresh_analysis/derived/a04_prior_attribution_summary.csv,201-snapshot common-contract evaluation.
MP-0683,A04,Karman-prior attribution,complete_with_single_run_caveat,Hybrid ModalPINN,pressure_only_physics_karman_prior,Pressure + physics + Karman prior,cylinder pressure,32,uniform,True,,v1_mode,v,rel_L2,near-wake,0.38383140890066564,dimensionless,CFD,raw_metric,absolute time; prediction and CFD reference aligned,verified_primary,modes_experiment/fresh_analysis/derived/a04_prior_attribution_summary.csv,201-snapshot common-contract evaluation.
MP-0684,A04,Karman-prior attribution,complete_with_single_run_caveat,Hybrid ModalPINN,pressure_only_physics_karman_prior,Pressure + physics + Karman prior,cylinder pressure,32,uniform,True,,v1_mode,v,amp_ratio,near-wake,0.8580118281696177,dimensionless,ideal 1,raw_metric,absolute time; prediction and CFD reference aligned,verified_primary,modes_experiment/fresh_analysis/derived/a04_prior_attribution_summary.csv,201-snapshot common-contract evaluation.
MP-0685,A04,Karman-prior attribution,complete_with_single_run_caveat,Hybrid ModalPINN,pressure_only_physics_karman_prior,Pressure + physics + Karman prior,cylinder pressure,32,uniform,True,,v1_mode,v,corr,near-wake,0.9267508026289287,dimensionless,ideal 1,raw_metric,absolute time; prediction and CFD reference aligned,verified_primary,modes_experiment/fresh_analysis/derived/a04_prior_attribution_summary.csv,201-snapshot common-contract evaluation.
MP-0686,A04,Karman-prior attribution,complete_with_single_run_caveat,Hybrid ModalPINN,pressure_only_physics_karman_prior,Pressure + physics + Karman prior,cylinder pressure,32,uniform,True,,v1_mode,v,phase_deg,near-wake,-2.4624810598168367,degrees,ideal phase 0 deg,raw_metric,absolute time; prediction and CFD reference aligned,verified_primary,modes_experiment/fresh_analysis/derived/a04_prior_attribution_summary.csv,201-snapshot common-contract evaluation.
MP-0687,A04,Karman-prior attribution,complete_with_single_run_caveat,Hybrid ModalPINN,pressure_only_physics_karman_prior,Pressure + physics + Karman prior,cylinder pressure,32,uniform,True,,v1_mode,v,rel_L2,far-wake,0.29220088919846027,dimensionless,CFD,raw_metric,absolute time; prediction and CFD reference aligned,verified_primary,modes_experiment/fresh_analysis/derived/a04_prior_attribution_summary.csv,201-snapshot common-contract evaluation.
MP-0688,A04,Karman-prior attribution,complete_with_single_run_caveat,Hybrid ModalPINN,pressure_only_physics_karman_prior,Pressure + physics + Karman prior,cylinder pressure,32,uniform,True,,v1_mode,v,amp_ratio,far-wake,0.8405636591923411,dimensionless,ideal 1,raw_metric,absolute time; prediction and CFD reference aligned,verified_primary,modes_experiment/fresh_analysis/derived/a04_prior_attribution_summary.csv,201-snapshot common-contract evaluation.
MP-0689,A04,Karman-prior attribution,complete_with_single_run_caveat,Hybrid ModalPINN,pressure_only_physics_karman_prior,Pressure + physics + Karman prior,cylinder pressure,32,uniform,True,,v1_mode,v,corr,far-wake,0.9750197121464105,dimensionless,ideal 1,raw_metric,absolute time; prediction and CFD reference aligned,verified_primary,modes_experiment/fresh_analysis/derived/a04_prior_attribution_summary.csv,201-snapshot common-contract evaluation.
MP-0690,A04,Karman-prior attribution,complete_with_single_run_caveat,Hybrid ModalPINN,pressure_only_physics_karman_prior,Pressure + physics + Karman prior,cylinder pressure,32,uniform,True,,v1_mode,v,phase_deg,far-wake,-8.490988827110098,degrees,ideal phase 0 deg,raw_metric,absolute time; prediction and CFD reference aligned,verified_primary,modes_experiment/fresh_analysis/derived/a04_prior_attribution_summary.csv,201-snapshot common-contract evaluation.
MP-0691,A04,Karman-prior attribution,complete_with_single_run_caveat,Hybrid ModalPINN,pressure_only_physics_karman_prior,Pressure + physics + Karman prior,cylinder pressure,32,uniform,True,,v1_mode,v,rel_L2,far-core,0.28949597842624675,dimensionless,CFD,raw_metric,absolute time; prediction and CFD reference aligned,verified_primary,modes_experiment/fresh_analysis/derived/a04_prior_attribution_summary.csv,201-snapshot common-contract evaluation.
MP-0692,A04,Karman-prior attribution,complete_with_single_run_caveat,Hybrid ModalPINN,pressure_only_physics_karman_prior,Pressure + physics + Karman prior,cylinder pressure,32,uniform,True,,v1_mode,v,amp_ratio,far-core,0.8387517940246538,dimensionless,ideal 1,raw_metric,absolute time; prediction and CFD reference aligned,verified_primary,modes_experiment/fresh_analysis/derived/a04_prior_attribution_summary.csv,201-snapshot common-contract evaluation.
MP-0693,A04,Karman-prior attribution,complete_with_single_run_caveat,Hybrid ModalPINN,pressure_only_physics_karman_prior,Pressure + physics + Karman prior,cylinder pressure,32,uniform,True,,v1_mode,v,corr,far-core,0.9765788676166026,dimensionless,ideal 1,raw_metric,absolute time; prediction and CFD reference aligned,verified_primary,modes_experiment/fresh_analysis/derived/a04_prior_attribution_summary.csv,201-snapshot common-contract evaluation.
MP-0694,A04,Karman-prior attribution,complete_with_single_run_caveat,Hybrid ModalPINN,pressure_only_physics_karman_prior,Pressure + physics + Karman prior,cylinder pressure,32,uniform,True,,v1_mode,v,phase_deg,far-core,-8.622994311329833,degrees,ideal phase 0 deg,raw_metric,absolute time; prediction and CFD reference aligned,verified_primary,modes_experiment/fresh_analysis/derived/a04_prior_attribution_summary.csv,201-snapshot common-contract evaluation.
MP-0695,A04,Karman-prior attribution,complete_with_single_run_caveat,Hybrid ModalPINN,pressure_only_physics_karman_prior,Pressure + physics + Karman prior,cylinder pressure,32,uniform,True,,v1_mode,v,rel_L2,other,11.281478849190037,dimensionless,CFD,raw_metric,absolute time; prediction and CFD reference aligned,verified_primary,modes_experiment/fresh_analysis/derived/a04_prior_attribution_summary.csv,201-snapshot common-contract evaluation.
MP-0696,A04,Karman-prior attribution,complete_with_single_run_caveat,Hybrid ModalPINN,pressure_only_physics_karman_prior,Pressure + physics + Karman prior,cylinder pressure,32,uniform,True,,v1_mode,v,amp_ratio,other,11.489159861210807,dimensionless,ideal 1,raw_metric,absolute time; prediction and CFD reference aligned,verified_primary,modes_experiment/fresh_analysis/derived/a04_prior_attribution_summary.csv,201-snapshot common-contract evaluation.
MP-0697,A04,Karman-prior attribution,complete_with_single_run_caveat,Hybrid ModalPINN,pressure_only_physics_karman_prior,Pressure + physics + Karman prior,cylinder pressure,32,uniform,True,,v1_mode,v,corr,other,0.35065447214748,dimensionless,ideal 1,raw_metric,absolute time; prediction and CFD reference aligned,verified_primary,modes_experiment/fresh_analysis/derived/a04_prior_attribution_summary.csv,201-snapshot common-contract evaluation.
MP-0698,A04,Karman-prior attribution,complete_with_single_run_caveat,Hybrid ModalPINN,pressure_only_physics_karman_prior,Pressure + physics + Karman prior,cylinder pressure,32,uniform,True,,v1_mode,v,phase_deg,other,-44.68182376443435,degrees,ideal phase 0 deg,raw_metric,absolute time; prediction and CFD reference aligned,verified_primary,modes_experiment/fresh_analysis/derived/a04_prior_attribution_summary.csv,201-snapshot common-contract evaluation.
MP-0699,A04,Karman-prior attribution,complete_with_single_run_caveat,Hybrid ModalPINN,pressure_only_physics_karman_prior,Pressure + physics + Karman prior,cylinder pressure,32,uniform,True,,v1_mode,v,rel_L2,whole-domain,0.37069515802150554,dimensionless,CFD,raw_metric,absolute time; prediction and CFD reference aligned,verified_primary,modes_experiment/fresh_analysis/derived/a04_prior_attribution_summary.csv,201-snapshot common-contract evaluation.
MP-0700,A04,Karman-prior attribution,complete_with_single_run_caveat,Hybrid ModalPINN,pressure_only_physics_karman_prior,Pressure + physics + Karman prior,cylinder pressure,32,uniform,True,,v1_mode,v,amp_ratio,whole-domain,0.8647728395492775,dimensionless,ideal 1,raw_metric,absolute time; prediction and CFD reference aligned,verified_primary,modes_experiment/fresh_analysis/derived/a04_prior_attribution_summary.csv,201-snapshot common-contract evaluation.
MP-0701,A04,Karman-prior attribution,complete_with_single_run_caveat,Hybrid ModalPINN,pressure_only_physics_karman_prior,Pressure + physics + Karman prior,cylinder pressure,32,uniform,True,,v1_mode,v,corr,whole-domain,0.9371953098193957,dimensionless,ideal 1,raw_metric,absolute time; prediction and CFD reference aligned,verified_primary,modes_experiment/fresh_analysis/derived/a04_prior_attribution_summary.csv,201-snapshot common-contract evaluation.
MP-0702,A04,Karman-prior attribution,complete_with_single_run_caveat,Hybrid ModalPINN,pressure_only_physics_karman_prior,Pressure + physics + Karman prior,cylinder pressure,32,uniform,True,,v1_mode,v,phase_deg,whole-domain,-6.52661607589164,degrees,ideal phase 0 deg,raw_metric,absolute time; prediction and CFD reference aligned,verified_primary,modes_experiment/fresh_analysis/derived/a04_prior_attribution_summary.csv,201-snapshot common-contract evaluation.
MP-0703,A04,Karman-prior attribution,complete_with_single_run_caveat,Hybrid ModalPINN,pressure_only_physics_karman_prior,Pressure + physics + Karman prior,cylinder pressure,32,uniform,True,,field,u,rel_L2_reduction_pct,near-cylinder,96.9610028486,percent,karman_prior_only,derived_change,not applicable,verified_primary,modes_experiment/fresh_analysis/derived/a04_prior_attribution_changes.csv,Positive values indicate lower relative L2 after adding the network.
MP-0704,A04,Karman-prior attribution,complete_with_single_run_caveat,Hybrid ModalPINN,pressure_only_physics_karman_prior,Pressure + physics + Karman prior,cylinder pressure,32,uniform,True,,field,v,rel_L2_reduction_pct,near-cylinder,96.5911222534,percent,karman_prior_only,derived_change,not applicable,verified_primary,modes_experiment/fresh_analysis/derived/a04_prior_attribution_changes.csv,Positive values indicate lower relative L2 after adding the network.
MP-0705,A04,Karman-prior attribution,complete_with_single_run_caveat,Hybrid ModalPINN,pressure_only_physics_karman_prior,Pressure + physics + Karman prior,cylinder pressure,32,uniform,True,,field,p,rel_L2_reduction_pct,near-cylinder,97.7896303429,percent,karman_prior_only,derived_change,not applicable,verified_primary,modes_experiment/fresh_analysis/derived/a04_prior_attribution_changes.csv,Positive values indicate lower relative L2 after adding the network.
MP-0706,A04,Karman-prior attribution,complete_with_single_run_caveat,Hybrid ModalPINN,pressure_only_physics_karman_prior,Pressure + physics + Karman prior,cylinder pressure,32,uniform,True,,v1_mode,v,rel_L2_reduction_pct,near-cylinder,70.948340273,percent,karman_prior_only,derived_change,absolute time; prediction and CFD reference aligned,verified_primary,modes_experiment/fresh_analysis/derived/a04_prior_attribution_changes.csv,First-harmonic v1 relative L2 reduction; positive is better.
MP-0707,A04,Karman-prior attribution,complete_with_single_run_caveat,Hybrid ModalPINN,pressure_only_physics_karman_prior,Pressure + physics + Karman prior,cylinder pressure,32,uniform,True,,v1_mode,v,amplitude_abs_error_reduction_pct,near-cylinder,38.925998524,percent,ideal_amplitude_ratio_1,derived_change,absolute time; prediction and CFD reference aligned,verified_primary,modes_experiment/fresh_analysis/derived/a04_prior_attribution_changes.csv,Reduction in absolute distance from amplitude ratio 1.
MP-0708,A04,Karman-prior attribution,complete_with_single_run_caveat,Hybrid ModalPINN,pressure_only_physics_karman_prior,Pressure + physics + Karman prior,cylinder pressure,32,uniform,True,,v1_mode,v,correlation_gain_pp,near-cylinder,20.8598154869,percentage_points,karman_prior_only,derived_change,absolute time; prediction and CFD reference aligned,verified_primary,modes_experiment/fresh_analysis/derived/a04_prior_attribution_changes.csv,Signed increase in normalized complex correlation; ideal value is 1.
MP-0709,A04,Karman-prior attribution,complete_with_single_run_caveat,Hybrid ModalPINN,pressure_only_physics_karman_prior,Pressure + physics + Karman prior,cylinder pressure,32,uniform,True,,v1_mode,v,phase_abs_error_reduction_pct,near-cylinder,95.0673212231,percent,ideal_phase_0_deg,derived_change,absolute time; prediction and CFD reference aligned,verified_primary,modes_experiment/fresh_analysis/derived/a04_prior_attribution_changes.csv,Reduction in absolute phase offset from zero degrees.
MP-0710,A04,Karman-prior attribution,complete_with_single_run_caveat,Hybrid ModalPINN,pressure_only_physics_karman_prior,Pressure + physics + Karman prior,cylinder pressure,32,uniform,True,,field,u,rel_L2_reduction_pct,near-wake,66.1695507495,percent,karman_prior_only,derived_change,not applicable,verified_primary,modes_experiment/fresh_analysis/derived/a04_prior_attribution_changes.csv,Positive values indicate lower relative L2 after adding the network.
MP-0711,A04,Karman-prior attribution,complete_with_single_run_caveat,Hybrid ModalPINN,pressure_only_physics_karman_prior,Pressure + physics + Karman prior,cylinder pressure,32,uniform,True,,field,v,rel_L2_reduction_pct,near-wake,51.7356335705,percent,karman_prior_only,derived_change,not applicable,verified_primary,modes_experiment/fresh_analysis/derived/a04_prior_attribution_changes.csv,Positive values indicate lower relative L2 after adding the network.
MP-0712,A04,Karman-prior attribution,complete_with_single_run_caveat,Hybrid ModalPINN,pressure_only_physics_karman_prior,Pressure + physics + Karman prior,cylinder pressure,32,uniform,True,,field,p,rel_L2_reduction_pct,near-wake,66.2143293917,percent,karman_prior_only,derived_change,not applicable,verified_primary,modes_experiment/fresh_analysis/derived/a04_prior_attribution_changes.csv,Positive values indicate lower relative L2 after adding the network.
MP-0713,A04,Karman-prior attribution,complete_with_single_run_caveat,Hybrid ModalPINN,pressure_only_physics_karman_prior,Pressure + physics + Karman prior,cylinder pressure,32,uniform,True,,v1_mode,v,rel_L2_reduction_pct,near-wake,44.8377293958,percent,karman_prior_only,derived_change,absolute time; prediction and CFD reference aligned,verified_primary,modes_experiment/fresh_analysis/derived/a04_prior_attribution_changes.csv,First-harmonic v1 relative L2 reduction; positive is better.
MP-0714,A04,Karman-prior attribution,complete_with_single_run_caveat,Hybrid ModalPINN,pressure_only_physics_karman_prior,Pressure + physics + Karman prior,cylinder pressure,32,uniform,True,,v1_mode,v,amplitude_abs_error_reduction_pct,near-wake,-59.6157573361,percent,ideal_amplitude_ratio_1,derived_change,absolute time; prediction and CFD reference aligned,verified_primary,modes_experiment/fresh_analysis/derived/a04_prior_attribution_changes.csv,Reduction in absolute distance from amplitude ratio 1.
MP-0715,A04,Karman-prior attribution,complete_with_single_run_caveat,Hybrid ModalPINN,pressure_only_physics_karman_prior,Pressure + physics + Karman prior,cylinder pressure,32,uniform,True,,v1_mode,v,correlation_gain_pp,near-wake,8.44567526175,percentage_points,karman_prior_only,derived_change,absolute time; prediction and CFD reference aligned,verified_primary,modes_experiment/fresh_analysis/derived/a04_prior_attribution_changes.csv,Signed increase in normalized complex correlation; ideal value is 1.
MP-0716,A04,Karman-prior attribution,complete_with_single_run_caveat,Hybrid ModalPINN,pressure_only_physics_karman_prior,Pressure + physics + Karman prior,cylinder pressure,32,uniform,True,,v1_mode,v,phase_abs_error_reduction_pct,near-wake,91.4281330506,percent,ideal_phase_0_deg,derived_change,absolute time; prediction and CFD reference aligned,verified_primary,modes_experiment/fresh_analysis/derived/a04_prior_attribution_changes.csv,Reduction in absolute phase offset from zero degrees.
MP-0717,A04,Karman-prior attribution,complete_with_single_run_caveat,Hybrid ModalPINN,pressure_only_physics_karman_prior,Pressure + physics + Karman prior,cylinder pressure,32,uniform,True,,field,u,rel_L2_reduction_pct,far-wake,20.6000056672,percent,karman_prior_only,derived_change,not applicable,verified_primary,modes_experiment/fresh_analysis/derived/a04_prior_attribution_changes.csv,Positive values indicate lower relative L2 after adding the network.
MP-0718,A04,Karman-prior attribution,complete_with_single_run_caveat,Hybrid ModalPINN,pressure_only_physics_karman_prior,Pressure + physics + Karman prior,cylinder pressure,32,uniform,True,,field,v,rel_L2_reduction_pct,far-wake,-4.02055761268,percent,karman_prior_only,derived_change,not applicable,verified_primary,modes_experiment/fresh_analysis/derived/a04_prior_attribution_changes.csv,Positive values indicate lower relative L2 after adding the network.
MP-0719,A04,Karman-prior attribution,complete_with_single_run_caveat,Hybrid ModalPINN,pressure_only_physics_karman_prior,Pressure + physics + Karman prior,cylinder pressure,32,uniform,True,,field,p,rel_L2_reduction_pct,far-wake,-74.7622548017,percent,karman_prior_only,derived_change,not applicable,verified_primary,modes_experiment/fresh_analysis/derived/a04_prior_attribution_changes.csv,Positive values indicate lower relative L2 after adding the network.
MP-0720,A04,Karman-prior attribution,complete_with_single_run_caveat,Hybrid ModalPINN,pressure_only_physics_karman_prior,Pressure + physics + Karman prior,cylinder pressure,32,uniform,True,,v1_mode,v,rel_L2_reduction_pct,far-wake,-2.51567727993,percent,karman_prior_only,derived_change,absolute time; prediction and CFD reference aligned,verified_primary,modes_experiment/fresh_analysis/derived/a04_prior_attribution_changes.csv,First-harmonic v1 relative L2 reduction; positive is better.
MP-0721,A04,Karman-prior attribution,complete_with_single_run_caveat,Hybrid ModalPINN,pressure_only_physics_karman_prior,Pressure + physics + Karman prior,cylinder pressure,32,uniform,True,,v1_mode,v,amplitude_abs_error_reduction_pct,far-wake,16.8860843569,percent,ideal_amplitude_ratio_1,derived_change,absolute time; prediction and CFD reference aligned,verified_primary,modes_experiment/fresh_analysis/derived/a04_prior_attribution_changes.csv,Reduction in absolute distance from amplitude ratio 1.
MP-0722,A04,Karman-prior attribution,complete_with_single_run_caveat,Hybrid ModalPINN,pressure_only_physics_karman_prior,Pressure + physics + Karman prior,cylinder pressure,32,uniform,True,,v1_mode,v,correlation_gain_pp,far-wake,-0.176782807044,percentage_points,karman_prior_only,derived_change,absolute time; prediction and CFD reference aligned,verified_primary,modes_experiment/fresh_analysis/derived/a04_prior_attribution_changes.csv,Signed increase in normalized complex correlation; ideal value is 1.
MP-0723,A04,Karman-prior attribution,complete_with_single_run_caveat,Hybrid ModalPINN,pressure_only_physics_karman_prior,Pressure + physics + Karman prior,cylinder pressure,32,uniform,True,,v1_mode,v,phase_abs_error_reduction_pct,far-wake,-58.1701003172,percent,ideal_phase_0_deg,derived_change,absolute time; prediction and CFD reference aligned,verified_primary,modes_experiment/fresh_analysis/derived/a04_prior_attribution_changes.csv,Reduction in absolute phase offset from zero degrees.
MP-0724,A04,Karman-prior attribution,complete_with_single_run_caveat,Hybrid ModalPINN,pressure_only_physics_karman_prior,Pressure + physics + Karman prior,cylinder pressure,32,uniform,True,,field,u,rel_L2_reduction_pct,far-core,26.0109195704,percent,karman_prior_only,derived_change,not applicable,verified_primary,modes_experiment/fresh_analysis/derived/a04_prior_attribution_changes.csv,Positive values indicate lower relative L2 after adding the network.
MP-0725,A04,Karman-prior attribution,complete_with_single_run_caveat,Hybrid ModalPINN,pressure_only_physics_karman_prior,Pressure + physics + Karman prior,cylinder pressure,32,uniform,True,,field,v,rel_L2_reduction_pct,far-core,9.03720345942,percent,karman_prior_only,derived_change,not applicable,verified_primary,modes_experiment/fresh_analysis/derived/a04_prior_attribution_changes.csv,Positive values indicate lower relative L2 after adding the network.
MP-0726,A04,Karman-prior attribution,complete_with_single_run_caveat,Hybrid ModalPINN,pressure_only_physics_karman_prior,Pressure + physics + Karman prior,cylinder pressure,32,uniform,True,,field,p,rel_L2_reduction_pct,far-core,-42.6166302761,percent,karman_prior_only,derived_change,not applicable,verified_primary,modes_experiment/fresh_analysis/derived/a04_prior_attribution_changes.csv,Positive values indicate lower relative L2 after adding the network.
MP-0727,A04,Karman-prior attribution,complete_with_single_run_caveat,Hybrid ModalPINN,pressure_only_physics_karman_prior,Pressure + physics + Karman prior,cylinder pressure,32,uniform,True,,v1_mode,v,rel_L2_reduction_pct,far-core,-2.68409916833,percent,karman_prior_only,derived_change,absolute time; prediction and CFD reference aligned,verified_primary,modes_experiment/fresh_analysis/derived/a04_prior_attribution_changes.csv,First-harmonic v1 relative L2 reduction; positive is better.
MP-0728,A04,Karman-prior attribution,complete_with_single_run_caveat,Hybrid ModalPINN,pressure_only_physics_karman_prior,Pressure + physics + Karman prior,cylinder pressure,32,uniform,True,,v1_mode,v,amplitude_abs_error_reduction_pct,far-core,15.9175822396,percent,ideal_amplitude_ratio_1,derived_change,absolute time; prediction and CFD reference aligned,verified_primary,modes_experiment/fresh_analysis/derived/a04_prior_attribution_changes.csv,Reduction in absolute distance from amplitude ratio 1.
MP-0729,A04,Karman-prior attribution,complete_with_single_run_caveat,Hybrid ModalPINN,pressure_only_physics_karman_prior,Pressure + physics + Karman prior,cylinder pressure,32,uniform,True,,v1_mode,v,correlation_gain_pp,far-core,-0.0967182654035,percentage_points,karman_prior_only,derived_change,absolute time; prediction and CFD reference aligned,verified_primary,modes_experiment/fresh_analysis/derived/a04_prior_attribution_changes.csv,Signed increase in normalized complex correlation; ideal value is 1.
MP-0730,A04,Karman-prior attribution,complete_with_single_run_caveat,Hybrid ModalPINN,pressure_only_physics_karman_prior,Pressure + physics + Karman prior,cylinder pressure,32,uniform,True,,v1_mode,v,phase_abs_error_reduction_pct,far-core,-67.0194079512,percent,ideal_phase_0_deg,derived_change,absolute time; prediction and CFD reference aligned,verified_primary,modes_experiment/fresh_analysis/derived/a04_prior_attribution_changes.csv,Reduction in absolute phase offset from zero degrees.
MP-0731,A04,Karman-prior attribution,complete_with_single_run_caveat,Hybrid ModalPINN,pressure_only_physics_karman_prior,Pressure + physics + Karman prior,cylinder pressure,32,uniform,True,,field,u,rel_L2_reduction_pct,other,-14.0224194123,percent,karman_prior_only,derived_change,not applicable,verified_primary,modes_experiment/fresh_analysis/derived/a04_prior_attribution_changes.csv,Positive values indicate lower relative L2 after adding the network.
MP-0732,A04,Karman-prior attribution,complete_with_single_run_caveat,Hybrid ModalPINN,pressure_only_physics_karman_prior,Pressure + physics + Karman prior,cylinder pressure,32,uniform,True,,field,v,rel_L2_reduction_pct,other,-5.4404677057,percent,karman_prior_only,derived_change,not applicable,verified_primary,modes_experiment/fresh_analysis/derived/a04_prior_attribution_changes.csv,Positive values indicate lower relative L2 after adding the network.
MP-0733,A04,Karman-prior attribution,complete_with_single_run_caveat,Hybrid ModalPINN,pressure_only_physics_karman_prior,Pressure + physics + Karman prior,cylinder pressure,32,uniform,True,,field,p,rel_L2_reduction_pct,other,30.0689169302,percent,karman_prior_only,derived_change,not applicable,verified_primary,modes_experiment/fresh_analysis/derived/a04_prior_attribution_changes.csv,Positive values indicate lower relative L2 after adding the network.
MP-0734,A04,Karman-prior attribution,complete_with_single_run_caveat,Hybrid ModalPINN,pressure_only_physics_karman_prior,Pressure + physics + Karman prior,cylinder pressure,32,uniform,True,,v1_mode,v,rel_L2_reduction_pct,other,-1206.22011243,percent,karman_prior_only,derived_change,absolute time; prediction and CFD reference aligned,verified_primary,modes_experiment/fresh_analysis/derived/a04_prior_attribution_changes.csv,First-harmonic v1 relative L2 reduction; positive is better.
MP-0735,A04,Karman-prior attribution,complete_with_single_run_caveat,Hybrid ModalPINN,pressure_only_physics_karman_prior,Pressure + physics + Karman prior,cylinder pressure,32,uniform,True,,v1_mode,v,amplitude_abs_error_reduction_pct,other,-1538.90621602,percent,ideal_amplitude_ratio_1,derived_change,absolute time; prediction and CFD reference aligned,verified_primary,modes_experiment/fresh_analysis/derived/a04_prior_attribution_changes.csv,Reduction in absolute distance from amplitude ratio 1.
MP-0736,A04,Karman-prior attribution,complete_with_single_run_caveat,Hybrid ModalPINN,pressure_only_physics_karman_prior,Pressure + physics + Karman prior,cylinder pressure,32,uniform,True,,v1_mode,v,correlation_gain_pp,other,-20.5326256257,percentage_points,karman_prior_only,derived_change,absolute time; prediction and CFD reference aligned,verified_primary,modes_experiment/fresh_analysis/derived/a04_prior_attribution_changes.csv,Signed increase in normalized complex correlation; ideal value is 1.
MP-0737,A04,Karman-prior attribution,complete_with_single_run_caveat,Hybrid ModalPINN,pressure_only_physics_karman_prior,Pressure + physics + Karman prior,cylinder pressure,32,uniform,True,,v1_mode,v,phase_abs_error_reduction_pct,other,-169.565059986,percent,ideal_phase_0_deg,derived_change,absolute time; prediction and CFD reference aligned,verified_primary,modes_experiment/fresh_analysis/derived/a04_prior_attribution_changes.csv,Reduction in absolute phase offset from zero degrees.
MP-0738,A04,Karman-prior attribution,complete_with_single_run_caveat,Hybrid ModalPINN,pressure_only_physics_karman_prior,Pressure + physics + Karman prior,cylinder pressure,32,uniform,True,,field,u,rel_L2_reduction_pct,whole-domain,75.4108647465,percent,karman_prior_only,derived_change,not applicable,verified_primary,modes_experiment/fresh_analysis/derived/a04_prior_attribution_changes.csv,Positive values indicate lower relative L2 after adding the network.
MP-0739,A04,Karman-prior attribution,complete_with_single_run_caveat,Hybrid ModalPINN,pressure_only_physics_karman_prior,Pressure + physics + Karman prior,cylinder pressure,32,uniform,True,,field,v,rel_L2_reduction_pct,whole-domain,66.7954851708,percent,karman_prior_only,derived_change,not applicable,verified_primary,modes_experiment/fresh_analysis/derived/a04_prior_attribution_changes.csv,Positive values indicate lower relative L2 after adding the network.
MP-0740,A04,Karman-prior attribution,complete_with_single_run_caveat,Hybrid ModalPINN,pressure_only_physics_karman_prior,Pressure + physics + Karman prior,cylinder pressure,32,uniform,True,,field,p,rel_L2_reduction_pct,whole-domain,54.5644668539,percent,karman_prior_only,derived_change,not applicable,verified_primary,modes_experiment/fresh_analysis/derived/a04_prior_attribution_changes.csv,Positive values indicate lower relative L2 after adding the network.
MP-0741,A04,Karman-prior attribution,complete_with_single_run_caveat,Hybrid ModalPINN,pressure_only_physics_karman_prior,Pressure + physics + Karman prior,cylinder pressure,32,uniform,True,,v1_mode,v,rel_L2_reduction_pct,whole-domain,22.5245555279,percent,karman_prior_only,derived_change,absolute time; prediction and CFD reference aligned,verified_primary,modes_experiment/fresh_analysis/derived/a04_prior_attribution_changes.csv,First-harmonic v1 relative L2 reduction; positive is better.
MP-0742,A04,Karman-prior attribution,complete_with_single_run_caveat,Hybrid ModalPINN,pressure_only_physics_karman_prior,Pressure + physics + Karman prior,cylinder pressure,32,uniform,True,,v1_mode,v,amplitude_abs_error_reduction_pct,whole-domain,15.2599578849,percent,ideal_amplitude_ratio_1,derived_change,absolute time; prediction and CFD reference aligned,verified_primary,modes_experiment/fresh_analysis/derived/a04_prior_attribution_changes.csv,Reduction in absolute distance from amplitude ratio 1.
MP-0743,A04,Karman-prior attribution,complete_with_single_run_caveat,Hybrid ModalPINN,pressure_only_physics_karman_prior,Pressure + physics + Karman prior,cylinder pressure,32,uniform,True,,v1_mode,v,correlation_gain_pp,whole-domain,5.41679331468,percentage_points,karman_prior_only,derived_change,absolute time; prediction and CFD reference aligned,verified_primary,modes_experiment/fresh_analysis/derived/a04_prior_attribution_changes.csv,Signed increase in normalized complex correlation; ideal value is 1.
MP-0744,A04,Karman-prior attribution,complete_with_single_run_caveat,Hybrid ModalPINN,pressure_only_physics_karman_prior,Pressure + physics + Karman prior,cylinder pressure,32,uniform,True,,v1_mode,v,phase_abs_error_reduction_pct,whole-domain,-18.4878023471,percent,ideal_phase_0_deg,derived_change,absolute time; prediction and CFD reference aligned,verified_primary,modes_experiment/fresh_analysis/derived/a04_prior_attribution_changes.csv,Reduction in absolute phase offset from zero degrees.
MP-0745,A04,Karman-prior attribution,complete_with_single_run_caveat,Hybrid ModalPINN,pressure_only_physics_karman_prior,Pressure + physics + Karman prior,cylinder pressure,32,uniform,True,,learned_correction_snapshot,u,rms_abs_per_node,near-cylinder,0.897572012619,field_units,hybrid_minus_karman_prior,snapshot_correction,not applicable,verified_primary,modes_experiment/fresh_analysis/derived/a04_prior_attribution_changes.csv,"Representative snapshot index 100, t=410; not time-averaged."
MP-0746,A04,Karman-prior attribution,complete_with_single_run_caveat,Hybrid ModalPINN,pressure_only_physics_karman_prior,Pressure + physics + Karman prior,cylinder pressure,32,uniform,True,,learned_correction_snapshot,u,relative_to_reference_rms,near-cylinder,1.97509705754,ratio,CFD_snapshot_rms,snapshot_correction,not applicable,verified_primary,modes_experiment/fresh_analysis/derived/a04_prior_attribution_changes.csv,"Representative snapshot index 100, t=410; not time-averaged."
MP-0747,A04,Karman-prior attribution,complete_with_single_run_caveat,Hybrid ModalPINN,pressure_only_physics_karman_prior,Pressure + physics + Karman prior,cylinder pressure,32,uniform,True,,learned_correction_snapshot,u,relative_to_prior_rms,near-cylinder,0.779410471206,ratio,Karman_prior_snapshot_rms,snapshot_correction,not applicable,verified_primary,modes_experiment/fresh_analysis/derived/a04_prior_attribution_changes.csv,"Representative snapshot index 100, t=410; not time-averaged."
MP-0748,A04,Karman-prior attribution,complete_with_single_run_caveat,Hybrid ModalPINN,pressure_only_physics_karman_prior,Pressure + physics + Karman prior,cylinder pressure,32,uniform,True,,learned_correction_snapshot,v,rms_abs_per_node,near-cylinder,0.471568989222,field_units,hybrid_minus_karman_prior,snapshot_correction,not applicable,verified_primary,modes_experiment/fresh_analysis/derived/a04_prior_attribution_changes.csv,"Representative snapshot index 100, t=410; not time-averaged."
MP-0749,A04,Karman-prior attribution,complete_with_single_run_caveat,Hybrid ModalPINN,pressure_only_physics_karman_prior,Pressure + physics + Karman prior,cylinder pressure,32,uniform,True,,learned_correction_snapshot,v,relative_to_reference_rms,near-cylinder,1.88979772064,ratio,CFD_snapshot_rms,snapshot_correction,not applicable,verified_primary,modes_experiment/fresh_analysis/derived/a04_prior_attribution_changes.csv,"Representative snapshot index 100, t=410; not time-averaged."
MP-0750,A04,Karman-prior attribution,complete_with_single_run_caveat,Hybrid ModalPINN,pressure_only_physics_karman_prior,Pressure + physics + Karman prior,cylinder pressure,32,uniform,True,,learned_correction_snapshot,v,relative_to_prior_rms,near-cylinder,0.852937654247,ratio,Karman_prior_snapshot_rms,snapshot_correction,not applicable,verified_primary,modes_experiment/fresh_analysis/derived/a04_prior_attribution_changes.csv,"Representative snapshot index 100, t=410; not time-averaged."
MP-0751,A04,Karman-prior attribution,complete_with_single_run_caveat,Hybrid ModalPINN,pressure_only_physics_karman_prior,Pressure + physics + Karman prior,cylinder pressure,32,uniform,True,,learned_correction_snapshot,p,rms_abs_per_node,near-cylinder,0.302838193286,field_units,hybrid_minus_karman_prior,snapshot_correction,not applicable,verified_primary,modes_experiment/fresh_analysis/derived/a04_prior_attribution_changes.csv,"Representative snapshot index 100, t=410; not time-averaged."
MP-0752,A04,Karman-prior attribution,complete_with_single_run_caveat,Hybrid ModalPINN,pressure_only_physics_karman_prior,Pressure + physics + Karman prior,cylinder pressure,32,uniform,True,,learned_correction_snapshot,p,relative_to_reference_rms,near-cylinder,0.773187647937,ratio,CFD_snapshot_rms,snapshot_correction,not applicable,verified_primary,modes_experiment/fresh_analysis/derived/a04_prior_attribution_changes.csv,"Representative snapshot index 100, t=410; not time-averaged."
MP-0753,A04,Karman-prior attribution,complete_with_single_run_caveat,Hybrid ModalPINN,pressure_only_physics_karman_prior,Pressure + physics + Karman prior,cylinder pressure,32,uniform,True,,learned_correction_snapshot,p,relative_to_prior_rms,near-cylinder,0.831805666666,ratio,Karman_prior_snapshot_rms,snapshot_correction,not applicable,verified_primary,modes_experiment/fresh_analysis/derived/a04_prior_attribution_changes.csv,"Representative snapshot index 100, t=410; not time-averaged."
MP-0754,A04,Karman-prior attribution,complete_with_single_run_caveat,Hybrid ModalPINN,pressure_only_physics_karman_prior,Pressure + physics + Karman prior,cylinder pressure,32,uniform,True,,learned_correction_snapshot,u,rms_abs_per_node,near-wake,0.507816863825,field_units,hybrid_minus_karman_prior,snapshot_correction,not applicable,verified_primary,modes_experiment/fresh_analysis/derived/a04_prior_attribution_changes.csv,"Representative snapshot index 100, t=410; not time-averaged."
MP-0755,A04,Karman-prior attribution,complete_with_single_run_caveat,Hybrid ModalPINN,pressure_only_physics_karman_prior,Pressure + physics + Karman prior,cylinder pressure,32,uniform,True,,learned_correction_snapshot,u,relative_to_reference_rms,near-wake,0.557712031573,ratio,CFD_snapshot_rms,snapshot_correction,not applicable,verified_primary,modes_experiment/fresh_analysis/derived/a04_prior_attribution_changes.csv,"Representative snapshot index 100, t=410; not time-averaged."
MP-0756,A04,Karman-prior attribution,complete_with_single_run_caveat,Hybrid ModalPINN,pressure_only_physics_karman_prior,Pressure + physics + Karman prior,cylinder pressure,32,uniform,True,,learned_correction_snapshot,u,relative_to_prior_rms,near-wake,0.510453827459,ratio,Karman_prior_snapshot_rms,snapshot_correction,not applicable,verified_primary,modes_experiment/fresh_analysis/derived/a04_prior_attribution_changes.csv,"Representative snapshot index 100, t=410; not time-averaged."
MP-0757,A04,Karman-prior attribution,complete_with_single_run_caveat,Hybrid ModalPINN,pressure_only_physics_karman_prior,Pressure + physics + Karman prior,cylinder pressure,32,uniform,True,,learned_correction_snapshot,v,rms_abs_per_node,near-wake,0.225932412146,field_units,hybrid_minus_karman_prior,snapshot_correction,not applicable,verified_primary,modes_experiment/fresh_analysis/derived/a04_prior_attribution_changes.csv,"Representative snapshot index 100, t=410; not time-averaged."
MP-0758,A04,Karman-prior attribution,complete_with_single_run_caveat,Hybrid ModalPINN,pressure_only_physics_karman_prior,Pressure + physics + Karman prior,cylinder pressure,32,uniform,True,,learned_correction_snapshot,v,relative_to_reference_rms,near-wake,1.07086940921,ratio,CFD_snapshot_rms,snapshot_correction,not applicable,verified_primary,modes_experiment/fresh_analysis/derived/a04_prior_attribution_changes.csv,"Representative snapshot index 100, t=410; not time-averaged."
MP-0759,A04,Karman-prior attribution,complete_with_single_run_caveat,Hybrid ModalPINN,pressure_only_physics_karman_prior,Pressure + physics + Karman prior,cylinder pressure,32,uniform,True,,learned_correction_snapshot,v,relative_to_prior_rms,near-wake,1.05819700913,ratio,Karman_prior_snapshot_rms,snapshot_correction,not applicable,verified_primary,modes_experiment/fresh_analysis/derived/a04_prior_attribution_changes.csv,"Representative snapshot index 100, t=410; not time-averaged."
MP-0760,A04,Karman-prior attribution,complete_with_single_run_caveat,Hybrid ModalPINN,pressure_only_physics_karman_prior,Pressure + physics + Karman prior,cylinder pressure,32,uniform,True,,learned_correction_snapshot,p,rms_abs_per_node,near-wake,0.248932169451,field_units,hybrid_minus_karman_prior,snapshot_correction,not applicable,verified_primary,modes_experiment/fresh_analysis/derived/a04_prior_attribution_changes.csv,"Representative snapshot index 100, t=410; not time-averaged."
MP-0761,A04,Karman-prior attribution,complete_with_single_run_caveat,Hybrid ModalPINN,pressure_only_physics_karman_prior,Pressure + physics + Karman prior,cylinder pressure,32,uniform,True,,learned_correction_snapshot,p,relative_to_reference_rms,near-wake,1.01026530247,ratio,CFD_snapshot_rms,snapshot_correction,not applicable,verified_primary,modes_experiment/fresh_analysis/derived/a04_prior_attribution_changes.csv,"Representative snapshot index 100, t=410; not time-averaged."
MP-0762,A04,Karman-prior attribution,complete_with_single_run_caveat,Hybrid ModalPINN,pressure_only_physics_karman_prior,Pressure + physics + Karman prior,cylinder pressure,32,uniform,True,,learned_correction_snapshot,p,relative_to_prior_rms,near-wake,5.88371630881,ratio,Karman_prior_snapshot_rms,snapshot_correction,not applicable,verified_primary,modes_experiment/fresh_analysis/derived/a04_prior_attribution_changes.csv,"Representative snapshot index 100, t=410; not time-averaged."
MP-0763,A04,Karman-prior attribution,complete_with_single_run_caveat,Hybrid ModalPINN,pressure_only_physics_karman_prior,Pressure + physics + Karman prior,cylinder pressure,32,uniform,True,,learned_correction_snapshot,u,rms_abs_per_node,far-wake,0.300972892488,field_units,hybrid_minus_karman_prior,snapshot_correction,not applicable,verified_primary,modes_experiment/fresh_analysis/derived/a04_prior_attribution_changes.csv,"Representative snapshot index 100, t=410; not time-averaged."
MP-0764,A04,Karman-prior attribution,complete_with_single_run_caveat,Hybrid ModalPINN,pressure_only_physics_karman_prior,Pressure + physics + Karman prior,cylinder pressure,32,uniform,True,,learned_correction_snapshot,u,relative_to_reference_rms,far-wake,0.337826959518,ratio,CFD_snapshot_rms,snapshot_correction,not applicable,verified_primary,modes_experiment/fresh_analysis/derived/a04_prior_attribution_changes.csv,"Representative snapshot index 100, t=410; not time-averaged."
MP-0765,A04,Karman-prior attribution,complete_with_single_run_caveat,Hybrid ModalPINN,pressure_only_physics_karman_prior,Pressure + physics + Karman prior,cylinder pressure,32,uniform,True,,learned_correction_snapshot,u,relative_to_prior_rms,far-wake,0.301540920107,ratio,Karman_prior_snapshot_rms,snapshot_correction,not applicable,verified_primary,modes_experiment/fresh_analysis/derived/a04_prior_attribution_changes.csv,"Representative snapshot index 100, t=410; not time-averaged."
MP-0766,A04,Karman-prior attribution,complete_with_single_run_caveat,Hybrid ModalPINN,pressure_only_physics_karman_prior,Pressure + physics + Karman prior,cylinder pressure,32,uniform,True,,learned_correction_snapshot,v,rms_abs_per_node,far-wake,0.151245982978,field_units,hybrid_minus_karman_prior,snapshot_correction,not applicable,verified_primary,modes_experiment/fresh_analysis/derived/a04_prior_attribution_changes.csv,"Representative snapshot index 100, t=410; not time-averaged."
MP-0767,A04,Karman-prior attribution,complete_with_single_run_caveat,Hybrid ModalPINN,pressure_only_physics_karman_prior,Pressure + physics + Karman prior,cylinder pressure,32,uniform,True,,learned_correction_snapshot,v,relative_to_reference_rms,far-wake,0.571881066707,ratio,CFD_snapshot_rms,snapshot_correction,not applicable,verified_primary,modes_experiment/fresh_analysis/derived/a04_prior_attribution_changes.csv,"Representative snapshot index 100, t=410; not time-averaged."
MP-0768,A04,Karman-prior attribution,complete_with_single_run_caveat,Hybrid ModalPINN,pressure_only_physics_karman_prior,Pressure + physics + Karman prior,cylinder pressure,32,uniform,True,,learned_correction_snapshot,v,relative_to_prior_rms,far-wake,0.668550372269,ratio,Karman_prior_snapshot_rms,snapshot_correction,not applicable,verified_primary,modes_experiment/fresh_analysis/derived/a04_prior_attribution_changes.csv,"Representative snapshot index 100, t=410; not time-averaged."
MP-0769,A04,Karman-prior attribution,complete_with_single_run_caveat,Hybrid ModalPINN,pressure_only_physics_karman_prior,Pressure + physics + Karman prior,cylinder pressure,32,uniform,True,,learned_correction_snapshot,p,rms_abs_per_node,far-wake,0.0994988133719,field_units,hybrid_minus_karman_prior,snapshot_correction,not applicable,verified_primary,modes_experiment/fresh_analysis/derived/a04_prior_attribution_changes.csv,"Representative snapshot index 100, t=410; not time-averaged."
MP-0770,A04,Karman-prior attribution,complete_with_single_run_caveat,Hybrid ModalPINN,pressure_only_physics_karman_prior,Pressure + physics + Karman prior,cylinder pressure,32,uniform,True,,learned_correction_snapshot,p,relative_to_reference_rms,far-wake,1.13245909611,ratio,CFD_snapshot_rms,snapshot_correction,not applicable,verified_primary,modes_experiment/fresh_analysis/derived/a04_prior_attribution_changes.csv,"Representative snapshot index 100, t=410; not time-averaged."
MP-0771,A04,Karman-prior attribution,complete_with_single_run_caveat,Hybrid ModalPINN,pressure_only_physics_karman_prior,Pressure + physics + Karman prior,cylinder pressure,32,uniform,True,,learned_correction_snapshot,p,relative_to_prior_rms,far-wake,3.21960710491,ratio,Karman_prior_snapshot_rms,snapshot_correction,not applicable,verified_primary,modes_experiment/fresh_analysis/derived/a04_prior_attribution_changes.csv,"Representative snapshot index 100, t=410; not time-averaged."
MP-0772,A04,Karman-prior attribution,complete_with_single_run_caveat,Hybrid ModalPINN,pressure_only_physics_karman_prior,Pressure + physics + Karman prior,cylinder pressure,32,uniform,True,,learned_correction_snapshot,u,rms_abs_per_node,far-core,0.33845595734,field_units,hybrid_minus_karman_prior,snapshot_correction,not applicable,verified_primary,modes_experiment/fresh_analysis/derived/a04_prior_attribution_changes.csv,"Representative snapshot index 100, t=410; not time-averaged."
MP-0773,A04,Karman-prior attribution,complete_with_single_run_caveat,Hybrid ModalPINN,pressure_only_physics_karman_prior,Pressure + physics + Karman prior,cylinder pressure,32,uniform,True,,learned_correction_snapshot,u,relative_to_reference_rms,far-core,0.398467913431,ratio,CFD_snapshot_rms,snapshot_correction,not applicable,verified_primary,modes_experiment/fresh_analysis/derived/a04_prior_attribution_changes.csv,"Representative snapshot index 100, t=410; not time-averaged."
MP-0774,A04,Karman-prior attribution,complete_with_single_run_caveat,Hybrid ModalPINN,pressure_only_physics_karman_prior,Pressure + physics + Karman prior,cylinder pressure,32,uniform,True,,learned_correction_snapshot,u,relative_to_prior_rms,far-core,0.339042633075,ratio,Karman_prior_snapshot_rms,snapshot_correction,not applicable,verified_primary,modes_experiment/fresh_analysis/derived/a04_prior_attribution_changes.csv,"Representative snapshot index 100, t=410; not time-averaged."
MP-0775,A04,Karman-prior attribution,complete_with_single_run_caveat,Hybrid ModalPINN,pressure_only_physics_karman_prior,Pressure + physics + Karman prior,cylinder pressure,32,uniform,True,,learned_correction_snapshot,v,rms_abs_per_node,far-core,0.156251632291,field_units,hybrid_minus_karman_prior,snapshot_correction,not applicable,verified_primary,modes_experiment/fresh_analysis/derived/a04_prior_attribution_changes.csv,"Representative snapshot index 100, t=410; not time-averaged."
MP-0776,A04,Karman-prior attribution,complete_with_single_run_caveat,Hybrid ModalPINN,pressure_only_physics_karman_prior,Pressure + physics + Karman prior,cylinder pressure,32,uniform,True,,learned_correction_snapshot,v,relative_to_reference_rms,far-core,0.518222145053,ratio,CFD_snapshot_rms,snapshot_correction,not applicable,verified_primary,modes_experiment/fresh_analysis/derived/a04_prior_attribution_changes.csv,"Representative snapshot index 100, t=410; not time-averaged."
MP-0777,A04,Karman-prior attribution,complete_with_single_run_caveat,Hybrid ModalPINN,pressure_only_physics_karman_prior,Pressure + physics + Karman prior,cylinder pressure,32,uniform,True,,learned_correction_snapshot,v,relative_to_prior_rms,far-core,0.604768338342,ratio,Karman_prior_snapshot_rms,snapshot_correction,not applicable,verified_primary,modes_experiment/fresh_analysis/derived/a04_prior_attribution_changes.csv,"Representative snapshot index 100, t=410; not time-averaged."
MP-0778,A04,Karman-prior attribution,complete_with_single_run_caveat,Hybrid ModalPINN,pressure_only_physics_karman_prior,Pressure + physics + Karman prior,cylinder pressure,32,uniform,True,,learned_correction_snapshot,p,rms_abs_per_node,far-core,0.104030617172,field_units,hybrid_minus_karman_prior,snapshot_correction,not applicable,verified_primary,modes_experiment/fresh_analysis/derived/a04_prior_attribution_changes.csv,"Representative snapshot index 100, t=410; not time-averaged."
MP-0779,A04,Karman-prior attribution,complete_with_single_run_caveat,Hybrid ModalPINN,pressure_only_physics_karman_prior,Pressure + physics + Karman prior,cylinder pressure,32,uniform,True,,learned_correction_snapshot,p,relative_to_reference_rms,far-core,1.03630262121,ratio,CFD_snapshot_rms,snapshot_correction,not applicable,verified_primary,modes_experiment/fresh_analysis/derived/a04_prior_attribution_changes.csv,"Representative snapshot index 100, t=410; not time-averaged."
MP-0780,A04,Karman-prior attribution,complete_with_single_run_caveat,Hybrid ModalPINN,pressure_only_physics_karman_prior,Pressure + physics + Karman prior,cylinder pressure,32,uniform,True,,learned_correction_snapshot,p,relative_to_prior_rms,far-core,3.06752290792,ratio,Karman_prior_snapshot_rms,snapshot_correction,not applicable,verified_primary,modes_experiment/fresh_analysis/derived/a04_prior_attribution_changes.csv,"Representative snapshot index 100, t=410; not time-averaged."
MP-0781,A04,Karman-prior attribution,complete_with_single_run_caveat,Hybrid ModalPINN,pressure_only_physics_karman_prior,Pressure + physics + Karman prior,cylinder pressure,32,uniform,True,,learned_correction_snapshot,u,rms_abs_per_node,other,0.123048802342,field_units,hybrid_minus_karman_prior,snapshot_correction,not applicable,verified_primary,modes_experiment/fresh_analysis/derived/a04_prior_attribution_changes.csv,"Representative snapshot index 100, t=410; not time-averaged."
MP-0782,A04,Karman-prior attribution,complete_with_single_run_caveat,Hybrid ModalPINN,pressure_only_physics_karman_prior,Pressure + physics + Karman prior,cylinder pressure,32,uniform,True,,learned_correction_snapshot,u,relative_to_reference_rms,other,0.131743821979,ratio,CFD_snapshot_rms,snapshot_correction,not applicable,verified_primary,modes_experiment/fresh_analysis/derived/a04_prior_attribution_changes.csv,"Representative snapshot index 100, t=410; not time-averaged."
MP-0783,A04,Karman-prior attribution,complete_with_single_run_caveat,Hybrid ModalPINN,pressure_only_physics_karman_prior,Pressure + physics + Karman prior,cylinder pressure,32,uniform,True,,learned_correction_snapshot,u,relative_to_prior_rms,other,0.122222347324,ratio,Karman_prior_snapshot_rms,snapshot_correction,not applicable,verified_primary,modes_experiment/fresh_analysis/derived/a04_prior_attribution_changes.csv,"Representative snapshot index 100, t=410; not time-averaged."
MP-0784,A04,Karman-prior attribution,complete_with_single_run_caveat,Hybrid ModalPINN,pressure_only_physics_karman_prior,Pressure + physics + Karman prior,cylinder pressure,32,uniform,True,,learned_correction_snapshot,v,rms_abs_per_node,other,0.154789804562,field_units,hybrid_minus_karman_prior,snapshot_correction,not applicable,verified_primary,modes_experiment/fresh_analysis/derived/a04_prior_attribution_changes.csv,"Representative snapshot index 100, t=410; not time-averaged."
MP-0785,A04,Karman-prior attribution,complete_with_single_run_caveat,Hybrid ModalPINN,pressure_only_physics_karman_prior,Pressure + physics + Karman prior,cylinder pressure,32,uniform,True,,learned_correction_snapshot,v,relative_to_reference_rms,other,0.736258208258,ratio,CFD_snapshot_rms,snapshot_correction,not applicable,verified_primary,modes_experiment/fresh_analysis/derived/a04_prior_attribution_changes.csv,"Representative snapshot index 100, t=410; not time-averaged."
MP-0786,A04,Karman-prior attribution,complete_with_single_run_caveat,Hybrid ModalPINN,pressure_only_physics_karman_prior,Pressure + physics + Karman prior,cylinder pressure,32,uniform,True,,learned_correction_snapshot,v,relative_to_prior_rms,other,1.08656794131,ratio,Karman_prior_snapshot_rms,snapshot_correction,not applicable,verified_primary,modes_experiment/fresh_analysis/derived/a04_prior_attribution_changes.csv,"Representative snapshot index 100, t=410; not time-averaged."
MP-0787,A04,Karman-prior attribution,complete_with_single_run_caveat,Hybrid ModalPINN,pressure_only_physics_karman_prior,Pressure + physics + Karman prior,cylinder pressure,32,uniform,True,,learned_correction_snapshot,p,rms_abs_per_node,other,0.171169075528,field_units,hybrid_minus_karman_prior,snapshot_correction,not applicable,verified_primary,modes_experiment/fresh_analysis/derived/a04_prior_attribution_changes.csv,"Representative snapshot index 100, t=410; not time-averaged."
MP-0788,A04,Karman-prior attribution,complete_with_single_run_caveat,Hybrid ModalPINN,pressure_only_physics_karman_prior,Pressure + physics + Karman prior,cylinder pressure,32,uniform,True,,learned_correction_snapshot,p,relative_to_reference_rms,other,1.08424241899,ratio,CFD_snapshot_rms,snapshot_correction,not applicable,verified_primary,modes_experiment/fresh_analysis/derived/a04_prior_attribution_changes.csv,"Representative snapshot index 100, t=410; not time-averaged."
MP-0789,A04,Karman-prior attribution,complete_with_single_run_caveat,Hybrid ModalPINN,pressure_only_physics_karman_prior,Pressure + physics + Karman prior,cylinder pressure,32,uniform,True,,learned_correction_snapshot,p,relative_to_prior_rms,other,3.26725337577,ratio,Karman_prior_snapshot_rms,snapshot_correction,not applicable,verified_primary,modes_experiment/fresh_analysis/derived/a04_prior_attribution_changes.csv,"Representative snapshot index 100, t=410; not time-averaged."
MP-0790,A04,Karman-prior attribution,complete_with_single_run_caveat,Hybrid ModalPINN,pressure_only_physics_karman_prior,Pressure + physics + Karman prior,cylinder pressure,32,uniform,True,,learned_correction_snapshot,u,rms_abs_per_node,whole-domain,0.566240375606,field_units,hybrid_minus_karman_prior,snapshot_correction,not applicable,verified_primary,modes_experiment/fresh_analysis/derived/a04_prior_attribution_changes.csv,"Representative snapshot index 100, t=410; not time-averaged."
MP-0791,A04,Karman-prior attribution,complete_with_single_run_caveat,Hybrid ModalPINN,pressure_only_physics_karman_prior,Pressure + physics + Karman prior,cylinder pressure,32,uniform,True,,learned_correction_snapshot,u,relative_to_reference_rms,whole-domain,0.698140963112,ratio,CFD_snapshot_rms,snapshot_correction,not applicable,verified_primary,modes_experiment/fresh_analysis/derived/a04_prior_attribution_changes.csv,"Representative snapshot index 100, t=410; not time-averaged."
MP-0792,A04,Karman-prior attribution,complete_with_single_run_caveat,Hybrid ModalPINN,pressure_only_physics_karman_prior,Pressure + physics + Karman prior,cylinder pressure,32,uniform,True,,learned_correction_snapshot,u,relative_to_prior_rms,whole-domain,0.543852034936,ratio,Karman_prior_snapshot_rms,snapshot_correction,not applicable,verified_primary,modes_experiment/fresh_analysis/derived/a04_prior_attribution_changes.csv,"Representative snapshot index 100, t=410; not time-averaged."
MP-0793,A04,Karman-prior attribution,complete_with_single_run_caveat,Hybrid ModalPINN,pressure_only_physics_karman_prior,Pressure + physics + Karman prior,cylinder pressure,32,uniform,True,,learned_correction_snapshot,v,rms_abs_per_node,whole-domain,0.290334909029,field_units,hybrid_minus_karman_prior,snapshot_correction,not applicable,verified_primary,modes_experiment/fresh_analysis/derived/a04_prior_attribution_changes.csv,"Representative snapshot index 100, t=410; not time-averaged."
MP-0794,A04,Karman-prior attribution,complete_with_single_run_caveat,Hybrid ModalPINN,pressure_only_physics_karman_prior,Pressure + physics + Karman prior,cylinder pressure,32,uniform,True,,learned_correction_snapshot,v,relative_to_reference_rms,whole-domain,1.21331552915,ratio,CFD_snapshot_rms,snapshot_correction,not applicable,verified_primary,modes_experiment/fresh_analysis/derived/a04_prior_attribution_changes.csv,"Representative snapshot index 100, t=410; not time-averaged."
MP-0795,A04,Karman-prior attribution,complete_with_single_run_caveat,Hybrid ModalPINN,pressure_only_physics_karman_prior,Pressure + physics + Karman prior,cylinder pressure,32,uniform,True,,learned_correction_snapshot,v,relative_to_prior_rms,whole-domain,0.862418633924,ratio,Karman_prior_snapshot_rms,snapshot_correction,not applicable,verified_primary,modes_experiment/fresh_analysis/derived/a04_prior_attribution_changes.csv,"Representative snapshot index 100, t=410; not time-averaged."
MP-0796,A04,Karman-prior attribution,complete_with_single_run_caveat,Hybrid ModalPINN,pressure_only_physics_karman_prior,Pressure + physics + Karman prior,cylinder pressure,32,uniform,True,,learned_correction_snapshot,p,rms_abs_per_node,whole-domain,0.222165261579,field_units,hybrid_minus_karman_prior,snapshot_correction,not applicable,verified_primary,modes_experiment/fresh_analysis/derived/a04_prior_attribution_changes.csv,"Representative snapshot index 100, t=410; not time-averaged."
MP-0797,A04,Karman-prior attribution,complete_with_single_run_caveat,Hybrid ModalPINN,pressure_only_physics_karman_prior,Pressure + physics + Karman prior,cylinder pressure,32,uniform,True,,learned_correction_snapshot,p,relative_to_reference_rms,whole-domain,0.877199570583,ratio,CFD_snapshot_rms,snapshot_correction,not applicable,verified_primary,modes_experiment/fresh_analysis/derived/a04_prior_attribution_changes.csv,"Representative snapshot index 100, t=410; not time-averaged."
MP-0798,A04,Karman-prior attribution,complete_with_single_run_caveat,Hybrid ModalPINN,pressure_only_physics_karman_prior,Pressure + physics + Karman prior,cylinder pressure,32,uniform,True,,learned_correction_snapshot,p,relative_to_prior_rms,whole-domain,1.16509932907,ratio,Karman_prior_snapshot_rms,snapshot_correction,not applicable,verified_primary,modes_experiment/fresh_analysis/derived/a04_prior_attribution_changes.csv,"Representative snapshot index 100, t=410; not time-averaged."
MP-0799,A03,Collocation strategy,complete_with_effort_caveat,ModalPINN,uniform_collocation,Pressure only + physics (uniform collocation),cylinder pressure,32,uniform,False,,field,u,rel_L2,near-cylinder,0.04342290014028549,dimensionless,CFD,raw_metric,not applicable,verified_primary,modes_experiment/fresh_analysis/derived/a03_collocation_summary.csv,"Pressure-only + physics; 32 taps; uniform interior collocation. Observed endpoint after 5,503 L-BFGS evaluations; matched-effort re-run attempted and discarded 2026-08-28; not a one-sided accuracy bound."
MP-0800,A03,Collocation strategy,complete_with_effort_caveat,ModalPINN,uniform_collocation,Pressure only + physics (uniform collocation),cylinder pressure,32,uniform,False,,field,v,rel_L2,near-cylinder,0.14143913984298706,dimensionless,CFD,raw_metric,not applicable,verified_primary,modes_experiment/fresh_analysis/derived/a03_collocation_summary.csv,"Pressure-only + physics; 32 taps; uniform interior collocation. Observed endpoint after 5,503 L-BFGS evaluations; matched-effort re-run attempted and discarded 2026-08-28; not a one-sided accuracy bound."
MP-0801,A03,Collocation strategy,complete_with_effort_caveat,ModalPINN,uniform_collocation,Pressure only + physics (uniform collocation),cylinder pressure,32,uniform,False,,field,p,rel_L2,near-cylinder,0.01867641694843769,dimensionless,CFD,raw_metric,not applicable,verified_primary,modes_experiment/fresh_analysis/derived/a03_collocation_summary.csv,"Pressure-only + physics; 32 taps; uniform interior collocation. Observed endpoint after 5,503 L-BFGS evaluations; matched-effort re-run attempted and discarded 2026-08-28; not a one-sided accuracy bound."
MP-0802,A03,Collocation strategy,complete_with_effort_caveat,ModalPINN,uniform_collocation,Pressure only + physics (uniform collocation),cylinder pressure,32,uniform,False,,field,u,rel_L2,near-wake,0.2727372944355011,dimensionless,CFD,raw_metric,not applicable,verified_primary,modes_experiment/fresh_analysis/derived/a03_collocation_summary.csv,"Pressure-only + physics; 32 taps; uniform interior collocation. Observed endpoint after 5,503 L-BFGS evaluations; matched-effort re-run attempted and discarded 2026-08-28; not a one-sided accuracy bound."
MP-0803,A03,Collocation strategy,complete_with_effort_caveat,ModalPINN,uniform_collocation,Pressure only + physics (uniform collocation),cylinder pressure,32,uniform,False,,field,v,rel_L2,near-wake,1.0366290807724,dimensionless,CFD,raw_metric,not applicable,verified_primary,modes_experiment/fresh_analysis/derived/a03_collocation_summary.csv,"Pressure-only + physics; 32 taps; uniform interior collocation. Observed endpoint after 5,503 L-BFGS evaluations; matched-effort re-run attempted and discarded 2026-08-28; not a one-sided accuracy bound."
MP-0804,A03,Collocation strategy,complete_with_effort_caveat,ModalPINN,uniform_collocation,Pressure only + physics (uniform collocation),cylinder pressure,32,uniform,False,,field,p,rel_L2,near-wake,0.6163440942764282,dimensionless,CFD,raw_metric,not applicable,verified_primary,modes_experiment/fresh_analysis/derived/a03_collocation_summary.csv,"Pressure-only + physics; 32 taps; uniform interior collocation. Observed endpoint after 5,503 L-BFGS evaluations; matched-effort re-run attempted and discarded 2026-08-28; not a one-sided accuracy bound."
MP-0805,A03,Collocation strategy,complete_with_effort_caveat,ModalPINN,uniform_collocation,Pressure only + physics (uniform collocation),cylinder pressure,32,uniform,False,,field,u,rel_L2,far-wake,0.5002196431159973,dimensionless,CFD,raw_metric,not applicable,verified_primary,modes_experiment/fresh_analysis/derived/a03_collocation_summary.csv,"Pressure-only + physics; 32 taps; uniform interior collocation. Observed endpoint after 5,503 L-BFGS evaluations; matched-effort re-run attempted and discarded 2026-08-28; not a one-sided accuracy bound."
MP-0806,A03,Collocation strategy,complete_with_effort_caveat,ModalPINN,uniform_collocation,Pressure only + physics (uniform collocation),cylinder pressure,32,uniform,False,,field,v,rel_L2,far-wake,1.0139986276626587,dimensionless,CFD,raw_metric,not applicable,verified_primary,modes_experiment/fresh_analysis/derived/a03_collocation_summary.csv,"Pressure-only + physics; 32 taps; uniform interior collocation. Observed endpoint after 5,503 L-BFGS evaluations; matched-effort re-run attempted and discarded 2026-08-28; not a one-sided accuracy bound."
MP-0807,A03,Collocation strategy,complete_with_effort_caveat,ModalPINN,uniform_collocation,Pressure only + physics (uniform collocation),cylinder pressure,32,uniform,False,,field,p,rel_L2,far-wake,2.3332183361053467,dimensionless,CFD,raw_metric,not applicable,verified_primary,modes_experiment/fresh_analysis/derived/a03_collocation_summary.csv,"Pressure-only + physics; 32 taps; uniform interior collocation. Observed endpoint after 5,503 L-BFGS evaluations; matched-effort re-run attempted and discarded 2026-08-28; not a one-sided accuracy bound."
MP-0808,A03,Collocation strategy,complete_with_effort_caveat,ModalPINN,uniform_collocation,Pressure only + physics (uniform collocation),cylinder pressure,32,uniform,False,,field,u,rel_L2,far-core,0.5826302766799927,dimensionless,CFD,raw_metric,not applicable,verified_primary,modes_experiment/fresh_analysis/derived/a03_collocation_summary.csv,"Pressure-only + physics; 32 taps; uniform interior collocation. Observed endpoint after 5,503 L-BFGS evaluations; matched-effort re-run attempted and discarded 2026-08-28; not a one-sided accuracy bound."
MP-0809,A03,Collocation strategy,complete_with_effort_caveat,ModalPINN,uniform_collocation,Pressure only + physics (uniform collocation),cylinder pressure,32,uniform,False,,field,v,rel_L2,far-core,1.0038522481918335,dimensionless,CFD,raw_metric,not applicable,verified_primary,modes_experiment/fresh_analysis/derived/a03_collocation_summary.csv,"Pressure-only + physics; 32 taps; uniform interior collocation. Observed endpoint after 5,503 L-BFGS evaluations; matched-effort re-run attempted and discarded 2026-08-28; not a one-sided accuracy bound."
MP-0810,A03,Collocation strategy,complete_with_effort_caveat,ModalPINN,uniform_collocation,Pressure only + physics (uniform collocation),cylinder pressure,32,uniform,False,,field,p,rel_L2,far-core,1.9013025760650635,dimensionless,CFD,raw_metric,not applicable,verified_primary,modes_experiment/fresh_analysis/derived/a03_collocation_summary.csv,"Pressure-only + physics; 32 taps; uniform interior collocation. Observed endpoint after 5,503 L-BFGS evaluations; matched-effort re-run attempted and discarded 2026-08-28; not a one-sided accuracy bound."
MP-0811,A03,Collocation strategy,complete_with_effort_caveat,ModalPINN,uniform_collocation,Pressure only + physics (uniform collocation),cylinder pressure,32,uniform,False,,field,u,rel_L2,other,0.06775574386119843,dimensionless,CFD,raw_metric,not applicable,verified_primary,modes_experiment/fresh_analysis/derived/a03_collocation_summary.csv,"Pressure-only + physics; 32 taps; uniform interior collocation. Observed endpoint after 5,503 L-BFGS evaluations; matched-effort re-run attempted and discarded 2026-08-28; not a one-sided accuracy bound."
MP-0812,A03,Collocation strategy,complete_with_effort_caveat,ModalPINN,uniform_collocation,Pressure only + physics (uniform collocation),cylinder pressure,32,uniform,False,,field,v,rel_L2,other,0.12204265594482422,dimensionless,CFD,raw_metric,not applicable,verified_primary,modes_experiment/fresh_analysis/derived/a03_collocation_summary.csv,"Pressure-only + physics; 32 taps; uniform interior collocation. Observed endpoint after 5,503 L-BFGS evaluations; matched-effort re-run attempted and discarded 2026-08-28; not a one-sided accuracy bound."
MP-0813,A03,Collocation strategy,complete_with_effort_caveat,ModalPINN,uniform_collocation,Pressure only + physics (uniform collocation),cylinder pressure,32,uniform,False,,field,p,rel_L2,other,0.19711746275424957,dimensionless,CFD,raw_metric,not applicable,verified_primary,modes_experiment/fresh_analysis/derived/a03_collocation_summary.csv,"Pressure-only + physics; 32 taps; uniform interior collocation. Observed endpoint after 5,503 L-BFGS evaluations; matched-effort re-run attempted and discarded 2026-08-28; not a one-sided accuracy bound."
MP-0814,A03,Collocation strategy,complete_with_effort_caveat,ModalPINN,uniform_collocation,Pressure only + physics (uniform collocation),cylinder pressure,32,uniform,False,,field,u,rel_L2,whole-domain,0.35252973437309265,dimensionless,CFD,raw_metric,not applicable,verified_primary,modes_experiment/fresh_analysis/derived/a03_collocation_summary.csv,"Pressure-only + physics; 32 taps; uniform interior collocation. Observed endpoint after 5,503 L-BFGS evaluations; matched-effort re-run attempted and discarded 2026-08-28; not a one-sided accuracy bound."
MP-0815,A03,Collocation strategy,complete_with_effort_caveat,ModalPINN,uniform_collocation,Pressure only + physics (uniform collocation),cylinder pressure,32,uniform,False,,field,v,rel_L2,whole-domain,0.8035315275192261,dimensionless,CFD,raw_metric,not applicable,verified_primary,modes_experiment/fresh_analysis/derived/a03_collocation_summary.csv,"Pressure-only + physics; 32 taps; uniform interior collocation. Observed endpoint after 5,503 L-BFGS evaluations; matched-effort re-run attempted and discarded 2026-08-28; not a one-sided accuracy bound."
MP-0816,A03,Collocation strategy,complete_with_effort_caveat,ModalPINN,uniform_collocation,Pressure only + physics (uniform collocation),cylinder pressure,32,uniform,False,,field,p,rel_L2,whole-domain,0.5622267723083496,dimensionless,CFD,raw_metric,not applicable,verified_primary,modes_experiment/fresh_analysis/derived/a03_collocation_summary.csv,"Pressure-only + physics; 32 taps; uniform interior collocation. Observed endpoint after 5,503 L-BFGS evaluations; matched-effort re-run attempted and discarded 2026-08-28; not a one-sided accuracy bound."
MP-0817,A03,Collocation strategy,complete_with_effort_caveat,ModalPINN,uniform_collocation,Pressure only + physics (uniform collocation),cylinder pressure,32,uniform,False,,v1_mode,v,n,near-cylinder,13715,count,region node count,raw_metric,absolute time; prediction and CFD reference aligned,verified_primary,modes_experiment/fresh_analysis/derived/a03_collocation_summary.csv,"Pressure-only + physics; 32 taps; uniform interior collocation. Observed endpoint after 5,503 L-BFGS evaluations; matched-effort re-run attempted and discarded 2026-08-28; not a one-sided accuracy bound."
MP-0818,A03,Collocation strategy,complete_with_effort_caveat,ModalPINN,uniform_collocation,Pressure only + physics (uniform collocation),cylinder pressure,32,uniform,False,,v1_mode,v,rel_L2,near-cylinder,0.9406295331124092,dimensionless,CFD,raw_metric,absolute time; prediction and CFD reference aligned,verified_primary,modes_experiment/fresh_analysis/derived/a03_collocation_summary.csv,"Pressure-only + physics; 32 taps; uniform interior collocation. Observed endpoint after 5,503 L-BFGS evaluations; matched-effort re-run attempted and discarded 2026-08-28; not a one-sided accuracy bound."
MP-0819,A03,Collocation strategy,complete_with_effort_caveat,ModalPINN,uniform_collocation,Pressure only + physics (uniform collocation),cylinder pressure,32,uniform,False,,v1_mode,v,amp_ratio,near-cylinder,0.23299564208967985,dimensionless,ideal 1,raw_metric,absolute time; prediction and CFD reference aligned,verified_primary,modes_experiment/fresh_analysis/derived/a03_collocation_summary.csv,"Pressure-only + physics; 32 taps; uniform interior collocation. Observed endpoint after 5,503 L-BFGS evaluations; matched-effort re-run attempted and discarded 2026-08-28; not a one-sided accuracy bound."
MP-0820,A03,Collocation strategy,complete_with_effort_caveat,ModalPINN,uniform_collocation,Pressure only + physics (uniform collocation),cylinder pressure,32,uniform,False,,v1_mode,v,corr,near-cylinder,0.5901849294755541,dimensionless,ideal 1,raw_metric,absolute time; prediction and CFD reference aligned,verified_primary,modes_experiment/fresh_analysis/derived/a03_collocation_summary.csv,"Pressure-only + physics; 32 taps; uniform interior collocation. Observed endpoint after 5,503 L-BFGS evaluations; matched-effort re-run attempted and discarded 2026-08-28; not a one-sided accuracy bound."
MP-0821,A03,Collocation strategy,complete_with_effort_caveat,ModalPINN,uniform_collocation,Pressure only + physics (uniform collocation),cylinder pressure,32,uniform,False,,v1_mode,v,phase_deg,near-cylinder,-51.951551177873284,degrees,ideal phase 0 deg,raw_metric,absolute time; prediction and CFD reference aligned,verified_primary,modes_experiment/fresh_analysis/derived/a03_collocation_summary.csv,"Pressure-only + physics; 32 taps; uniform interior collocation. Observed endpoint after 5,503 L-BFGS evaluations; matched-effort re-run attempted and discarded 2026-08-28; not a one-sided accuracy bound."
MP-0822,A03,Collocation strategy,complete_with_effort_caveat,ModalPINN,uniform_collocation,Pressure only + physics (uniform collocation),cylinder pressure,32,uniform,False,,v1_mode,v,n,near-wake,15248,count,region node count,raw_metric,absolute time; prediction and CFD reference aligned,verified_primary,modes_experiment/fresh_analysis/derived/a03_collocation_summary.csv,"Pressure-only + physics; 32 taps; uniform interior collocation. Observed endpoint after 5,503 L-BFGS evaluations; matched-effort re-run attempted and discarded 2026-08-28; not a one-sided accuracy bound."
MP-0823,A03,Collocation strategy,complete_with_effort_caveat,ModalPINN,uniform_collocation,Pressure only + physics (uniform collocation),cylinder pressure,32,uniform,False,,v1_mode,v,rel_L2,near-wake,1.001504336694003,dimensionless,CFD,raw_metric,absolute time; prediction and CFD reference aligned,verified_primary,modes_experiment/fresh_analysis/derived/a03_collocation_summary.csv,"Pressure-only + physics; 32 taps; uniform interior collocation. Observed endpoint after 5,503 L-BFGS evaluations; matched-effort re-run attempted and discarded 2026-08-28; not a one-sided accuracy bound."
MP-0824,A03,Collocation strategy,complete_with_effort_caveat,ModalPINN,uniform_collocation,Pressure only + physics (uniform collocation),cylinder pressure,32,uniform,False,,v1_mode,v,amp_ratio,near-wake,0.0535476974215554,dimensionless,ideal 1,raw_metric,absolute time; prediction and CFD reference aligned,verified_primary,modes_experiment/fresh_analysis/derived/a03_collocation_summary.csv,"Pressure-only + physics; 32 taps; uniform interior collocation. Observed endpoint after 5,503 L-BFGS evaluations; matched-effort re-run attempted and discarded 2026-08-28; not a one-sided accuracy bound."
MP-0825,A03,Collocation strategy,complete_with_effort_caveat,ModalPINN,uniform_collocation,Pressure only + physics (uniform collocation),cylinder pressure,32,uniform,False,,v1_mode,v,corr,near-wake,0.08222242151454592,dimensionless,ideal 1,raw_metric,absolute time; prediction and CFD reference aligned,verified_primary,modes_experiment/fresh_analysis/derived/a03_collocation_summary.csv,"Pressure-only + physics; 32 taps; uniform interior collocation. Observed endpoint after 5,503 L-BFGS evaluations; matched-effort re-run attempted and discarded 2026-08-28; not a one-sided accuracy bound."
MP-0826,A03,Collocation strategy,complete_with_effort_caveat,ModalPINN,uniform_collocation,Pressure only + physics (uniform collocation),cylinder pressure,32,uniform,False,,v1_mode,v,phase_deg,near-wake,90.93427845597331,degrees,ideal phase 0 deg,raw_metric,absolute time; prediction and CFD reference aligned,verified_primary,modes_experiment/fresh_analysis/derived/a03_collocation_summary.csv,"Pressure-only + physics; 32 taps; uniform interior collocation. Observed endpoint after 5,503 L-BFGS evaluations; matched-effort re-run attempted and discarded 2026-08-28; not a one-sided accuracy bound."
MP-0827,A03,Collocation strategy,complete_with_effort_caveat,ModalPINN,uniform_collocation,Pressure only + physics (uniform collocation),cylinder pressure,32,uniform,False,,v1_mode,v,n,far-wake,16393,count,region node count,raw_metric,absolute time; prediction and CFD reference aligned,verified_primary,modes_experiment/fresh_analysis/derived/a03_collocation_summary.csv,"Pressure-only + physics; 32 taps; uniform interior collocation. Observed endpoint after 5,503 L-BFGS evaluations; matched-effort re-run attempted and discarded 2026-08-28; not a one-sided accuracy bound."
MP-0828,A03,Collocation strategy,complete_with_effort_caveat,ModalPINN,uniform_collocation,Pressure only + physics (uniform collocation),cylinder pressure,32,uniform,False,,v1_mode,v,rel_L2,far-wake,0.9972479234891308,dimensionless,CFD,raw_metric,absolute time; prediction and CFD reference aligned,verified_primary,modes_experiment/fresh_analysis/derived/a03_collocation_summary.csv,"Pressure-only + physics; 32 taps; uniform interior collocation. Observed endpoint after 5,503 L-BFGS evaluations; matched-effort re-run attempted and discarded 2026-08-28; not a one-sided accuracy bound."
MP-0829,A03,Collocation strategy,complete_with_effort_caveat,ModalPINN,uniform_collocation,Pressure only + physics (uniform collocation),cylinder pressure,32,uniform,False,,v1_mode,v,amp_ratio,far-wake,0.021598274531735864,dimensionless,ideal 1,raw_metric,absolute time; prediction and CFD reference aligned,verified_primary,modes_experiment/fresh_analysis/derived/a03_collocation_summary.csv,"Pressure-only + physics; 32 taps; uniform interior collocation. Observed endpoint after 5,503 L-BFGS evaluations; matched-effort re-run attempted and discarded 2026-08-28; not a one-sided accuracy bound."
MP-0830,A03,Collocation strategy,complete_with_effort_caveat,ModalPINN,uniform_collocation,Pressure only + physics (uniform collocation),cylinder pressure,32,uniform,False,,v1_mode,v,corr,far-wake,0.1416338488100312,dimensionless,ideal 1,raw_metric,absolute time; prediction and CFD reference aligned,verified_primary,modes_experiment/fresh_analysis/derived/a03_collocation_summary.csv,"Pressure-only + physics; 32 taps; uniform interior collocation. Observed endpoint after 5,503 L-BFGS evaluations; matched-effort re-run attempted and discarded 2026-08-28; not a one-sided accuracy bound."
MP-0831,A03,Collocation strategy,complete_with_effort_caveat,ModalPINN,uniform_collocation,Pressure only + physics (uniform collocation),cylinder pressure,32,uniform,False,,v1_mode,v,phase_deg,far-wake,12.92579662232975,degrees,ideal phase 0 deg,raw_metric,absolute time; prediction and CFD reference aligned,verified_primary,modes_experiment/fresh_analysis/derived/a03_collocation_summary.csv,"Pressure-only + physics; 32 taps; uniform interior collocation. Observed endpoint after 5,503 L-BFGS evaluations; matched-effort re-run attempted and discarded 2026-08-28; not a one-sided accuracy bound."
MP-0832,A03,Collocation strategy,complete_with_effort_caveat,ModalPINN,uniform_collocation,Pressure only + physics (uniform collocation),cylinder pressure,32,uniform,False,,v1_mode,v,n,far-core,12460,count,region node count,raw_metric,absolute time; prediction and CFD reference aligned,verified_primary,modes_experiment/fresh_analysis/derived/a03_collocation_summary.csv,"Pressure-only + physics; 32 taps; uniform interior collocation. Observed endpoint after 5,503 L-BFGS evaluations; matched-effort re-run attempted and discarded 2026-08-28; not a one-sided accuracy bound."
MP-0833,A03,Collocation strategy,complete_with_effort_caveat,ModalPINN,uniform_collocation,Pressure only + physics (uniform collocation),cylinder pressure,32,uniform,False,,v1_mode,v,rel_L2,far-core,0.9971765558242203,dimensionless,CFD,raw_metric,absolute time; prediction and CFD reference aligned,verified_primary,modes_experiment/fresh_analysis/derived/a03_collocation_summary.csv,"Pressure-only + physics; 32 taps; uniform interior collocation. Observed endpoint after 5,503 L-BFGS evaluations; matched-effort re-run attempted and discarded 2026-08-28; not a one-sided accuracy bound."
MP-0834,A03,Collocation strategy,complete_with_effort_caveat,ModalPINN,uniform_collocation,Pressure only + physics (uniform collocation),cylinder pressure,32,uniform,False,,v1_mode,v,amp_ratio,far-core,0.01894815276825727,dimensionless,ideal 1,raw_metric,absolute time; prediction and CFD reference aligned,verified_primary,modes_experiment/fresh_analysis/derived/a03_collocation_summary.csv,"Pressure-only + physics; 32 taps; uniform interior collocation. Observed endpoint after 5,503 L-BFGS evaluations; matched-effort re-run attempted and discarded 2026-08-28; not a one-sided accuracy bound."
MP-0835,A03,Collocation strategy,complete_with_effort_caveat,ModalPINN,uniform_collocation,Pressure only + physics (uniform collocation),cylinder pressure,32,uniform,False,,v1_mode,v,corr,far-core,0.16035718037970448,dimensionless,ideal 1,raw_metric,absolute time; prediction and CFD reference aligned,verified_primary,modes_experiment/fresh_analysis/derived/a03_collocation_summary.csv,"Pressure-only + physics; 32 taps; uniform interior collocation. Observed endpoint after 5,503 L-BFGS evaluations; matched-effort re-run attempted and discarded 2026-08-28; not a one-sided accuracy bound."
MP-0836,A03,Collocation strategy,complete_with_effort_caveat,ModalPINN,uniform_collocation,Pressure only + physics (uniform collocation),cylinder pressure,32,uniform,False,,v1_mode,v,phase_deg,far-core,9.24843573567387,degrees,ideal phase 0 deg,raw_metric,absolute time; prediction and CFD reference aligned,verified_primary,modes_experiment/fresh_analysis/derived/a03_collocation_summary.csv,"Pressure-only + physics; 32 taps; uniform interior collocation. Observed endpoint after 5,503 L-BFGS evaluations; matched-effort re-run attempted and discarded 2026-08-28; not a one-sided accuracy bound."
MP-0837,A03,Collocation strategy,complete_with_effort_caveat,ModalPINN,uniform_collocation,Pressure only + physics (uniform collocation),cylinder pressure,32,uniform,False,,v1_mode,v,n,other,6298,count,region node count,raw_metric,absolute time; prediction and CFD reference aligned,verified_primary,modes_experiment/fresh_analysis/derived/a03_collocation_summary.csv,"Pressure-only + physics; 32 taps; uniform interior collocation. Observed endpoint after 5,503 L-BFGS evaluations; matched-effort re-run attempted and discarded 2026-08-28; not a one-sided accuracy bound."
MP-0838,A03,Collocation strategy,complete_with_effort_caveat,ModalPINN,uniform_collocation,Pressure only + physics (uniform collocation),cylinder pressure,32,uniform,False,,v1_mode,v,rel_L2,other,0.9241842531271137,dimensionless,CFD,raw_metric,absolute time; prediction and CFD reference aligned,verified_primary,modes_experiment/fresh_analysis/derived/a03_collocation_summary.csv,"Pressure-only + physics; 32 taps; uniform interior collocation. Observed endpoint after 5,503 L-BFGS evaluations; matched-effort re-run attempted and discarded 2026-08-28; not a one-sided accuracy bound."
MP-0839,A03,Collocation strategy,complete_with_effort_caveat,ModalPINN,uniform_collocation,Pressure only + physics (uniform collocation),cylinder pressure,32,uniform,False,,v1_mode,v,amp_ratio,other,1.2146865751402014,dimensionless,ideal 1,raw_metric,absolute time; prediction and CFD reference aligned,verified_primary,modes_experiment/fresh_analysis/derived/a03_collocation_summary.csv,"Pressure-only + physics; 32 taps; uniform interior collocation. Observed endpoint after 5,503 L-BFGS evaluations; matched-effort re-run attempted and discarded 2026-08-28; not a one-sided accuracy bound."
MP-0840,A03,Collocation strategy,complete_with_effort_caveat,ModalPINN,uniform_collocation,Pressure only + physics (uniform collocation),cylinder pressure,32,uniform,False,,v1_mode,v,corr,other,0.7087490409532666,dimensionless,ideal 1,raw_metric,absolute time; prediction and CFD reference aligned,verified_primary,modes_experiment/fresh_analysis/derived/a03_collocation_summary.csv,"Pressure-only + physics; 32 taps; uniform interior collocation. Observed endpoint after 5,503 L-BFGS evaluations; matched-effort re-run attempted and discarded 2026-08-28; not a one-sided accuracy bound."
MP-0841,A03,Collocation strategy,complete_with_effort_caveat,ModalPINN,uniform_collocation,Pressure only + physics (uniform collocation),cylinder pressure,32,uniform,False,,v1_mode,v,phase_deg,other,19.66957343150897,degrees,ideal phase 0 deg,raw_metric,absolute time; prediction and CFD reference aligned,verified_primary,modes_experiment/fresh_analysis/derived/a03_collocation_summary.csv,"Pressure-only + physics; 32 taps; uniform interior collocation. Observed endpoint after 5,503 L-BFGS evaluations; matched-effort re-run attempted and discarded 2026-08-28; not a one-sided accuracy bound."
MP-0842,A03,Collocation strategy,complete_with_effort_caveat,ModalPINN,uniform_collocation,Pressure only + physics (uniform collocation),cylinder pressure,32,uniform,False,,v1_mode,v,n,whole-domain,51654,count,region node count,raw_metric,absolute time; prediction and CFD reference aligned,verified_primary,modes_experiment/fresh_analysis/derived/a03_collocation_summary.csv,"Pressure-only + physics; 32 taps; uniform interior collocation. Observed endpoint after 5,503 L-BFGS evaluations; matched-effort re-run attempted and discarded 2026-08-28; not a one-sided accuracy bound."
MP-0843,A03,Collocation strategy,complete_with_effort_caveat,ModalPINN,uniform_collocation,Pressure only + physics (uniform collocation),cylinder pressure,32,uniform,False,,v1_mode,v,rel_L2,whole-domain,0.9979354426488796,dimensionless,CFD,raw_metric,absolute time; prediction and CFD reference aligned,verified_primary,modes_experiment/fresh_analysis/derived/a03_collocation_summary.csv,"Pressure-only + physics; 32 taps; uniform interior collocation. Observed endpoint after 5,503 L-BFGS evaluations; matched-effort re-run attempted and discarded 2026-08-28; not a one-sided accuracy bound."
MP-0844,A03,Collocation strategy,complete_with_effort_caveat,ModalPINN,uniform_collocation,Pressure only + physics (uniform collocation),cylinder pressure,32,uniform,False,,v1_mode,v,amp_ratio,whole-domain,0.047024170317109606,dimensionless,ideal 1,raw_metric,absolute time; prediction and CFD reference aligned,verified_primary,modes_experiment/fresh_analysis/derived/a03_collocation_summary.csv,"Pressure-only + physics; 32 taps; uniform interior collocation. Observed endpoint after 5,503 L-BFGS evaluations; matched-effort re-run attempted and discarded 2026-08-28; not a one-sided accuracy bound."
MP-0845,A03,Collocation strategy,complete_with_effort_caveat,ModalPINN,uniform_collocation,Pressure only + physics (uniform collocation),cylinder pressure,32,uniform,False,,v1_mode,v,corr,whole-domain,0.06884213593908395,dimensionless,ideal 1,raw_metric,absolute time; prediction and CFD reference aligned,verified_primary,modes_experiment/fresh_analysis/derived/a03_collocation_summary.csv,"Pressure-only + physics; 32 taps; uniform interior collocation. Observed endpoint after 5,503 L-BFGS evaluations; matched-effort re-run attempted and discarded 2026-08-28; not a one-sided accuracy bound."
MP-0846,A03,Collocation strategy,complete_with_effort_caveat,ModalPINN,uniform_collocation,Pressure only + physics (uniform collocation),cylinder pressure,32,uniform,False,,v1_mode,v,phase_deg,whole-domain,11.866497006933434,degrees,ideal phase 0 deg,raw_metric,absolute time; prediction and CFD reference aligned,verified_primary,modes_experiment/fresh_analysis/derived/a03_collocation_summary.csv,"Pressure-only + physics; 32 taps; uniform interior collocation. Observed endpoint after 5,503 L-BFGS evaluations; matched-effort re-run attempted and discarded 2026-08-28; not a one-sided accuracy bound."
MP-0847,A03,Collocation strategy,complete_with_effort_caveat,ModalPINN,wake_biased_random_collocation,Pressure only + physics (wake-biased random),cylinder pressure,32,wake-biased random,False,,field,u,rel_L2,near-cylinder,0.04212762787938118,dimensionless,CFD,raw_metric,not applicable,verified_primary,modes_experiment/fresh_analysis/derived/a03_collocation_summary.csv,"Pressure-only + physics; 32 taps; wake-biased random collocation. 7.9x the uniform arm's L-BFGS effort (43,676 evals); effort not controlled."
MP-0848,A03,Collocation strategy,complete_with_effort_caveat,ModalPINN,wake_biased_random_collocation,Pressure only + physics (wake-biased random),cylinder pressure,32,wake-biased random,False,,field,v,rel_L2,near-cylinder,0.06674467027187347,dimensionless,CFD,raw_metric,not applicable,verified_primary,modes_experiment/fresh_analysis/derived/a03_collocation_summary.csv,"Pressure-only + physics; 32 taps; wake-biased random collocation. 7.9x the uniform arm's L-BFGS effort (43,676 evals); effort not controlled."
MP-0849,A03,Collocation strategy,complete_with_effort_caveat,ModalPINN,wake_biased_random_collocation,Pressure only + physics (wake-biased random),cylinder pressure,32,wake-biased random,False,,field,p,rel_L2,near-cylinder,0.013465750962495804,dimensionless,CFD,raw_metric,not applicable,verified_primary,modes_experiment/fresh_analysis/derived/a03_collocation_summary.csv,"Pressure-only + physics; 32 taps; wake-biased random collocation. 7.9x the uniform arm's L-BFGS effort (43,676 evals); effort not controlled."
MP-0850,A03,Collocation strategy,complete_with_effort_caveat,ModalPINN,wake_biased_random_collocation,Pressure only + physics (wake-biased random),cylinder pressure,32,wake-biased random,False,,field,u,rel_L2,near-wake,0.276753693819046,dimensionless,CFD,raw_metric,not applicable,verified_primary,modes_experiment/fresh_analysis/derived/a03_collocation_summary.csv,"Pressure-only + physics; 32 taps; wake-biased random collocation. 7.9x the uniform arm's L-BFGS effort (43,676 evals); effort not controlled."
MP-0851,A03,Collocation strategy,complete_with_effort_caveat,ModalPINN,wake_biased_random_collocation,Pressure only + physics (wake-biased random),cylinder pressure,32,wake-biased random,False,,field,v,rel_L2,near-wake,1.1140542030334473,dimensionless,CFD,raw_metric,not applicable,verified_primary,modes_experiment/fresh_analysis/derived/a03_collocation_summary.csv,"Pressure-only + physics; 32 taps; wake-biased random collocation. 7.9x the uniform arm's L-BFGS effort (43,676 evals); effort not controlled."
MP-0852,A03,Collocation strategy,complete_with_effort_caveat,ModalPINN,wake_biased_random_collocation,Pressure only + physics (wake-biased random),cylinder pressure,32,wake-biased random,False,,field,p,rel_L2,near-wake,0.6829445362091064,dimensionless,CFD,raw_metric,not applicable,verified_primary,modes_experiment/fresh_analysis/derived/a03_collocation_summary.csv,"Pressure-only + physics; 32 taps; wake-biased random collocation. 7.9x the uniform arm's L-BFGS effort (43,676 evals); effort not controlled."
MP-0853,A03,Collocation strategy,complete_with_effort_caveat,ModalPINN,wake_biased_random_collocation,Pressure only + physics (wake-biased random),cylinder pressure,32,wake-biased random,False,,field,u,rel_L2,far-wake,0.43516096472740173,dimensionless,CFD,raw_metric,not applicable,verified_primary,modes_experiment/fresh_analysis/derived/a03_collocation_summary.csv,"Pressure-only + physics; 32 taps; wake-biased random collocation. 7.9x the uniform arm's L-BFGS effort (43,676 evals); effort not controlled."
MP-0854,A03,Collocation strategy,complete_with_effort_caveat,ModalPINN,wake_biased_random_collocation,Pressure only + physics (wake-biased random),cylinder pressure,32,wake-biased random,False,,field,v,rel_L2,far-wake,1.025047779083252,dimensionless,CFD,raw_metric,not applicable,verified_primary,modes_experiment/fresh_analysis/derived/a03_collocation_summary.csv,"Pressure-only + physics; 32 taps; wake-biased random collocation. 7.9x the uniform arm's L-BFGS effort (43,676 evals); effort not controlled."
MP-0855,A03,Collocation strategy,complete_with_effort_caveat,ModalPINN,wake_biased_random_collocation,Pressure only + physics (wake-biased random),cylinder pressure,32,wake-biased random,False,,field,p,rel_L2,far-wake,2.5165810585021973,dimensionless,CFD,raw_metric,not applicable,verified_primary,modes_experiment/fresh_analysis/derived/a03_collocation_summary.csv,"Pressure-only + physics; 32 taps; wake-biased random collocation. 7.9x the uniform arm's L-BFGS effort (43,676 evals); effort not controlled."
MP-0856,A03,Collocation strategy,complete_with_effort_caveat,ModalPINN,wake_biased_random_collocation,Pressure only + physics (wake-biased random),cylinder pressure,32,wake-biased random,False,,field,u,rel_L2,far-core,0.5068234205245972,dimensionless,CFD,raw_metric,not applicable,verified_primary,modes_experiment/fresh_analysis/derived/a03_collocation_summary.csv,"Pressure-only + physics; 32 taps; wake-biased random collocation. 7.9x the uniform arm's L-BFGS effort (43,676 evals); effort not controlled."
MP-0857,A03,Collocation strategy,complete_with_effort_caveat,ModalPINN,wake_biased_random_collocation,Pressure only + physics (wake-biased random),cylinder pressure,32,wake-biased random,False,,field,v,rel_L2,far-core,1.0105485916137695,dimensionless,CFD,raw_metric,not applicable,verified_primary,modes_experiment/fresh_analysis/derived/a03_collocation_summary.csv,"Pressure-only + physics; 32 taps; wake-biased random collocation. 7.9x the uniform arm's L-BFGS effort (43,676 evals); effort not controlled."
MP-0858,A03,Collocation strategy,complete_with_effort_caveat,ModalPINN,wake_biased_random_collocation,Pressure only + physics (wake-biased random),cylinder pressure,32,wake-biased random,False,,field,p,rel_L2,far-core,1.8453834056854248,dimensionless,CFD,raw_metric,not applicable,verified_primary,modes_experiment/fresh_analysis/derived/a03_collocation_summary.csv,"Pressure-only + physics; 32 taps; wake-biased random collocation. 7.9x the uniform arm's L-BFGS effort (43,676 evals); effort not controlled."
MP-0859,A03,Collocation strategy,complete_with_effort_caveat,ModalPINN,wake_biased_random_collocation,Pressure only + physics (wake-biased random),cylinder pressure,32,wake-biased random,False,,field,u,rel_L2,other,0.07177814841270447,dimensionless,CFD,raw_metric,not applicable,verified_primary,modes_experiment/fresh_analysis/derived/a03_collocation_summary.csv,"Pressure-only + physics; 32 taps; wake-biased random collocation. 7.9x the uniform arm's L-BFGS effort (43,676 evals); effort not controlled."
MP-0860,A03,Collocation strategy,complete_with_effort_caveat,ModalPINN,wake_biased_random_collocation,Pressure only + physics (wake-biased random),cylinder pressure,32,wake-biased random,False,,field,v,rel_L2,other,0.32174035906791687,dimensionless,CFD,raw_metric,not applicable,verified_primary,modes_experiment/fresh_analysis/derived/a03_collocation_summary.csv,"Pressure-only + physics; 32 taps; wake-biased random collocation. 7.9x the uniform arm's L-BFGS effort (43,676 evals); effort not controlled."
MP-0861,A03,Collocation strategy,complete_with_effort_caveat,ModalPINN,wake_biased_random_collocation,Pressure only + physics (wake-biased random),cylinder pressure,32,wake-biased random,False,,field,p,rel_L2,other,0.4121144413948059,dimensionless,CFD,raw_metric,not applicable,verified_primary,modes_experiment/fresh_analysis/derived/a03_collocation_summary.csv,"Pressure-only + physics; 32 taps; wake-biased random collocation. 7.9x the uniform arm's L-BFGS effort (43,676 evals); effort not controlled."
MP-0862,A03,Collocation strategy,complete_with_effort_caveat,ModalPINN,wake_biased_random_collocation,Pressure only + physics (wake-biased random),cylinder pressure,32,wake-biased random,False,,field,u,rel_L2,whole-domain,0.31924211978912354,dimensionless,CFD,raw_metric,not applicable,verified_primary,modes_experiment/fresh_analysis/derived/a03_collocation_summary.csv,"Pressure-only + physics; 32 taps; wake-biased random collocation. 7.9x the uniform arm's L-BFGS effort (43,676 evals); effort not controlled."
MP-0863,A03,Collocation strategy,complete_with_effort_caveat,ModalPINN,wake_biased_random_collocation,Pressure only + physics (wake-biased random),cylinder pressure,32,wake-biased random,False,,field,v,rel_L2,whole-domain,0.83311527967453,dimensionless,CFD,raw_metric,not applicable,verified_primary,modes_experiment/fresh_analysis/derived/a03_collocation_summary.csv,"Pressure-only + physics; 32 taps; wake-biased random collocation. 7.9x the uniform arm's L-BFGS effort (43,676 evals); effort not controlled."
MP-0864,A03,Collocation strategy,complete_with_effort_caveat,ModalPINN,wake_biased_random_collocation,Pressure only + physics (wake-biased random),cylinder pressure,32,wake-biased random,False,,field,p,rel_L2,whole-domain,0.616722583770752,dimensionless,CFD,raw_metric,not applicable,verified_primary,modes_experiment/fresh_analysis/derived/a03_collocation_summary.csv,"Pressure-only + physics; 32 taps; wake-biased random collocation. 7.9x the uniform arm's L-BFGS effort (43,676 evals); effort not controlled."
MP-0865,A03,Collocation strategy,complete_with_effort_caveat,ModalPINN,wake_biased_random_collocation,Pressure only + physics (wake-biased random),cylinder pressure,32,wake-biased random,False,,v1_mode,v,n,near-cylinder,13715,count,region node count,raw_metric,absolute time; prediction and CFD reference aligned,verified_primary,modes_experiment/fresh_analysis/derived/a03_collocation_summary.csv,"Pressure-only + physics; 32 taps; wake-biased random collocation. 7.9x the uniform arm's L-BFGS effort (43,676 evals); effort not controlled."
MP-0866,A03,Collocation strategy,complete_with_effort_caveat,ModalPINN,wake_biased_random_collocation,Pressure only + physics (wake-biased random),cylinder pressure,32,wake-biased random,False,,v1_mode,v,rel_L2,near-cylinder,0.4215459636267085,dimensionless,CFD,raw_metric,absolute time; prediction and CFD reference aligned,verified_primary,modes_experiment/fresh_analysis/derived/a03_collocation_summary.csv,"Pressure-only + physics; 32 taps; wake-biased random collocation. 7.9x the uniform arm's L-BFGS effort (43,676 evals); effort not controlled."
MP-0867,A03,Collocation strategy,complete_with_effort_caveat,ModalPINN,wake_biased_random_collocation,Pressure only + physics (wake-biased random),cylinder pressure,32,wake-biased random,False,,v1_mode,v,amp_ratio,near-cylinder,0.7105419185216976,dimensionless,ideal 1,raw_metric,absolute time; prediction and CFD reference aligned,verified_primary,modes_experiment/fresh_analysis/derived/a03_collocation_summary.csv,"Pressure-only + physics; 32 taps; wake-biased random collocation. 7.9x the uniform arm's L-BFGS effort (43,676 evals); effort not controlled."
MP-0868,A03,Collocation strategy,complete_with_effort_caveat,ModalPINN,wake_biased_random_collocation,Pressure only + physics (wake-biased random),cylinder pressure,32,wake-biased random,False,,v1_mode,v,corr,near-cylinder,0.9353006490752722,dimensionless,ideal 1,raw_metric,absolute time; prediction and CFD reference aligned,verified_primary,modes_experiment/fresh_analysis/derived/a03_collocation_summary.csv,"Pressure-only + physics; 32 taps; wake-biased random collocation. 7.9x the uniform arm's L-BFGS effort (43,676 evals); effort not controlled."
MP-0869,A03,Collocation strategy,complete_with_effort_caveat,ModalPINN,wake_biased_random_collocation,Pressure only + physics (wake-biased random),cylinder pressure,32,wake-biased random,False,,v1_mode,v,phase_deg,near-cylinder,3.1213260179076907,degrees,ideal phase 0 deg,raw_metric,absolute time; prediction and CFD reference aligned,verified_primary,modes_experiment/fresh_analysis/derived/a03_collocation_summary.csv,"Pressure-only + physics; 32 taps; wake-biased random collocation. 7.9x the uniform arm's L-BFGS effort (43,676 evals); effort not controlled."
MP-0870,A03,Collocation strategy,complete_with_effort_caveat,ModalPINN,wake_biased_random_collocation,Pressure only + physics (wake-biased random),cylinder pressure,32,wake-biased random,False,,v1_mode,v,n,near-wake,15248,count,region node count,raw_metric,absolute time; prediction and CFD reference aligned,verified_primary,modes_experiment/fresh_analysis/derived/a03_collocation_summary.csv,"Pressure-only + physics; 32 taps; wake-biased random collocation. 7.9x the uniform arm's L-BFGS effort (43,676 evals); effort not controlled."
MP-0871,A03,Collocation strategy,complete_with_effort_caveat,ModalPINN,wake_biased_random_collocation,Pressure only + physics (wake-biased random),cylinder pressure,32,wake-biased random,False,,v1_mode,v,rel_L2,near-wake,1.1308101933711299,dimensionless,CFD,raw_metric,absolute time; prediction and CFD reference aligned,verified_primary,modes_experiment/fresh_analysis/derived/a03_collocation_summary.csv,"Pressure-only + physics; 32 taps; wake-biased random collocation. 7.9x the uniform arm's L-BFGS effort (43,676 evals); effort not controlled."
MP-0872,A03,Collocation strategy,complete_with_effort_caveat,ModalPINN,wake_biased_random_collocation,Pressure only + physics (wake-biased random),cylinder pressure,32,wake-biased random,False,,v1_mode,v,amp_ratio,near-wake,0.35481178548002096,dimensionless,ideal 1,raw_metric,absolute time; prediction and CFD reference aligned,verified_primary,modes_experiment/fresh_analysis/derived/a03_collocation_summary.csv,"Pressure-only + physics; 32 taps; wake-biased random collocation. 7.9x the uniform arm's L-BFGS effort (43,676 evals); effort not controlled."
MP-0873,A03,Collocation strategy,complete_with_effort_caveat,ModalPINN,wake_biased_random_collocation,Pressure only + physics (wake-biased random),cylinder pressure,32,wake-biased random,False,,v1_mode,v,corr,near-wake,0.3809066036053885,dimensionless,ideal 1,raw_metric,absolute time; prediction and CFD reference aligned,verified_primary,modes_experiment/fresh_analysis/derived/a03_collocation_summary.csv,"Pressure-only + physics; 32 taps; wake-biased random collocation. 7.9x the uniform arm's L-BFGS effort (43,676 evals); effort not controlled."
MP-0874,A03,Collocation strategy,complete_with_effort_caveat,ModalPINN,wake_biased_random_collocation,Pressure only + physics (wake-biased random),cylinder pressure,32,wake-biased random,False,,v1_mode,v,phase_deg,near-wake,124.43328464908765,degrees,ideal phase 0 deg,raw_metric,absolute time; prediction and CFD reference aligned,verified_primary,modes_experiment/fresh_analysis/derived/a03_collocation_summary.csv,"Pressure-only + physics; 32 taps; wake-biased random collocation. 7.9x the uniform arm's L-BFGS effort (43,676 evals); effort not controlled."
MP-0875,A03,Collocation strategy,complete_with_effort_caveat,ModalPINN,wake_biased_random_collocation,Pressure only + physics (wake-biased random),cylinder pressure,32,wake-biased random,False,,v1_mode,v,n,far-wake,16393,count,region node count,raw_metric,absolute time; prediction and CFD reference aligned,verified_primary,modes_experiment/fresh_analysis/derived/a03_collocation_summary.csv,"Pressure-only + physics; 32 taps; wake-biased random collocation. 7.9x the uniform arm's L-BFGS effort (43,676 evals); effort not controlled."
MP-0876,A03,Collocation strategy,complete_with_effort_caveat,ModalPINN,wake_biased_random_collocation,Pressure only + physics (wake-biased random),cylinder pressure,32,wake-biased random,False,,v1_mode,v,rel_L2,far-wake,1.0307008040564178,dimensionless,CFD,raw_metric,absolute time; prediction and CFD reference aligned,verified_primary,modes_experiment/fresh_analysis/derived/a03_collocation_summary.csv,"Pressure-only + physics; 32 taps; wake-biased random collocation. 7.9x the uniform arm's L-BFGS effort (43,676 evals); effort not controlled."
MP-0877,A03,Collocation strategy,complete_with_effort_caveat,ModalPINN,wake_biased_random_collocation,Pressure only + physics (wake-biased random),cylinder pressure,32,wake-biased random,False,,v1_mode,v,amp_ratio,far-wake,0.34168721757125164,dimensionless,ideal 1,raw_metric,absolute time; prediction and CFD reference aligned,verified_primary,modes_experiment/fresh_analysis/derived/a03_collocation_summary.csv,"Pressure-only + physics; 32 taps; wake-biased random collocation. 7.9x the uniform arm's L-BFGS effort (43,676 evals); effort not controlled."
MP-0878,A03,Collocation strategy,complete_with_effort_caveat,ModalPINN,wake_biased_random_collocation,Pressure only + physics (wake-biased random),cylinder pressure,32,wake-biased random,False,,v1_mode,v,corr,far-wake,0.07985304680434617,dimensionless,ideal 1,raw_metric,absolute time; prediction and CFD reference aligned,verified_primary,modes_experiment/fresh_analysis/derived/a03_collocation_summary.csv,"Pressure-only + physics; 32 taps; wake-biased random collocation. 7.9x the uniform arm's L-BFGS effort (43,676 evals); effort not controlled."
MP-0879,A03,Collocation strategy,complete_with_effort_caveat,ModalPINN,wake_biased_random_collocation,Pressure only + physics (wake-biased random),cylinder pressure,32,wake-biased random,False,,v1_mode,v,phase_deg,far-wake,-4.436711929840976,degrees,ideal phase 0 deg,raw_metric,absolute time; prediction and CFD reference aligned,verified_primary,modes_experiment/fresh_analysis/derived/a03_collocation_summary.csv,"Pressure-only + physics; 32 taps; wake-biased random collocation. 7.9x the uniform arm's L-BFGS effort (43,676 evals); effort not controlled."
MP-0880,A03,Collocation strategy,complete_with_effort_caveat,ModalPINN,wake_biased_random_collocation,Pressure only + physics (wake-biased random),cylinder pressure,32,wake-biased random,False,,v1_mode,v,n,far-core,12460,count,region node count,raw_metric,absolute time; prediction and CFD reference aligned,verified_primary,modes_experiment/fresh_analysis/derived/a03_collocation_summary.csv,"Pressure-only + physics; 32 taps; wake-biased random collocation. 7.9x the uniform arm's L-BFGS effort (43,676 evals); effort not controlled."
MP-0881,A03,Collocation strategy,complete_with_effort_caveat,ModalPINN,wake_biased_random_collocation,Pressure only + physics (wake-biased random),cylinder pressure,32,wake-biased random,False,,v1_mode,v,rel_L2,far-core,1.016133414138109,dimensionless,CFD,raw_metric,absolute time; prediction and CFD reference aligned,verified_primary,modes_experiment/fresh_analysis/derived/a03_collocation_summary.csv,"Pressure-only + physics; 32 taps; wake-biased random collocation. 7.9x the uniform arm's L-BFGS effort (43,676 evals); effort not controlled."
MP-0882,A03,Collocation strategy,complete_with_effort_caveat,ModalPINN,wake_biased_random_collocation,Pressure only + physics (wake-biased random),cylinder pressure,32,wake-biased random,False,,v1_mode,v,amp_ratio,far-core,0.29751918561969587,dimensionless,ideal 1,raw_metric,absolute time; prediction and CFD reference aligned,verified_primary,modes_experiment/fresh_analysis/derived/a03_collocation_summary.csv,"Pressure-only + physics; 32 taps; wake-biased random collocation. 7.9x the uniform arm's L-BFGS effort (43,676 evals); effort not controlled."
MP-0883,A03,Collocation strategy,complete_with_effort_caveat,ModalPINN,wake_biased_random_collocation,Pressure only + physics (wake-biased random),cylinder pressure,32,wake-biased random,False,,v1_mode,v,corr,far-core,0.09632718719776641,dimensionless,ideal 1,raw_metric,absolute time; prediction and CFD reference aligned,verified_primary,modes_experiment/fresh_analysis/derived/a03_collocation_summary.csv,"Pressure-only + physics; 32 taps; wake-biased random collocation. 7.9x the uniform arm's L-BFGS effort (43,676 evals); effort not controlled."
MP-0884,A03,Collocation strategy,complete_with_effort_caveat,ModalPINN,wake_biased_random_collocation,Pressure only + physics (wake-biased random),cylinder pressure,32,wake-biased random,False,,v1_mode,v,phase_deg,far-core,-12.356703595303843,degrees,ideal phase 0 deg,raw_metric,absolute time; prediction and CFD reference aligned,verified_primary,modes_experiment/fresh_analysis/derived/a03_collocation_summary.csv,"Pressure-only + physics; 32 taps; wake-biased random collocation. 7.9x the uniform arm's L-BFGS effort (43,676 evals); effort not controlled."
MP-0885,A03,Collocation strategy,complete_with_effort_caveat,ModalPINN,wake_biased_random_collocation,Pressure only + physics (wake-biased random),cylinder pressure,32,wake-biased random,False,,v1_mode,v,n,other,6298,count,region node count,raw_metric,absolute time; prediction and CFD reference aligned,verified_primary,modes_experiment/fresh_analysis/derived/a03_collocation_summary.csv,"Pressure-only + physics; 32 taps; wake-biased random collocation. 7.9x the uniform arm's L-BFGS effort (43,676 evals); effort not controlled."
MP-0886,A03,Collocation strategy,complete_with_effort_caveat,ModalPINN,wake_biased_random_collocation,Pressure only + physics (wake-biased random),cylinder pressure,32,wake-biased random,False,,v1_mode,v,rel_L2,other,8.047135951213212,dimensionless,CFD,raw_metric,absolute time; prediction and CFD reference aligned,verified_primary,modes_experiment/fresh_analysis/derived/a03_collocation_summary.csv,"Pressure-only + physics; 32 taps; wake-biased random collocation. 7.9x the uniform arm's L-BFGS effort (43,676 evals); effort not controlled."
MP-0887,A03,Collocation strategy,complete_with_effort_caveat,ModalPINN,wake_biased_random_collocation,Pressure only + physics (wake-biased random),cylinder pressure,32,wake-biased random,False,,v1_mode,v,amp_ratio,other,8.00798241126144,dimensionless,ideal 1,raw_metric,absolute time; prediction and CFD reference aligned,verified_primary,modes_experiment/fresh_analysis/derived/a03_collocation_summary.csv,"Pressure-only + physics; 32 taps; wake-biased random collocation. 7.9x the uniform arm's L-BFGS effort (43,676 evals); effort not controlled."
MP-0888,A03,Collocation strategy,complete_with_effort_caveat,ModalPINN,wake_biased_random_collocation,Pressure only + physics (wake-biased random),cylinder pressure,32,wake-biased random,False,,v1_mode,v,corr,other,0.3270271006936868,dimensionless,ideal 1,raw_metric,absolute time; prediction and CFD reference aligned,verified_primary,modes_experiment/fresh_analysis/derived/a03_collocation_summary.csv,"Pressure-only + physics; 32 taps; wake-biased random collocation. 7.9x the uniform arm's L-BFGS effort (43,676 evals); effort not controlled."
MP-0889,A03,Collocation strategy,complete_with_effort_caveat,ModalPINN,wake_biased_random_collocation,Pressure only + physics (wake-biased random),cylinder pressure,32,wake-biased random,False,,v1_mode,v,phase_deg,other,-85.93392799126732,degrees,ideal phase 0 deg,raw_metric,absolute time; prediction and CFD reference aligned,verified_primary,modes_experiment/fresh_analysis/derived/a03_collocation_summary.csv,"Pressure-only + physics; 32 taps; wake-biased random collocation. 7.9x the uniform arm's L-BFGS effort (43,676 evals); effort not controlled."
MP-0890,A03,Collocation strategy,complete_with_effort_caveat,ModalPINN,wake_biased_random_collocation,Pressure only + physics (wake-biased random),cylinder pressure,32,wake-biased random,False,,v1_mode,v,n,whole-domain,51654,count,region node count,raw_metric,absolute time; prediction and CFD reference aligned,verified_primary,modes_experiment/fresh_analysis/derived/a03_collocation_summary.csv,"Pressure-only + physics; 32 taps; wake-biased random collocation. 7.9x the uniform arm's L-BFGS effort (43,676 evals); effort not controlled."
MP-0891,A03,Collocation strategy,complete_with_effort_caveat,ModalPINN,wake_biased_random_collocation,Pressure only + physics (wake-biased random),cylinder pressure,32,wake-biased random,False,,v1_mode,v,rel_L2,whole-domain,1.0658499042947145,dimensionless,CFD,raw_metric,absolute time; prediction and CFD reference aligned,verified_primary,modes_experiment/fresh_analysis/derived/a03_collocation_summary.csv,"Pressure-only + physics; 32 taps; wake-biased random collocation. 7.9x the uniform arm's L-BFGS effort (43,676 evals); effort not controlled."
MP-0892,A03,Collocation strategy,complete_with_effort_caveat,ModalPINN,wake_biased_random_collocation,Pressure only + physics (wake-biased random),cylinder pressure,32,wake-biased random,False,,v1_mode,v,amp_ratio,whole-domain,0.3742567313856845,dimensionless,ideal 1,raw_metric,absolute time; prediction and CFD reference aligned,verified_primary,modes_experiment/fresh_analysis/derived/a03_collocation_summary.csv,"Pressure-only + physics; 32 taps; wake-biased random collocation. 7.9x the uniform arm's L-BFGS effort (43,676 evals); effort not controlled."
MP-0893,A03,Collocation strategy,complete_with_effort_caveat,ModalPINN,wake_biased_random_collocation,Pressure only + physics (wake-biased random),cylinder pressure,32,wake-biased random,False,,v1_mode,v,corr,whole-domain,0.08939380398089573,dimensionless,ideal 1,raw_metric,absolute time; prediction and CFD reference aligned,verified_primary,modes_experiment/fresh_analysis/derived/a03_collocation_summary.csv,"Pressure-only + physics; 32 taps; wake-biased random collocation. 7.9x the uniform arm's L-BFGS effort (43,676 evals); effort not controlled."
MP-0894,A03,Collocation strategy,complete_with_effort_caveat,ModalPINN,wake_biased_random_collocation,Pressure only + physics (wake-biased random),cylinder pressure,32,wake-biased random,False,,v1_mode,v,phase_deg,whole-domain,86.54531709915899,degrees,ideal phase 0 deg,raw_metric,absolute time; prediction and CFD reference aligned,verified_primary,modes_experiment/fresh_analysis/derived/a03_collocation_summary.csv,"Pressure-only + physics; 32 taps; wake-biased random collocation. 7.9x the uniform arm's L-BFGS effort (43,676 evals); effort not controlled."
MP-0895,A03,Collocation strategy,complete_with_effort_caveat,ModalPINN,wake_biased_grid_collocation,Pressure only + physics (wake-biased grid),cylinder pressure,32,wake-biased grid,False,,field,u,rel_L2,near-cylinder,0.040269918739795685,dimensionless,CFD,raw_metric,not applicable,verified_primary,modes_experiment/fresh_analysis/derived/a03_collocation_summary.csv,"Pressure-only + physics; 32 taps; wake-biased grid collocation. 6.9x the uniform arm's L-BFGS effort (37,713 evals); effort not controlled."
MP-0896,A03,Collocation strategy,complete_with_effort_caveat,ModalPINN,wake_biased_grid_collocation,Pressure only + physics (wake-biased grid),cylinder pressure,32,wake-biased grid,False,,field,v,rel_L2,near-cylinder,0.06681849807500839,dimensionless,CFD,raw_metric,not applicable,verified_primary,modes_experiment/fresh_analysis/derived/a03_collocation_summary.csv,"Pressure-only + physics; 32 taps; wake-biased grid collocation. 6.9x the uniform arm's L-BFGS effort (37,713 evals); effort not controlled."
MP-0897,A03,Collocation strategy,complete_with_effort_caveat,ModalPINN,wake_biased_grid_collocation,Pressure only + physics (wake-biased grid),cylinder pressure,32,wake-biased grid,False,,field,p,rel_L2,near-cylinder,0.013863309286534786,dimensionless,CFD,raw_metric,not applicable,verified_primary,modes_experiment/fresh_analysis/derived/a03_collocation_summary.csv,"Pressure-only + physics; 32 taps; wake-biased grid collocation. 6.9x the uniform arm's L-BFGS effort (37,713 evals); effort not controlled."
MP-0898,A03,Collocation strategy,complete_with_effort_caveat,ModalPINN,wake_biased_grid_collocation,Pressure only + physics (wake-biased grid),cylinder pressure,32,wake-biased grid,False,,field,u,rel_L2,near-wake,0.2698085904121399,dimensionless,CFD,raw_metric,not applicable,verified_primary,modes_experiment/fresh_analysis/derived/a03_collocation_summary.csv,"Pressure-only + physics; 32 taps; wake-biased grid collocation. 6.9x the uniform arm's L-BFGS effort (37,713 evals); effort not controlled."
MP-0899,A03,Collocation strategy,complete_with_effort_caveat,ModalPINN,wake_biased_grid_collocation,Pressure only + physics (wake-biased grid),cylinder pressure,32,wake-biased grid,False,,field,v,rel_L2,near-wake,1.0854411125183105,dimensionless,CFD,raw_metric,not applicable,verified_primary,modes_experiment/fresh_analysis/derived/a03_collocation_summary.csv,"Pressure-only + physics; 32 taps; wake-biased grid collocation. 6.9x the uniform arm's L-BFGS effort (37,713 evals); effort not controlled."
MP-0900,A03,Collocation strategy,complete_with_effort_caveat,ModalPINN,wake_biased_grid_collocation,Pressure only + physics (wake-biased grid),cylinder pressure,32,wake-biased grid,False,,field,p,rel_L2,near-wake,0.6471562385559082,dimensionless,CFD,raw_metric,not applicable,verified_primary,modes_experiment/fresh_analysis/derived/a03_collocation_summary.csv,"Pressure-only + physics; 32 taps; wake-biased grid collocation. 6.9x the uniform arm's L-BFGS effort (37,713 evals); effort not controlled."
MP-0901,A03,Collocation strategy,complete_with_effort_caveat,ModalPINN,wake_biased_grid_collocation,Pressure only + physics (wake-biased grid),cylinder pressure,32,wake-biased grid,False,,field,u,rel_L2,far-wake,0.41121721267700195,dimensionless,CFD,raw_metric,not applicable,verified_primary,modes_experiment/fresh_analysis/derived/a03_collocation_summary.csv,"Pressure-only + physics; 32 taps; wake-biased grid collocation. 6.9x the uniform arm's L-BFGS effort (37,713 evals); effort not controlled."
MP-0902,A03,Collocation strategy,complete_with_effort_caveat,ModalPINN,wake_biased_grid_collocation,Pressure only + physics (wake-biased grid),cylinder pressure,32,wake-biased grid,False,,field,v,rel_L2,far-wake,1.01149582862854,dimensionless,CFD,raw_metric,not applicable,verified_primary,modes_experiment/fresh_analysis/derived/a03_collocation_summary.csv,"Pressure-only + physics; 32 taps; wake-biased grid collocation. 6.9x the uniform arm's L-BFGS effort (37,713 evals); effort not controlled."
MP-0903,A03,Collocation strategy,complete_with_effort_caveat,ModalPINN,wake_biased_grid_collocation,Pressure only + physics (wake-biased grid),cylinder pressure,32,wake-biased grid,False,,field,p,rel_L2,far-wake,2.26597261428833,dimensionless,CFD,raw_metric,not applicable,verified_primary,modes_experiment/fresh_analysis/derived/a03_collocation_summary.csv,"Pressure-only + physics; 32 taps; wake-biased grid collocation. 6.9x the uniform arm's L-BFGS effort (37,713 evals); effort not controlled."
MP-0904,A03,Collocation strategy,complete_with_effort_caveat,ModalPINN,wake_biased_grid_collocation,Pressure only + physics (wake-biased grid),cylinder pressure,32,wake-biased grid,False,,field,u,rel_L2,far-core,0.47896260023117065,dimensionless,CFD,raw_metric,not applicable,verified_primary,modes_experiment/fresh_analysis/derived/a03_collocation_summary.csv,"Pressure-only + physics; 32 taps; wake-biased grid collocation. 6.9x the uniform arm's L-BFGS effort (37,713 evals); effort not controlled."
MP-0905,A03,Collocation strategy,complete_with_effort_caveat,ModalPINN,wake_biased_grid_collocation,Pressure only + physics (wake-biased grid),cylinder pressure,32,wake-biased grid,False,,field,v,rel_L2,far-core,1.0016849040985107,dimensionless,CFD,raw_metric,not applicable,verified_primary,modes_experiment/fresh_analysis/derived/a03_collocation_summary.csv,"Pressure-only + physics; 32 taps; wake-biased grid collocation. 6.9x the uniform arm's L-BFGS effort (37,713 evals); effort not controlled."
MP-0906,A03,Collocation strategy,complete_with_effort_caveat,ModalPINN,wake_biased_grid_collocation,Pressure only + physics (wake-biased grid),cylinder pressure,32,wake-biased grid,False,,field,p,rel_L2,far-core,1.690771460533142,dimensionless,CFD,raw_metric,not applicable,verified_primary,modes_experiment/fresh_analysis/derived/a03_collocation_summary.csv,"Pressure-only + physics; 32 taps; wake-biased grid collocation. 6.9x the uniform arm's L-BFGS effort (37,713 evals); effort not controlled."
MP-0907,A03,Collocation strategy,complete_with_effort_caveat,ModalPINN,wake_biased_grid_collocation,Pressure only + physics (wake-biased grid),cylinder pressure,32,wake-biased grid,False,,field,u,rel_L2,other,0.06791877746582031,dimensionless,CFD,raw_metric,not applicable,verified_primary,modes_experiment/fresh_analysis/derived/a03_collocation_summary.csv,"Pressure-only + physics; 32 taps; wake-biased grid collocation. 6.9x the uniform arm's L-BFGS effort (37,713 evals); effort not controlled."
MP-0908,A03,Collocation strategy,complete_with_effort_caveat,ModalPINN,wake_biased_grid_collocation,Pressure only + physics (wake-biased grid),cylinder pressure,32,wake-biased grid,False,,field,v,rel_L2,other,0.320595383644104,dimensionless,CFD,raw_metric,not applicable,verified_primary,modes_experiment/fresh_analysis/derived/a03_collocation_summary.csv,"Pressure-only + physics; 32 taps; wake-biased grid collocation. 6.9x the uniform arm's L-BFGS effort (37,713 evals); effort not controlled."
MP-0909,A03,Collocation strategy,complete_with_effort_caveat,ModalPINN,wake_biased_grid_collocation,Pressure only + physics (wake-biased grid),cylinder pressure,32,wake-biased grid,False,,field,p,rel_L2,other,0.4341524541378021,dimensionless,CFD,raw_metric,not applicable,verified_primary,modes_experiment/fresh_analysis/derived/a03_collocation_summary.csv,"Pressure-only + physics; 32 taps; wake-biased grid collocation. 6.9x the uniform arm's L-BFGS effort (37,713 evals); effort not controlled."
MP-0910,A03,Collocation strategy,complete_with_effort_caveat,ModalPINN,wake_biased_grid_collocation,Pressure only + physics (wake-biased grid),cylinder pressure,32,wake-biased grid,False,,field,u,rel_L2,whole-domain,0.3043895959854126,dimensionless,CFD,raw_metric,not applicable,verified_primary,modes_experiment/fresh_analysis/derived/a03_collocation_summary.csv,"Pressure-only + physics; 32 taps; wake-biased grid collocation. 6.9x the uniform arm's L-BFGS effort (37,713 evals); effort not controlled."
MP-0911,A03,Collocation strategy,complete_with_effort_caveat,ModalPINN,wake_biased_grid_collocation,Pressure only + physics (wake-biased grid),cylinder pressure,32,wake-biased grid,False,,field,v,rel_L2,whole-domain,0.818276584148407,dimensionless,CFD,raw_metric,not applicable,verified_primary,modes_experiment/fresh_analysis/derived/a03_collocation_summary.csv,"Pressure-only + physics; 32 taps; wake-biased grid collocation. 6.9x the uniform arm's L-BFGS effort (37,713 evals); effort not controlled."
MP-0912,A03,Collocation strategy,complete_with_effort_caveat,ModalPINN,wake_biased_grid_collocation,Pressure only + physics (wake-biased grid),cylinder pressure,32,wake-biased grid,False,,field,p,rel_L2,whole-domain,0.567595362663269,dimensionless,CFD,raw_metric,not applicable,verified_primary,modes_experiment/fresh_analysis/derived/a03_collocation_summary.csv,"Pressure-only + physics; 32 taps; wake-biased grid collocation. 6.9x the uniform arm's L-BFGS effort (37,713 evals); effort not controlled."
MP-0913,A03,Collocation strategy,complete_with_effort_caveat,ModalPINN,wake_biased_grid_collocation,Pressure only + physics (wake-biased grid),cylinder pressure,32,wake-biased grid,False,,v1_mode,v,n,near-cylinder,13715,count,region node count,raw_metric,absolute time; prediction and CFD reference aligned,verified_primary,modes_experiment/fresh_analysis/derived/a03_collocation_summary.csv,"Pressure-only + physics; 32 taps; wake-biased grid collocation. 6.9x the uniform arm's L-BFGS effort (37,713 evals); effort not controlled."
MP-0914,A03,Collocation strategy,complete_with_effort_caveat,ModalPINN,wake_biased_grid_collocation,Pressure only + physics (wake-biased grid),cylinder pressure,32,wake-biased grid,False,,v1_mode,v,rel_L2,near-cylinder,0.4257726425799951,dimensionless,CFD,raw_metric,absolute time; prediction and CFD reference aligned,verified_primary,modes_experiment/fresh_analysis/derived/a03_collocation_summary.csv,"Pressure-only + physics; 32 taps; wake-biased grid collocation. 6.9x the uniform arm's L-BFGS effort (37,713 evals); effort not controlled."
MP-0915,A03,Collocation strategy,complete_with_effort_caveat,ModalPINN,wake_biased_grid_collocation,Pressure only + physics (wake-biased grid),cylinder pressure,32,wake-biased grid,False,,v1_mode,v,amp_ratio,near-cylinder,0.6950252000687044,dimensionless,ideal 1,raw_metric,absolute time; prediction and CFD reference aligned,verified_primary,modes_experiment/fresh_analysis/derived/a03_collocation_summary.csv,"Pressure-only + physics; 32 taps; wake-biased grid collocation. 6.9x the uniform arm's L-BFGS effort (37,713 evals); effort not controlled."
MP-0916,A03,Collocation strategy,complete_with_effort_caveat,ModalPINN,wake_biased_grid_collocation,Pressure only + physics (wake-biased grid),cylinder pressure,32,wake-biased grid,False,,v1_mode,v,corr,near-cylinder,0.9379387042510107,dimensionless,ideal 1,raw_metric,absolute time; prediction and CFD reference aligned,verified_primary,modes_experiment/fresh_analysis/derived/a03_collocation_summary.csv,"Pressure-only + physics; 32 taps; wake-biased grid collocation. 6.9x the uniform arm's L-BFGS effort (37,713 evals); effort not controlled."
MP-0917,A03,Collocation strategy,complete_with_effort_caveat,ModalPINN,wake_biased_grid_collocation,Pressure only + physics (wake-biased grid),cylinder pressure,32,wake-biased grid,False,,v1_mode,v,phase_deg,near-cylinder,3.177469703121223,degrees,ideal phase 0 deg,raw_metric,absolute time; prediction and CFD reference aligned,verified_primary,modes_experiment/fresh_analysis/derived/a03_collocation_summary.csv,"Pressure-only + physics; 32 taps; wake-biased grid collocation. 6.9x the uniform arm's L-BFGS effort (37,713 evals); effort not controlled."
MP-0918,A03,Collocation strategy,complete_with_effort_caveat,ModalPINN,wake_biased_grid_collocation,Pressure only + physics (wake-biased grid),cylinder pressure,32,wake-biased grid,False,,v1_mode,v,n,near-wake,15248,count,region node count,raw_metric,absolute time; prediction and CFD reference aligned,verified_primary,modes_experiment/fresh_analysis/derived/a03_collocation_summary.csv,"Pressure-only + physics; 32 taps; wake-biased grid collocation. 6.9x the uniform arm's L-BFGS effort (37,713 evals); effort not controlled."
MP-0919,A03,Collocation strategy,complete_with_effort_caveat,ModalPINN,wake_biased_grid_collocation,Pressure only + physics (wake-biased grid),cylinder pressure,32,wake-biased grid,False,,v1_mode,v,rel_L2,near-wake,1.1072689210327855,dimensionless,CFD,raw_metric,absolute time; prediction and CFD reference aligned,verified_primary,modes_experiment/fresh_analysis/derived/a03_collocation_summary.csv,"Pressure-only + physics; 32 taps; wake-biased grid collocation. 6.9x the uniform arm's L-BFGS effort (37,713 evals); effort not controlled."
MP-0920,A03,Collocation strategy,complete_with_effort_caveat,ModalPINN,wake_biased_grid_collocation,Pressure only + physics (wake-biased grid),cylinder pressure,32,wake-biased grid,False,,v1_mode,v,amp_ratio,near-wake,0.3220040515559204,dimensionless,ideal 1,raw_metric,absolute time; prediction and CFD reference aligned,verified_primary,modes_experiment/fresh_analysis/derived/a03_collocation_summary.csv,"Pressure-only + physics; 32 taps; wake-biased grid collocation. 6.9x the uniform arm's L-BFGS effort (37,713 evals); effort not controlled."
MP-0921,A03,Collocation strategy,complete_with_effort_caveat,ModalPINN,wake_biased_grid_collocation,Pressure only + physics (wake-biased grid),cylinder pressure,32,wake-biased grid,False,,v1_mode,v,corr,near-wake,0.38508861017471363,dimensionless,ideal 1,raw_metric,absolute time; prediction and CFD reference aligned,verified_primary,modes_experiment/fresh_analysis/derived/a03_collocation_summary.csv,"Pressure-only + physics; 32 taps; wake-biased grid collocation. 6.9x the uniform arm's L-BFGS effort (37,713 evals); effort not controlled."
MP-0922,A03,Collocation strategy,complete_with_effort_caveat,ModalPINN,wake_biased_grid_collocation,Pressure only + physics (wake-biased grid),cylinder pressure,32,wake-biased grid,False,,v1_mode,v,phase_deg,near-wake,119.56285557993706,degrees,ideal phase 0 deg,raw_metric,absolute time; prediction and CFD reference aligned,verified_primary,modes_experiment/fresh_analysis/derived/a03_collocation_summary.csv,"Pressure-only + physics; 32 taps; wake-biased grid collocation. 6.9x the uniform arm's L-BFGS effort (37,713 evals); effort not controlled."
MP-0923,A03,Collocation strategy,complete_with_effort_caveat,ModalPINN,wake_biased_grid_collocation,Pressure only + physics (wake-biased grid),cylinder pressure,32,wake-biased grid,False,,v1_mode,v,n,far-wake,16393,count,region node count,raw_metric,absolute time; prediction and CFD reference aligned,verified_primary,modes_experiment/fresh_analysis/derived/a03_collocation_summary.csv,"Pressure-only + physics; 32 taps; wake-biased grid collocation. 6.9x the uniform arm's L-BFGS effort (37,713 evals); effort not controlled."
MP-0924,A03,Collocation strategy,complete_with_effort_caveat,ModalPINN,wake_biased_grid_collocation,Pressure only + physics (wake-biased grid),cylinder pressure,32,wake-biased grid,False,,v1_mode,v,rel_L2,far-wake,1.0178448179509059,dimensionless,CFD,raw_metric,absolute time; prediction and CFD reference aligned,verified_primary,modes_experiment/fresh_analysis/derived/a03_collocation_summary.csv,"Pressure-only + physics; 32 taps; wake-biased grid collocation. 6.9x the uniform arm's L-BFGS effort (37,713 evals); effort not controlled."
MP-0925,A03,Collocation strategy,complete_with_effort_caveat,ModalPINN,wake_biased_grid_collocation,Pressure only + physics (wake-biased grid),cylinder pressure,32,wake-biased grid,False,,v1_mode,v,amp_ratio,far-wake,0.29148910637825937,dimensionless,ideal 1,raw_metric,absolute time; prediction and CFD reference aligned,verified_primary,modes_experiment/fresh_analysis/derived/a03_collocation_summary.csv,"Pressure-only + physics; 32 taps; wake-biased grid collocation. 6.9x the uniform arm's L-BFGS effort (37,713 evals); effort not controlled."
MP-0926,A03,Collocation strategy,complete_with_effort_caveat,ModalPINN,wake_biased_grid_collocation,Pressure only + physics (wake-biased grid),cylinder pressure,32,wake-biased grid,False,,v1_mode,v,corr,far-wake,0.0855089720695332,dimensionless,ideal 1,raw_metric,absolute time; prediction and CFD reference aligned,verified_primary,modes_experiment/fresh_analysis/derived/a03_collocation_summary.csv,"Pressure-only + physics; 32 taps; wake-biased grid collocation. 6.9x the uniform arm's L-BFGS effort (37,713 evals); effort not controlled."
MP-0927,A03,Collocation strategy,complete_with_effort_caveat,ModalPINN,wake_biased_grid_collocation,Pressure only + physics (wake-biased grid),cylinder pressure,32,wake-biased grid,False,,v1_mode,v,phase_deg,far-wake,-10.855455186716705,degrees,ideal phase 0 deg,raw_metric,absolute time; prediction and CFD reference aligned,verified_primary,modes_experiment/fresh_analysis/derived/a03_collocation_summary.csv,"Pressure-only + physics; 32 taps; wake-biased grid collocation. 6.9x the uniform arm's L-BFGS effort (37,713 evals); effort not controlled."
MP-0928,A03,Collocation strategy,complete_with_effort_caveat,ModalPINN,wake_biased_grid_collocation,Pressure only + physics (wake-biased grid),cylinder pressure,32,wake-biased grid,False,,v1_mode,v,n,far-core,12460,count,region node count,raw_metric,absolute time; prediction and CFD reference aligned,verified_primary,modes_experiment/fresh_analysis/derived/a03_collocation_summary.csv,"Pressure-only + physics; 32 taps; wake-biased grid collocation. 6.9x the uniform arm's L-BFGS effort (37,713 evals); effort not controlled."
MP-0929,A03,Collocation strategy,complete_with_effort_caveat,ModalPINN,wake_biased_grid_collocation,Pressure only + physics (wake-biased grid),cylinder pressure,32,wake-biased grid,False,,v1_mode,v,rel_L2,far-core,1.0075702869459715,dimensionless,CFD,raw_metric,absolute time; prediction and CFD reference aligned,verified_primary,modes_experiment/fresh_analysis/derived/a03_collocation_summary.csv,"Pressure-only + physics; 32 taps; wake-biased grid collocation. 6.9x the uniform arm's L-BFGS effort (37,713 evals); effort not controlled."
MP-0930,A03,Collocation strategy,complete_with_effort_caveat,ModalPINN,wake_biased_grid_collocation,Pressure only + physics (wake-biased grid),cylinder pressure,32,wake-biased grid,False,,v1_mode,v,amp_ratio,far-core,0.2540404938001507,dimensionless,ideal 1,raw_metric,absolute time; prediction and CFD reference aligned,verified_primary,modes_experiment/fresh_analysis/derived/a03_collocation_summary.csv,"Pressure-only + physics; 32 taps; wake-biased grid collocation. 6.9x the uniform arm's L-BFGS effort (37,713 evals); effort not controlled."
MP-0931,A03,Collocation strategy,complete_with_effort_caveat,ModalPINN,wake_biased_grid_collocation,Pressure only + physics (wake-biased grid),cylinder pressure,32,wake-biased grid,False,,v1_mode,v,corr,far-core,0.10255516694931277,dimensionless,ideal 1,raw_metric,absolute time; prediction and CFD reference aligned,verified_primary,modes_experiment/fresh_analysis/derived/a03_collocation_summary.csv,"Pressure-only + physics; 32 taps; wake-biased grid collocation. 6.9x the uniform arm's L-BFGS effort (37,713 evals); effort not controlled."
MP-0932,A03,Collocation strategy,complete_with_effort_caveat,ModalPINN,wake_biased_grid_collocation,Pressure only + physics (wake-biased grid),cylinder pressure,32,wake-biased grid,False,,v1_mode,v,phase_deg,far-core,-18.758088405623337,degrees,ideal phase 0 deg,raw_metric,absolute time; prediction and CFD reference aligned,verified_primary,modes_experiment/fresh_analysis/derived/a03_collocation_summary.csv,"Pressure-only + physics; 32 taps; wake-biased grid collocation. 6.9x the uniform arm's L-BFGS effort (37,713 evals); effort not controlled."
MP-0933,A03,Collocation strategy,complete_with_effort_caveat,ModalPINN,wake_biased_grid_collocation,Pressure only + physics (wake-biased grid),cylinder pressure,32,wake-biased grid,False,,v1_mode,v,n,other,6298,count,region node count,raw_metric,absolute time; prediction and CFD reference aligned,verified_primary,modes_experiment/fresh_analysis/derived/a03_collocation_summary.csv,"Pressure-only + physics; 32 taps; wake-biased grid collocation. 6.9x the uniform arm's L-BFGS effort (37,713 evals); effort not controlled."
MP-0934,A03,Collocation strategy,complete_with_effort_caveat,ModalPINN,wake_biased_grid_collocation,Pressure only + physics (wake-biased grid),cylinder pressure,32,wake-biased grid,False,,v1_mode,v,rel_L2,other,8.054630132157332,dimensionless,CFD,raw_metric,absolute time; prediction and CFD reference aligned,verified_primary,modes_experiment/fresh_analysis/derived/a03_collocation_summary.csv,"Pressure-only + physics; 32 taps; wake-biased grid collocation. 6.9x the uniform arm's L-BFGS effort (37,713 evals); effort not controlled."
MP-0935,A03,Collocation strategy,complete_with_effort_caveat,ModalPINN,wake_biased_grid_collocation,Pressure only + physics (wake-biased grid),cylinder pressure,32,wake-biased grid,False,,v1_mode,v,amp_ratio,other,8.004174163097897,dimensionless,ideal 1,raw_metric,absolute time; prediction and CFD reference aligned,verified_primary,modes_experiment/fresh_analysis/derived/a03_collocation_summary.csv,"Pressure-only + physics; 32 taps; wake-biased grid collocation. 6.9x the uniform arm's L-BFGS effort (37,713 evals); effort not controlled."
MP-0936,A03,Collocation strategy,complete_with_effort_caveat,ModalPINN,wake_biased_grid_collocation,Pressure only + physics (wake-biased grid),cylinder pressure,32,wake-biased grid,False,,v1_mode,v,corr,other,0.32042288726715445,dimensionless,ideal 1,raw_metric,absolute time; prediction and CFD reference aligned,verified_primary,modes_experiment/fresh_analysis/derived/a03_collocation_summary.csv,"Pressure-only + physics; 32 taps; wake-biased grid collocation. 6.9x the uniform arm's L-BFGS effort (37,713 evals); effort not controlled."
MP-0937,A03,Collocation strategy,complete_with_effort_caveat,ModalPINN,wake_biased_grid_collocation,Pressure only + physics (wake-biased grid),cylinder pressure,32,wake-biased grid,False,,v1_mode,v,phase_deg,other,-87.88015179484735,degrees,ideal phase 0 deg,raw_metric,absolute time; prediction and CFD reference aligned,verified_primary,modes_experiment/fresh_analysis/derived/a03_collocation_summary.csv,"Pressure-only + physics; 32 taps; wake-biased grid collocation. 6.9x the uniform arm's L-BFGS effort (37,713 evals); effort not controlled."
MP-0938,A03,Collocation strategy,complete_with_effort_caveat,ModalPINN,wake_biased_grid_collocation,Pressure only + physics (wake-biased grid),cylinder pressure,32,wake-biased grid,False,,v1_mode,v,n,whole-domain,51654,count,region node count,raw_metric,absolute time; prediction and CFD reference aligned,verified_primary,modes_experiment/fresh_analysis/derived/a03_collocation_summary.csv,"Pressure-only + physics; 32 taps; wake-biased grid collocation. 6.9x the uniform arm's L-BFGS effort (37,713 evals); effort not controlled."
MP-0939,A03,Collocation strategy,complete_with_effort_caveat,ModalPINN,wake_biased_grid_collocation,Pressure only + physics (wake-biased grid),cylinder pressure,32,wake-biased grid,False,,v1_mode,v,rel_L2,whole-domain,1.0496650059090127,dimensionless,CFD,raw_metric,absolute time; prediction and CFD reference aligned,verified_primary,modes_experiment/fresh_analysis/derived/a03_collocation_summary.csv,"Pressure-only + physics; 32 taps; wake-biased grid collocation. 6.9x the uniform arm's L-BFGS effort (37,713 evals); effort not controlled."
MP-0940,A03,Collocation strategy,complete_with_effort_caveat,ModalPINN,wake_biased_grid_collocation,Pressure only + physics (wake-biased grid),cylinder pressure,32,wake-biased grid,False,,v1_mode,v,amp_ratio,whole-domain,0.33377241267689867,dimensionless,ideal 1,raw_metric,absolute time; prediction and CFD reference aligned,verified_primary,modes_experiment/fresh_analysis/derived/a03_collocation_summary.csv,"Pressure-only + physics; 32 taps; wake-biased grid collocation. 6.9x the uniform arm's L-BFGS effort (37,713 evals); effort not controlled."
MP-0941,A03,Collocation strategy,complete_with_effort_caveat,ModalPINN,wake_biased_grid_collocation,Pressure only + physics (wake-biased grid),cylinder pressure,32,wake-biased grid,False,,v1_mode,v,corr,whole-domain,0.0925963801856204,dimensionless,ideal 1,raw_metric,absolute time; prediction and CFD reference aligned,verified_primary,modes_experiment/fresh_analysis/derived/a03_collocation_summary.csv,"Pressure-only + physics; 32 taps; wake-biased grid collocation. 6.9x the uniform arm's L-BFGS effort (37,713 evals); effort not controlled."
MP-0942,A03,Collocation strategy,complete_with_effort_caveat,ModalPINN,wake_biased_grid_collocation,Pressure only + physics (wake-biased grid),cylinder pressure,32,wake-biased grid,False,,v1_mode,v,phase_deg,whole-domain,81.0583363445943,degrees,ideal phase 0 deg,raw_metric,absolute time; prediction and CFD reference aligned,verified_primary,modes_experiment/fresh_analysis/derived/a03_collocation_summary.csv,"Pressure-only + physics; 32 taps; wake-biased grid collocation. 6.9x the uniform arm's L-BFGS effort (37,713 evals); effort not controlled."
MP-0943,A03,Collocation strategy,complete_with_effort_caveat,ModalPINN,uniform_collocation,Pressure only + physics (uniform collocation),cylinder pressure,32,uniform,False,,training_effort,n/a,lbfgs_evals,n/a,5503,count,uniform_collocation = 5503,confound_audit,not applicable,verified_primary,modes_experiment/fresh_analysis/derived/a03_input_manifest.json,"Effort is not controlled across A03 arms. Evaluation count is reported for transparency but is not an accuracy proxy, so between-arm differences are not assigned causally to sampling."
MP-0944,A03,Collocation strategy,complete_with_effort_caveat,ModalPINN,wake_biased_random_collocation,Pressure only + physics (wake-biased random),cylinder pressure,32,wake-biased random,False,,training_effort,n/a,lbfgs_evals,n/a,43676,count,uniform_collocation = 5503,confound_audit,not applicable,verified_primary,modes_experiment/fresh_analysis/derived/a03_input_manifest.json,"Effort is not controlled across A03 arms. Evaluation count is reported for transparency but is not an accuracy proxy, so between-arm differences are not assigned causally to sampling."
MP-0945,A03,Collocation strategy,complete_with_effort_caveat,ModalPINN,wake_biased_grid_collocation,Pressure only + physics (wake-biased grid),cylinder pressure,32,wake-biased grid,False,,training_effort,n/a,lbfgs_evals,n/a,37713,count,uniform_collocation = 5503,confound_audit,not applicable,verified_primary,modes_experiment/fresh_analysis/derived/a03_input_manifest.json,"Effort is not controlled across A03 arms. Evaluation count is reported for transparency but is not an accuracy proxy, so between-arm differences are not assigned causally to sampling."
GP-0001,GPOD,Gappy POD identifiability and noise,verified_in_sample_single_seed,Gappy POD,gappy_pod_rank6,Gappy POD (rank 6),32 cylinder pressure taps,32,n/a,False,0.0,field,u,relative_L2,near-cylinder,2.286869674829259e-05,dimensionless,CFD,raw_metric,not applicable,verified_in_sample,modes_experiment/gappy_pod_final/results/metrics.csv,Basis and reconstruction use the same 201 snapshots; this is an in-sample diagnostic. Noise levels use one shared-seed realisation.
GP-0002,GPOD,Gappy POD identifiability and noise,verified_in_sample_single_seed,Gappy POD,gappy_pod_rank6,Gappy POD (rank 6),32 cylinder pressure taps,32,n/a,False,0.0,field,v,relative_L2,near-cylinder,6.731881019780416e-05,dimensionless,CFD,raw_metric,not applicable,verified_in_sample,modes_experiment/gappy_pod_final/results/metrics.csv,Basis and reconstruction use the same 201 snapshots; this is an in-sample diagnostic. Noise levels use one shared-seed realisation.
GP-0003,GPOD,Gappy POD identifiability and noise,verified_in_sample_single_seed,Gappy POD,gappy_pod_rank6,Gappy POD (rank 6),32 cylinder pressure taps,32,n/a,False,0.0,field,p,relative_L2,near-cylinder,1.5683316240781807e-05,dimensionless,CFD,raw_metric,not applicable,verified_in_sample,modes_experiment/gappy_pod_final/results/metrics.csv,Basis and reconstruction use the same 201 snapshots; this is an in-sample diagnostic. Noise levels use one shared-seed realisation.
GP-0004,GPOD,Gappy POD identifiability and noise,verified_in_sample_single_seed,Gappy POD,gappy_pod_rank6,Gappy POD (rank 6),32 cylinder pressure taps,32,n/a,False,0.0,field,u,relative_L2,near-wake,0.0043745710047527475,dimensionless,CFD,raw_metric,not applicable,verified_in_sample,modes_experiment/gappy_pod_final/results/metrics.csv,Basis and reconstruction use the same 201 snapshots; this is an in-sample diagnostic. Noise levels use one shared-seed realisation.
GP-0005,GPOD,Gappy POD identifiability and noise,verified_in_sample_single_seed,Gappy POD,gappy_pod_rank6,Gappy POD (rank 6),32 cylinder pressure taps,32,n/a,False,0.0,field,v,relative_L2,near-wake,0.017806444402005826,dimensionless,CFD,raw_metric,not applicable,verified_in_sample,modes_experiment/gappy_pod_final/results/metrics.csv,Basis and reconstruction use the same 201 snapshots; this is an in-sample diagnostic. Noise levels use one shared-seed realisation.
GP-0006,GPOD,Gappy POD identifiability and noise,verified_in_sample_single_seed,Gappy POD,gappy_pod_rank6,Gappy POD (rank 6),32 cylinder pressure taps,32,n/a,False,0.0,field,p,relative_L2,near-wake,0.0031745410167758874,dimensionless,CFD,raw_metric,not applicable,verified_in_sample,modes_experiment/gappy_pod_final/results/metrics.csv,Basis and reconstruction use the same 201 snapshots; this is an in-sample diagnostic. Noise levels use one shared-seed realisation.
GP-0007,GPOD,Gappy POD identifiability and noise,verified_in_sample_single_seed,Gappy POD,gappy_pod_rank6,Gappy POD (rank 6),32 cylinder pressure taps,32,n/a,False,0.0,field,u,relative_L2,far-wake,0.00761545571071143,dimensionless,CFD,raw_metric,not applicable,verified_in_sample,modes_experiment/gappy_pod_final/results/metrics.csv,Basis and reconstruction use the same 201 snapshots; this is an in-sample diagnostic. Noise levels use one shared-seed realisation.
GP-0008,GPOD,Gappy POD identifiability and noise,verified_in_sample_single_seed,Gappy POD,gappy_pod_rank6,Gappy POD (rank 6),32 cylinder pressure taps,32,n/a,False,0.0,field,v,relative_L2,far-wake,0.047755463257274144,dimensionless,CFD,raw_metric,not applicable,verified_in_sample,modes_experiment/gappy_pod_final/results/metrics.csv,Basis and reconstruction use the same 201 snapshots; this is an in-sample diagnostic. Noise levels use one shared-seed realisation.
GP-0009,GPOD,Gappy POD identifiability and noise,verified_in_sample_single_seed,Gappy POD,gappy_pod_rank6,Gappy POD (rank 6),32 cylinder pressure taps,32,n/a,False,0.0,field,p,relative_L2,far-wake,0.030017369660894834,dimensionless,CFD,raw_metric,not applicable,verified_in_sample,modes_experiment/gappy_pod_final/results/metrics.csv,Basis and reconstruction use the same 201 snapshots; this is an in-sample diagnostic. Noise levels use one shared-seed realisation.
GP-0010,GPOD,Gappy POD identifiability and noise,verified_in_sample_single_seed,Gappy POD,gappy_pod_rank6,Gappy POD (rank 6),32 cylinder pressure taps,32,n/a,False,0.0,field,u,relative_L2,far-core,0.009145584335258073,dimensionless,CFD,raw_metric,not applicable,verified_in_sample,modes_experiment/gappy_pod_final/results/metrics.csv,Basis and reconstruction use the same 201 snapshots; this is an in-sample diagnostic. Noise levels use one shared-seed realisation.
GP-0011,GPOD,Gappy POD identifiability and noise,verified_in_sample_single_seed,Gappy POD,gappy_pod_rank6,Gappy POD (rank 6),32 cylinder pressure taps,32,n/a,False,0.0,field,v,relative_L2,far-core,0.047995716276749305,dimensionless,CFD,raw_metric,not applicable,verified_in_sample,modes_experiment/gappy_pod_final/results/metrics.csv,Basis and reconstruction use the same 201 snapshots; this is an in-sample diagnostic. Noise levels use one shared-seed realisation.
GP-0012,GPOD,Gappy POD identifiability and noise,verified_in_sample_single_seed,Gappy POD,gappy_pod_rank6,Gappy POD (rank 6),32 cylinder pressure taps,32,n/a,False,0.0,field,p,relative_L2,far-core,0.030125661089528327,dimensionless,CFD,raw_metric,not applicable,verified_in_sample,modes_experiment/gappy_pod_final/results/metrics.csv,Basis and reconstruction use the same 201 snapshots; this is an in-sample diagnostic. Noise levels use one shared-seed realisation.
GP-0013,GPOD,Gappy POD identifiability and noise,verified_in_sample_single_seed,Gappy POD,gappy_pod_rank6,Gappy POD (rank 6),32 cylinder pressure taps,32,n/a,False,0.0,field,u,relative_L2,other,5.04186597283592e-07,dimensionless,CFD,raw_metric,not applicable,verified_in_sample,modes_experiment/gappy_pod_final/results/metrics.csv,Basis and reconstruction use the same 201 snapshots; this is an in-sample diagnostic. Noise levels use one shared-seed realisation.
GP-0014,GPOD,Gappy POD identifiability and noise,verified_in_sample_single_seed,Gappy POD,gappy_pod_rank6,Gappy POD (rank 6),32 cylinder pressure taps,32,n/a,False,0.0,field,v,relative_L2,other,1.5453361197345168e-06,dimensionless,CFD,raw_metric,not applicable,verified_in_sample,modes_experiment/gappy_pod_final/results/metrics.csv,Basis and reconstruction use the same 201 snapshots; this is an in-sample diagnostic. Noise levels use one shared-seed realisation.
GP-0015,GPOD,Gappy POD identifiability and noise,verified_in_sample_single_seed,Gappy POD,gappy_pod_rank6,Gappy POD (rank 6),32 cylinder pressure taps,32,n/a,False,0.0,field,p,relative_L2,other,6.309971585761118e-06,dimensionless,CFD,raw_metric,not applicable,verified_in_sample,modes_experiment/gappy_pod_final/results/metrics.csv,Basis and reconstruction use the same 201 snapshots; this is an in-sample diagnostic. Noise levels use one shared-seed realisation.
GP-0016,GPOD,Gappy POD identifiability and noise,verified_in_sample_single_seed,Gappy POD,gappy_pod_rank6,Gappy POD (rank 6),32 cylinder pressure taps,32,n/a,False,0.0,field,u,relative_L2,whole-domain,0.005413350816148231,dimensionless,CFD,raw_metric,not applicable,verified_in_sample,modes_experiment/gappy_pod_final/results/metrics.csv,Basis and reconstruction use the same 201 snapshots; this is an in-sample diagnostic. Noise levels use one shared-seed realisation.
GP-0017,GPOD,Gappy POD identifiability and noise,verified_in_sample_single_seed,Gappy POD,gappy_pod_rank6,Gappy POD (rank 6),32 cylinder pressure taps,32,n/a,False,0.0,field,v,relative_L2,whole-domain,0.03120063137713612,dimensionless,CFD,raw_metric,not applicable,verified_in_sample,modes_experiment/gappy_pod_final/results/metrics.csv,Basis and reconstruction use the same 201 snapshots; this is an in-sample diagnostic. Noise levels use one shared-seed realisation.
GP-0018,GPOD,Gappy POD identifiability and noise,verified_in_sample_single_seed,Gappy POD,gappy_pod_rank6,Gappy POD (rank 6),32 cylinder pressure taps,32,n/a,False,0.0,field,p,relative_L2,whole-domain,0.006100471076380209,dimensionless,CFD,raw_metric,not applicable,verified_in_sample,modes_experiment/gappy_pod_final/results/metrics.csv,Basis and reconstruction use the same 201 snapshots; this is an in-sample diagnostic. Noise levels use one shared-seed realisation.
GP-0019,GPOD,Gappy POD identifiability and noise,verified_in_sample_single_seed,Gappy POD,gappy_pod_rank6,Gappy POD (rank 6),32 cylinder pressure taps,32,n/a,False,0.0,first_harmonic_v1,v,relative_L2,near-cylinder,2.3167518509285225e-07,dimensionless,CFD,raw_metric,common absolute-time fit; pairwise metric is time-origin invariant,verified_in_sample,modes_experiment/gappy_pod_final/results/metrics.csv,Basis and reconstruction use the same 201 snapshots; this is an in-sample diagnostic. Noise levels use one shared-seed realisation.
GP-0020,GPOD,Gappy POD identifiability and noise,verified_in_sample_single_seed,Gappy POD,gappy_pod_rank6,Gappy POD (rank 6),32 cylinder pressure taps,32,n/a,False,0.0,first_harmonic_v1,v,amplitude_ratio,near-cylinder,1.0000000001009866,dimensionless,ideal 1,raw_metric,common absolute-time fit; pairwise metric is time-origin invariant,verified_in_sample,modes_experiment/gappy_pod_final/results/metrics.csv,Basis and reconstruction use the same 201 snapshots; this is an in-sample diagnostic. Noise levels use one shared-seed realisation.
GP-0021,GPOD,Gappy POD identifiability and noise,verified_in_sample_single_seed,Gappy POD,gappy_pod_rank6,Gappy POD (rank 6),32 cylinder pressure taps,32,n/a,False,0.0,first_harmonic_v1,v,correlation,near-cylinder,0.9999999999999747,dimensionless,ideal 1,raw_metric,common absolute-time fit; pairwise metric is time-origin invariant,verified_in_sample,modes_experiment/gappy_pod_final/results/metrics.csv,Basis and reconstruction use the same 201 snapshots; this is an in-sample diagnostic. Noise levels use one shared-seed realisation.
GP-0022,GPOD,Gappy POD identifiability and noise,verified_in_sample_single_seed,Gappy POD,gappy_pod_rank6,Gappy POD (rank 6),32 cylinder pressure taps,32,n/a,False,0.0,first_harmonic_v1,v,phase_deg,near-cylinder,1.1939302983124555e-08,degrees,ideal phase 0 deg,raw_metric,common absolute-time fit; pairwise metric is time-origin invariant,verified_in_sample,modes_experiment/gappy_pod_final/results/metrics.csv,Basis and reconstruction use the same 201 snapshots; this is an in-sample diagnostic. Noise levels use one shared-seed realisation.
GP-0023,GPOD,Gappy POD identifiability and noise,verified_in_sample_single_seed,Gappy POD,gappy_pod_rank6,Gappy POD (rank 6),32 cylinder pressure taps,32,n/a,False,0.0,first_harmonic_v1,v,relative_L2,near-wake,8.582424108824118e-06,dimensionless,CFD,raw_metric,common absolute-time fit; pairwise metric is time-origin invariant,verified_in_sample,modes_experiment/gappy_pod_final/results/metrics.csv,Basis and reconstruction use the same 201 snapshots; this is an in-sample diagnostic. Noise levels use one shared-seed realisation.
GP-0024,GPOD,Gappy POD identifiability and noise,verified_in_sample_single_seed,Gappy POD,gappy_pod_rank6,Gappy POD (rank 6),32 cylinder pressure taps,32,n/a,False,0.0,first_harmonic_v1,v,amplitude_ratio,near-wake,0.9999998907853771,dimensionless,ideal 1,raw_metric,common absolute-time fit; pairwise metric is time-origin invariant,verified_in_sample,modes_experiment/gappy_pod_final/results/metrics.csv,Basis and reconstruction use the same 201 snapshots; this is an in-sample diagnostic. Noise levels use one shared-seed realisation.
GP-0025,GPOD,Gappy POD identifiability and noise,verified_in_sample_single_seed,Gappy POD,gappy_pod_rank6,Gappy POD (rank 6),32 cylinder pressure taps,32,n/a,False,0.0,first_harmonic_v1,v,correlation,near-wake,0.999999999963177,dimensionless,ideal 1,raw_metric,common absolute-time fit; pairwise metric is time-origin invariant,verified_in_sample,modes_experiment/gappy_pod_final/results/metrics.csv,Basis and reconstruction use the same 201 snapshots; this is an in-sample diagnostic. Noise levels use one shared-seed realisation.
GP-0026,GPOD,Gappy POD identifiability and noise,verified_in_sample_single_seed,Gappy POD,gappy_pod_rank6,Gappy POD (rank 6),32 cylinder pressure taps,32,n/a,False,0.0,first_harmonic_v1,v,phase_deg,near-wake,-2.818306937727648e-06,degrees,ideal phase 0 deg,raw_metric,common absolute-time fit; pairwise metric is time-origin invariant,verified_in_sample,modes_experiment/gappy_pod_final/results/metrics.csv,Basis and reconstruction use the same 201 snapshots; this is an in-sample diagnostic. Noise levels use one shared-seed realisation.
GP-0027,GPOD,Gappy POD identifiability and noise,verified_in_sample_single_seed,Gappy POD,gappy_pod_rank6,Gappy POD (rank 6),32 cylinder pressure taps,32,n/a,False,0.0,first_harmonic_v1,v,relative_L2,far-wake,2.1604607621236236e-05,dimensionless,CFD,raw_metric,common absolute-time fit; pairwise metric is time-origin invariant,verified_in_sample,modes_experiment/gappy_pod_final/results/metrics.csv,Basis and reconstruction use the same 201 snapshots; this is an in-sample diagnostic. Noise levels use one shared-seed realisation.
GP-0028,GPOD,Gappy POD identifiability and noise,verified_in_sample_single_seed,Gappy POD,gappy_pod_rank6,Gappy POD (rank 6),32 cylinder pressure taps,32,n/a,False,0.0,first_harmonic_v1,v,amplitude_ratio,far-wake,1.000000263371953,dimensionless,ideal 1,raw_metric,common absolute-time fit; pairwise metric is time-origin invariant,verified_in_sample,modes_experiment/gappy_pod_final/results/metrics.csv,Basis and reconstruction use the same 201 snapshots; this is an in-sample diagnostic. Noise levels use one shared-seed realisation.
GP-0029,GPOD,Gappy POD identifiability and noise,verified_in_sample_single_seed,Gappy POD,gappy_pod_rank6,Gappy POD (rank 6),32 cylinder pressure taps,32,n/a,False,0.0,first_harmonic_v1,v,correlation,far-wake,0.9999999997666702,dimensionless,ideal 1,raw_metric,common absolute-time fit; pairwise metric is time-origin invariant,verified_in_sample,modes_experiment/gappy_pod_final/results/metrics.csv,Basis and reconstruction use the same 201 snapshots; this is an in-sample diagnostic. Noise levels use one shared-seed realisation.
GP-0030,GPOD,Gappy POD identifiability and noise,verified_in_sample_single_seed,Gappy POD,gappy_pod_rank6,Gappy POD (rank 6),32 cylinder pressure taps,32,n/a,False,0.0,first_harmonic_v1,v,phase_deg,far-wake,-1.0284947931047066e-05,degrees,ideal phase 0 deg,raw_metric,common absolute-time fit; pairwise metric is time-origin invariant,verified_in_sample,modes_experiment/gappy_pod_final/results/metrics.csv,Basis and reconstruction use the same 201 snapshots; this is an in-sample diagnostic. Noise levels use one shared-seed realisation.
GP-0031,GPOD,Gappy POD identifiability and noise,verified_in_sample_single_seed,Gappy POD,gappy_pod_rank6,Gappy POD (rank 6),32 cylinder pressure taps,32,n/a,False,0.0,first_harmonic_v1,v,relative_L2,far-core,2.1704818480387155e-05,dimensionless,CFD,raw_metric,common absolute-time fit; pairwise metric is time-origin invariant,verified_in_sample,modes_experiment/gappy_pod_final/results/metrics.csv,Basis and reconstruction use the same 201 snapshots; this is an in-sample diagnostic. Noise levels use one shared-seed realisation.
GP-0032,GPOD,Gappy POD identifiability and noise,verified_in_sample_single_seed,Gappy POD,gappy_pod_rank6,Gappy POD (rank 6),32 cylinder pressure taps,32,n/a,False,0.0,first_harmonic_v1,v,amplitude_ratio,far-core,1.000000268579337,dimensionless,ideal 1,raw_metric,common absolute-time fit; pairwise metric is time-origin invariant,verified_in_sample,modes_experiment/gappy_pod_final/results/metrics.csv,Basis and reconstruction use the same 201 snapshots; this is an in-sample diagnostic. Noise levels use one shared-seed realisation.
GP-0033,GPOD,Gappy POD identifiability and noise,verified_in_sample_single_seed,Gappy POD,gappy_pod_rank6,Gappy POD (rank 6),32 cylinder pressure taps,32,n/a,False,0.0,first_harmonic_v1,v,correlation,far-core,0.9999999997645026,dimensionless,ideal 1,raw_metric,common absolute-time fit; pairwise metric is time-origin invariant,verified_in_sample,modes_experiment/gappy_pod_final/results/metrics.csv,Basis and reconstruction use the same 201 snapshots; this is an in-sample diagnostic. Noise levels use one shared-seed realisation.
GP-0034,GPOD,Gappy POD identifiability and noise,verified_in_sample_single_seed,Gappy POD,gappy_pod_rank6,Gappy POD (rank 6),32 cylinder pressure taps,32,n/a,False,0.0,first_harmonic_v1,v,phase_deg,far-core,-1.0442038978563257e-05,degrees,ideal phase 0 deg,raw_metric,common absolute-time fit; pairwise metric is time-origin invariant,verified_in_sample,modes_experiment/gappy_pod_final/results/metrics.csv,Basis and reconstruction use the same 201 snapshots; this is an in-sample diagnostic. Noise levels use one shared-seed realisation.
GP-0035,GPOD,Gappy POD identifiability and noise,verified_in_sample_single_seed,Gappy POD,gappy_pod_rank6,Gappy POD (rank 6),32 cylinder pressure taps,32,n/a,False,0.0,first_harmonic_v1,v,relative_L2,other,2.1924960609682784e-08,dimensionless,CFD,raw_metric,common absolute-time fit; pairwise metric is time-origin invariant,verified_in_sample,modes_experiment/gappy_pod_final/results/metrics.csv,Basis and reconstruction use the same 201 snapshots; this is an in-sample diagnostic. Noise levels use one shared-seed realisation.
GP-0036,GPOD,Gappy POD identifiability and noise,verified_in_sample_single_seed,Gappy POD,gappy_pod_rank6,Gappy POD (rank 6),32 cylinder pressure taps,32,n/a,False,0.0,first_harmonic_v1,v,amplitude_ratio,other,1.0000000056527294,dimensionless,ideal 1,raw_metric,common absolute-time fit; pairwise metric is time-origin invariant,verified_in_sample,modes_experiment/gappy_pod_final/results/metrics.csv,Basis and reconstruction use the same 201 snapshots; this is an in-sample diagnostic. Noise levels use one shared-seed realisation.
GP-0037,GPOD,Gappy POD identifiability and noise,verified_in_sample_single_seed,Gappy POD,gappy_pod_rank6,Gappy POD (rank 6),32 cylinder pressure taps,32,n/a,False,0.0,first_harmonic_v1,v,correlation,other,0.9999999999999997,dimensionless,ideal 1,raw_metric,common absolute-time fit; pairwise metric is time-origin invariant,verified_in_sample,modes_experiment/gappy_pod_final/results/metrics.csv,Basis and reconstruction use the same 201 snapshots; this is an in-sample diagnostic. Noise levels use one shared-seed realisation.
GP-0038,GPOD,Gappy POD identifiability and noise,verified_in_sample_single_seed,Gappy POD,gappy_pod_rank6,Gappy POD (rank 6),32 cylinder pressure taps,32,n/a,False,0.0,first_harmonic_v1,v,phase_deg,other,2.913500448597015e-07,degrees,ideal phase 0 deg,raw_metric,common absolute-time fit; pairwise metric is time-origin invariant,verified_in_sample,modes_experiment/gappy_pod_final/results/metrics.csv,Basis and reconstruction use the same 201 snapshots; this is an in-sample diagnostic. Noise levels use one shared-seed realisation.
GP-0039,GPOD,Gappy POD identifiability and noise,verified_in_sample_single_seed,Gappy POD,gappy_pod_rank6,Gappy POD (rank 6),32 cylinder pressure taps,32,n/a,False,0.0,first_harmonic_v1,v,relative_L2,whole-domain,1.8375024331702566e-05,dimensionless,CFD,raw_metric,common absolute-time fit; pairwise metric is time-origin invariant,verified_in_sample,modes_experiment/gappy_pod_final/results/metrics.csv,Basis and reconstruction use the same 201 snapshots; this is an in-sample diagnostic. Noise levels use one shared-seed realisation.
GP-0040,GPOD,Gappy POD identifiability and noise,verified_in_sample_single_seed,Gappy POD,gappy_pod_rank6,Gappy POD (rank 6),32 cylinder pressure taps,32,n/a,False,0.0,first_harmonic_v1,v,amplitude_ratio,whole-domain,1.0000001431087857,dimensionless,ideal 1,raw_metric,common absolute-time fit; pairwise metric is time-origin invariant,verified_in_sample,modes_experiment/gappy_pod_final/results/metrics.csv,Basis and reconstruction use the same 201 snapshots; this is an in-sample diagnostic. Noise levels use one shared-seed realisation.
GP-0041,GPOD,Gappy POD identifiability and noise,verified_in_sample_single_seed,Gappy POD,gappy_pod_rank6,Gappy POD (rank 6),32 cylinder pressure taps,32,n/a,False,0.0,first_harmonic_v1,v,correlation,whole-domain,0.9999999998311996,dimensionless,ideal 1,raw_metric,common absolute-time fit; pairwise metric is time-origin invariant,verified_in_sample,modes_experiment/gappy_pod_final/results/metrics.csv,Basis and reconstruction use the same 201 snapshots; this is an in-sample diagnostic. Noise levels use one shared-seed realisation.
GP-0042,GPOD,Gappy POD identifiability and noise,verified_in_sample_single_seed,Gappy POD,gappy_pod_rank6,Gappy POD (rank 6),32 cylinder pressure taps,32,n/a,False,0.0,first_harmonic_v1,v,phase_deg,whole-domain,-7.815481056237948e-06,degrees,ideal phase 0 deg,raw_metric,common absolute-time fit; pairwise metric is time-origin invariant,verified_in_sample,modes_experiment/gappy_pod_final/results/metrics.csv,Basis and reconstruction use the same 201 snapshots; this is an in-sample diagnostic. Noise levels use one shared-seed realisation.
GP-0043,GPOD,Gappy POD identifiability and noise,verified_in_sample_single_seed,Gappy POD,gappy_pod_rank6,Gappy POD (rank 6),32 cylinder pressure taps,32,n/a,False,1.0,field,u,relative_L2,near-cylinder,0.0004678902439295536,dimensionless,CFD,raw_metric,not applicable,verified_in_sample,modes_experiment/gappy_pod_final/results/metrics.csv,Basis and reconstruction use the same 201 snapshots; this is an in-sample diagnostic. Noise levels use one shared-seed realisation.
GP-0044,GPOD,Gappy POD identifiability and noise,verified_in_sample_single_seed,Gappy POD,gappy_pod_rank6,Gappy POD (rank 6),32 cylinder pressure taps,32,n/a,False,1.0,field,v,relative_L2,near-cylinder,0.0016329358279971971,dimensionless,CFD,raw_metric,not applicable,verified_in_sample,modes_experiment/gappy_pod_final/results/metrics.csv,Basis and reconstruction use the same 201 snapshots; this is an in-sample diagnostic. Noise levels use one shared-seed realisation.
GP-0045,GPOD,Gappy POD identifiability and noise,verified_in_sample_single_seed,Gappy POD,gappy_pod_rank6,Gappy POD (rank 6),32 cylinder pressure taps,32,n/a,False,1.0,field,p,relative_L2,near-cylinder,0.0004858961043343863,dimensionless,CFD,raw_metric,not applicable,verified_in_sample,modes_experiment/gappy_pod_final/results/metrics.csv,Basis and reconstruction use the same 201 snapshots; this is an in-sample diagnostic. Noise levels use one shared-seed realisation.
GP-0046,GPOD,Gappy POD identifiability and noise,verified_in_sample_single_seed,Gappy POD,gappy_pod_rank6,Gappy POD (rank 6),32 cylinder pressure taps,32,n/a,False,1.0,field,u,relative_L2,near-wake,0.012884432979911296,dimensionless,CFD,raw_metric,not applicable,verified_in_sample,modes_experiment/gappy_pod_final/results/metrics.csv,Basis and reconstruction use the same 201 snapshots; this is an in-sample diagnostic. Noise levels use one shared-seed realisation.
GP-0047,GPOD,Gappy POD identifiability and noise,verified_in_sample_single_seed,Gappy POD,gappy_pod_rank6,Gappy POD (rank 6),32 cylinder pressure taps,32,n/a,False,1.0,field,v,relative_L2,near-wake,0.0555918443338466,dimensionless,CFD,raw_metric,not applicable,verified_in_sample,modes_experiment/gappy_pod_final/results/metrics.csv,Basis and reconstruction use the same 201 snapshots; this is an in-sample diagnostic. Noise levels use one shared-seed realisation.
GP-0048,GPOD,Gappy POD identifiability and noise,verified_in_sample_single_seed,Gappy POD,gappy_pod_rank6,Gappy POD (rank 6),32 cylinder pressure taps,32,n/a,False,1.0,field,p,relative_L2,near-wake,0.013628776123015607,dimensionless,CFD,raw_metric,not applicable,verified_in_sample,modes_experiment/gappy_pod_final/results/metrics.csv,Basis and reconstruction use the same 201 snapshots; this is an in-sample diagnostic. Noise levels use one shared-seed realisation.
GP-0049,GPOD,Gappy POD identifiability and noise,verified_in_sample_single_seed,Gappy POD,gappy_pod_rank6,Gappy POD (rank 6),32 cylinder pressure taps,32,n/a,False,1.0,field,u,relative_L2,far-wake,0.02441084533392016,dimensionless,CFD,raw_metric,not applicable,verified_in_sample,modes_experiment/gappy_pod_final/results/metrics.csv,Basis and reconstruction use the same 201 snapshots; this is an in-sample diagnostic. Noise levels use one shared-seed realisation.
GP-0050,GPOD,Gappy POD identifiability and noise,verified_in_sample_single_seed,Gappy POD,gappy_pod_rank6,Gappy POD (rank 6),32 cylinder pressure taps,32,n/a,False,1.0,field,v,relative_L2,far-wake,0.1874870567959049,dimensionless,CFD,raw_metric,not applicable,verified_in_sample,modes_experiment/gappy_pod_final/results/metrics.csv,Basis and reconstruction use the same 201 snapshots; this is an in-sample diagnostic. Noise levels use one shared-seed realisation.
GP-0051,GPOD,Gappy POD identifiability and noise,verified_in_sample_single_seed,Gappy POD,gappy_pod_rank6,Gappy POD (rank 6),32 cylinder pressure taps,32,n/a,False,1.0,field,p,relative_L2,far-wake,0.0835352254447549,dimensionless,CFD,raw_metric,not applicable,verified_in_sample,modes_experiment/gappy_pod_final/results/metrics.csv,Basis and reconstruction use the same 201 snapshots; this is an in-sample diagnostic. Noise levels use one shared-seed realisation.
GP-0052,GPOD,Gappy POD identifiability and noise,verified_in_sample_single_seed,Gappy POD,gappy_pod_rank6,Gappy POD (rank 6),32 cylinder pressure taps,32,n/a,False,1.0,field,u,relative_L2,far-core,0.02929772051316478,dimensionless,CFD,raw_metric,not applicable,verified_in_sample,modes_experiment/gappy_pod_final/results/metrics.csv,Basis and reconstruction use the same 201 snapshots; this is an in-sample diagnostic. Noise levels use one shared-seed realisation.
GP-0053,GPOD,Gappy POD identifiability and noise,verified_in_sample_single_seed,Gappy POD,gappy_pod_rank6,Gappy POD (rank 6),32 cylinder pressure taps,32,n/a,False,1.0,field,v,relative_L2,far-core,0.1884571393550932,dimensionless,CFD,raw_metric,not applicable,verified_in_sample,modes_experiment/gappy_pod_final/results/metrics.csv,Basis and reconstruction use the same 201 snapshots; this is an in-sample diagnostic. Noise levels use one shared-seed realisation.
GP-0054,GPOD,Gappy POD identifiability and noise,verified_in_sample_single_seed,Gappy POD,gappy_pod_rank6,Gappy POD (rank 6),32 cylinder pressure taps,32,n/a,False,1.0,field,p,relative_L2,far-core,0.08382182940335227,dimensionless,CFD,raw_metric,not applicable,verified_in_sample,modes_experiment/gappy_pod_final/results/metrics.csv,Basis and reconstruction use the same 201 snapshots; this is an in-sample diagnostic. Noise levels use one shared-seed realisation.
GP-0055,GPOD,Gappy POD identifiability and noise,verified_in_sample_single_seed,Gappy POD,gappy_pod_rank6,Gappy POD (rank 6),32 cylinder pressure taps,32,n/a,False,1.0,field,u,relative_L2,other,8.169607027577783e-05,dimensionless,CFD,raw_metric,not applicable,verified_in_sample,modes_experiment/gappy_pod_final/results/metrics.csv,Basis and reconstruction use the same 201 snapshots; this is an in-sample diagnostic. Noise levels use one shared-seed realisation.
GP-0056,GPOD,Gappy POD identifiability and noise,verified_in_sample_single_seed,Gappy POD,gappy_pod_rank6,Gappy POD (rank 6),32 cylinder pressure taps,32,n/a,False,1.0,field,v,relative_L2,other,0.0003040514662219091,dimensionless,CFD,raw_metric,not applicable,verified_in_sample,modes_experiment/gappy_pod_final/results/metrics.csv,Basis and reconstruction use the same 201 snapshots; this is an in-sample diagnostic. Noise levels use one shared-seed realisation.
GP-0057,GPOD,Gappy POD identifiability and noise,verified_in_sample_single_seed,Gappy POD,gappy_pod_rank6,Gappy POD (rank 6),32 cylinder pressure taps,32,n/a,False,1.0,field,p,relative_L2,other,0.0002528711625754124,dimensionless,CFD,raw_metric,not applicable,verified_in_sample,modes_experiment/gappy_pod_final/results/metrics.csv,Basis and reconstruction use the same 201 snapshots; this is an in-sample diagnostic. Noise levels use one shared-seed realisation.
GP-0058,GPOD,Gappy POD identifiability and noise,verified_in_sample_single_seed,Gappy POD,gappy_pod_rank6,Gappy POD (rank 6),32 cylinder pressure taps,32,n/a,False,1.0,field,u,relative_L2,whole-domain,0.01702082232943788,dimensionless,CFD,raw_metric,not applicable,verified_in_sample,modes_experiment/gappy_pod_final/results/metrics.csv,Basis and reconstruction use the same 201 snapshots; this is an in-sample diagnostic. Noise levels use one shared-seed realisation.
GP-0059,GPOD,Gappy POD identifiability and noise,verified_in_sample_single_seed,Gappy POD,gappy_pod_rank6,Gappy POD (rank 6),32 cylinder pressure taps,32,n/a,False,1.0,field,v,relative_L2,whole-domain,0.1209155344049919,dimensionless,CFD,raw_metric,not applicable,verified_in_sample,modes_experiment/gappy_pod_final/results/metrics.csv,Basis and reconstruction use the same 201 snapshots; this is an in-sample diagnostic. Noise levels use one shared-seed realisation.
GP-0060,GPOD,Gappy POD identifiability and noise,verified_in_sample_single_seed,Gappy POD,gappy_pod_rank6,Gappy POD (rank 6),32 cylinder pressure taps,32,n/a,False,1.0,field,p,relative_L2,whole-domain,0.017846366198498123,dimensionless,CFD,raw_metric,not applicable,verified_in_sample,modes_experiment/gappy_pod_final/results/metrics.csv,Basis and reconstruction use the same 201 snapshots; this is an in-sample diagnostic. Noise levels use one shared-seed realisation.
GP-0061,GPOD,Gappy POD identifiability and noise,verified_in_sample_single_seed,Gappy POD,gappy_pod_rank6,Gappy POD (rank 6),32 cylinder pressure taps,32,n/a,False,1.0,first_harmonic_v1,v,relative_L2,near-cylinder,0.0009372221427845566,dimensionless,CFD,raw_metric,common absolute-time fit; pairwise metric is time-origin invariant,verified_in_sample,modes_experiment/gappy_pod_final/results/metrics.csv,Basis and reconstruction use the same 201 snapshots; this is an in-sample diagnostic. Noise levels use one shared-seed realisation.
GP-0062,GPOD,Gappy POD identifiability and noise,verified_in_sample_single_seed,Gappy POD,gappy_pod_rank6,Gappy POD (rank 6),32 cylinder pressure taps,32,n/a,False,1.0,first_harmonic_v1,v,amplitude_ratio,near-cylinder,1.000584495260488,dimensionless,ideal 1,raw_metric,common absolute-time fit; pairwise metric is time-origin invariant,verified_in_sample,modes_experiment/gappy_pod_final/results/metrics.csv,Basis and reconstruction use the same 201 snapshots; this is an in-sample diagnostic. Noise levels use one shared-seed realisation.
GP-0063,GPOD,Gappy POD identifiability and noise,verified_in_sample_single_seed,Gappy POD,gappy_pod_rank6,Gappy POD (rank 6),32 cylinder pressure taps,32,n/a,False,1.0,first_harmonic_v1,v,correlation,near-cylinder,0.9999999147017284,dimensionless,ideal 1,raw_metric,common absolute-time fit; pairwise metric is time-origin invariant,verified_in_sample,modes_experiment/gappy_pod_final/results/metrics.csv,Basis and reconstruction use the same 201 snapshots; this is an in-sample diagnostic. Noise levels use one shared-seed realisation.
GP-0064,GPOD,Gappy POD identifiability and noise,verified_in_sample_single_seed,Gappy POD,gappy_pod_rank6,Gappy POD (rank 6),32 cylinder pressure taps,32,n/a,False,1.0,first_harmonic_v1,v,phase_deg,near-cylinder,-0.03465521324006093,degrees,ideal phase 0 deg,raw_metric,common absolute-time fit; pairwise metric is time-origin invariant,verified_in_sample,modes_experiment/gappy_pod_final/results/metrics.csv,Basis and reconstruction use the same 201 snapshots; this is an in-sample diagnostic. Noise levels use one shared-seed realisation.
GP-0065,GPOD,Gappy POD identifiability and noise,verified_in_sample_single_seed,Gappy POD,gappy_pod_rank6,Gappy POD (rank 6),32 cylinder pressure taps,32,n/a,False,1.0,first_harmonic_v1,v,relative_L2,near-wake,0.002381752981283717,dimensionless,CFD,raw_metric,common absolute-time fit; pairwise metric is time-origin invariant,verified_in_sample,modes_experiment/gappy_pod_final/results/metrics.csv,Basis and reconstruction use the same 201 snapshots; this is an in-sample diagnostic. Noise levels use one shared-seed realisation.
GP-0066,GPOD,Gappy POD identifiability and noise,verified_in_sample_single_seed,Gappy POD,gappy_pod_rank6,Gappy POD (rank 6),32 cylinder pressure taps,32,n/a,False,1.0,first_harmonic_v1,v,amplitude_ratio,near-wake,1.0009115962460113,dimensionless,ideal 1,raw_metric,common absolute-time fit; pairwise metric is time-origin invariant,verified_in_sample,modes_experiment/gappy_pod_final/results/metrics.csv,Basis and reconstruction use the same 201 snapshots; this is an in-sample diagnostic. Noise levels use one shared-seed realisation.
GP-0067,GPOD,Gappy POD identifiability and noise,verified_in_sample_single_seed,Gappy POD,gappy_pod_rank6,Gappy POD (rank 6),32 cylinder pressure taps,32,n/a,False,1.0,first_harmonic_v1,v,correlation,near-wake,0.999997665082077,dimensionless,ideal 1,raw_metric,common absolute-time fit; pairwise metric is time-origin invariant,verified_in_sample,modes_experiment/gappy_pod_final/results/metrics.csv,Basis and reconstruction use the same 201 snapshots; this is an in-sample diagnostic. Noise levels use one shared-seed realisation.
GP-0068,GPOD,Gappy POD identifiability and noise,verified_in_sample_single_seed,Gappy POD,gappy_pod_rank6,Gappy POD (rank 6),32 cylinder pressure taps,32,n/a,False,1.0,first_harmonic_v1,v,phase_deg,near-wake,0.023448916668595218,degrees,ideal phase 0 deg,raw_metric,common absolute-time fit; pairwise metric is time-origin invariant,verified_in_sample,modes_experiment/gappy_pod_final/results/metrics.csv,Basis and reconstruction use the same 201 snapshots; this is an in-sample diagnostic. Noise levels use one shared-seed realisation.
GP-0069,GPOD,Gappy POD identifiability and noise,verified_in_sample_single_seed,Gappy POD,gappy_pod_rank6,Gappy POD (rank 6),32 cylinder pressure taps,32,n/a,False,1.0,first_harmonic_v1,v,relative_L2,far-wake,0.007119209698812341,dimensionless,CFD,raw_metric,common absolute-time fit; pairwise metric is time-origin invariant,verified_in_sample,modes_experiment/gappy_pod_final/results/metrics.csv,Basis and reconstruction use the same 201 snapshots; this is an in-sample diagnostic. Noise levels use one shared-seed realisation.
GP-0070,GPOD,Gappy POD identifiability and noise,verified_in_sample_single_seed,Gappy POD,gappy_pod_rank6,Gappy POD (rank 6),32 cylinder pressure taps,32,n/a,False,1.0,first_harmonic_v1,v,amplitude_ratio,far-wake,1.0007190413559772,dimensionless,ideal 1,raw_metric,common absolute-time fit; pairwise metric is time-origin invariant,verified_in_sample,modes_experiment/gappy_pod_final/results/metrics.csv,Basis and reconstruction use the same 201 snapshots; this is an in-sample diagnostic. Noise levels use one shared-seed realisation.
GP-0071,GPOD,Gappy POD identifiability and noise,verified_in_sample_single_seed,Gappy POD,gappy_pod_rank6,Gappy POD (rank 6),32 cylinder pressure taps,32,n/a,False,1.0,first_harmonic_v1,v,correlation,far-wake,0.9999749630457568,dimensionless,ideal 1,raw_metric,common absolute-time fit; pairwise metric is time-origin invariant,verified_in_sample,modes_experiment/gappy_pod_final/results/metrics.csv,Basis and reconstruction use the same 201 snapshots; this is an in-sample diagnostic. Noise levels use one shared-seed realisation.
GP-0072,GPOD,Gappy POD identifiability and noise,verified_in_sample_single_seed,Gappy POD,gappy_pod_rank6,Gappy POD (rank 6),32 cylinder pressure taps,32,n/a,False,1.0,first_harmonic_v1,v,phase_deg,far-wake,0.013579653735566858,degrees,ideal phase 0 deg,raw_metric,common absolute-time fit; pairwise metric is time-origin invariant,verified_in_sample,modes_experiment/gappy_pod_final/results/metrics.csv,Basis and reconstruction use the same 201 snapshots; this is an in-sample diagnostic. Noise levels use one shared-seed realisation.
GP-0073,GPOD,Gappy POD identifiability and noise,verified_in_sample_single_seed,Gappy POD,gappy_pod_rank6,Gappy POD (rank 6),32 cylinder pressure taps,32,n/a,False,1.0,first_harmonic_v1,v,relative_L2,far-core,0.007152558465898097,dimensionless,CFD,raw_metric,common absolute-time fit; pairwise metric is time-origin invariant,verified_in_sample,modes_experiment/gappy_pod_final/results/metrics.csv,Basis and reconstruction use the same 201 snapshots; this is an in-sample diagnostic. Noise levels use one shared-seed realisation.
GP-0074,GPOD,Gappy POD identifiability and noise,verified_in_sample_single_seed,Gappy POD,gappy_pod_rank6,Gappy POD (rank 6),32 cylinder pressure taps,32,n/a,False,1.0,first_harmonic_v1,v,amplitude_ratio,far-core,1.0007153971195872,dimensionless,ideal 1,raw_metric,common absolute-time fit; pairwise metric is time-origin invariant,verified_in_sample,modes_experiment/gappy_pod_final/results/metrics.csv,Basis and reconstruction use the same 201 snapshots; this is an in-sample diagnostic. Noise levels use one shared-seed realisation.
GP-0075,GPOD,Gappy POD identifiability and noise,verified_in_sample_single_seed,Gappy POD,gappy_pod_rank6,Gappy POD (rank 6),32 cylinder pressure taps,32,n/a,False,1.0,first_harmonic_v1,v,correlation,far-core,0.9999747227266486,dimensionless,ideal 1,raw_metric,common absolute-time fit; pairwise metric is time-origin invariant,verified_in_sample,modes_experiment/gappy_pod_final/results/metrics.csv,Basis and reconstruction use the same 201 snapshots; this is an in-sample diagnostic. Noise levels use one shared-seed realisation.
GP-0076,GPOD,Gappy POD identifiability and noise,verified_in_sample_single_seed,Gappy POD,gappy_pod_rank6,Gappy POD (rank 6),32 cylinder pressure taps,32,n/a,False,1.0,first_harmonic_v1,v,phase_deg,far-core,0.01362474676802288,degrees,ideal phase 0 deg,raw_metric,common absolute-time fit; pairwise metric is time-origin invariant,verified_in_sample,modes_experiment/gappy_pod_final/results/metrics.csv,Basis and reconstruction use the same 201 snapshots; this is an in-sample diagnostic. Noise levels use one shared-seed realisation.
GP-0077,GPOD,Gappy POD identifiability and noise,verified_in_sample_single_seed,Gappy POD,gappy_pod_rank6,Gappy POD (rank 6),32 cylinder pressure taps,32,n/a,False,1.0,first_harmonic_v1,v,relative_L2,other,0.0008087208335780813,dimensionless,CFD,raw_metric,common absolute-time fit; pairwise metric is time-origin invariant,verified_in_sample,modes_experiment/gappy_pod_final/results/metrics.csv,Basis and reconstruction use the same 201 snapshots; this is an in-sample diagnostic. Noise levels use one shared-seed realisation.
GP-0078,GPOD,Gappy POD identifiability and noise,verified_in_sample_single_seed,Gappy POD,gappy_pod_rank6,Gappy POD (rank 6),32 cylinder pressure taps,32,n/a,False,1.0,first_harmonic_v1,v,amplitude_ratio,other,1.0005740460340444,dimensionless,ideal 1,raw_metric,common absolute-time fit; pairwise metric is time-origin invariant,verified_in_sample,modes_experiment/gappy_pod_final/results/metrics.csv,Basis and reconstruction use the same 201 snapshots; this is an in-sample diagnostic. Noise levels use one shared-seed realisation.
GP-0079,GPOD,Gappy POD identifiability and noise,verified_in_sample_single_seed,Gappy POD,gappy_pod_rank6,Gappy POD (rank 6),32 cylinder pressure taps,32,n/a,False,1.0,first_harmonic_v1,v,correlation,other,0.9999999022565285,dimensionless,ideal 1,raw_metric,common absolute-time fit; pairwise metric is time-origin invariant,verified_in_sample,modes_experiment/gappy_pod_final/results/metrics.csv,Basis and reconstruction use the same 201 snapshots; this is an in-sample diagnostic. Noise levels use one shared-seed realisation.
GP-0080,GPOD,Gappy POD identifiability and noise,verified_in_sample_single_seed,Gappy POD,gappy_pod_rank6,Gappy POD (rank 6),32 cylinder pressure taps,32,n/a,False,1.0,first_harmonic_v1,v,phase_deg,other,-0.020564910099150124,degrees,ideal phase 0 deg,raw_metric,common absolute-time fit; pairwise metric is time-origin invariant,verified_in_sample,modes_experiment/gappy_pod_final/results/metrics.csv,Basis and reconstruction use the same 201 snapshots; this is an in-sample diagnostic. Noise levels use one shared-seed realisation.
GP-0081,GPOD,Gappy POD identifiability and noise,verified_in_sample_single_seed,Gappy POD,gappy_pod_rank6,Gappy POD (rank 6),32 cylinder pressure taps,32,n/a,False,1.0,first_harmonic_v1,v,relative_L2,whole-domain,0.005995159153451729,dimensionless,CFD,raw_metric,common absolute-time fit; pairwise metric is time-origin invariant,verified_in_sample,modes_experiment/gappy_pod_final/results/metrics.csv,Basis and reconstruction use the same 201 snapshots; this is an in-sample diagnostic. Noise levels use one shared-seed realisation.
GP-0082,GPOD,Gappy POD identifiability and noise,verified_in_sample_single_seed,Gappy POD,gappy_pod_rank6,Gappy POD (rank 6),32 cylinder pressure taps,32,n/a,False,1.0,first_harmonic_v1,v,amplitude_ratio,whole-domain,1.00077800068199,dimensionless,ideal 1,raw_metric,common absolute-time fit; pairwise metric is time-origin invariant,verified_in_sample,modes_experiment/gappy_pod_final/results/metrics.csv,Basis and reconstruction use the same 201 snapshots; this is an in-sample diagnostic. Noise levels use one shared-seed realisation.
GP-0083,GPOD,Gappy POD identifiability and noise,verified_in_sample_single_seed,Gappy POD,gappy_pod_rank6,Gappy POD (rank 6),32 cylinder pressure taps,32,n/a,False,1.0,first_harmonic_v1,v,correlation,whole-domain,0.999982384975697,dimensionless,ideal 1,raw_metric,common absolute-time fit; pairwise metric is time-origin invariant,verified_in_sample,modes_experiment/gappy_pod_final/results/metrics.csv,Basis and reconstruction use the same 201 snapshots; this is an in-sample diagnostic. Noise levels use one shared-seed realisation.
GP-0084,GPOD,Gappy POD identifiability and noise,verified_in_sample_single_seed,Gappy POD,gappy_pod_rank6,Gappy POD (rank 6),32 cylinder pressure taps,32,n/a,False,1.0,first_harmonic_v1,v,phase_deg,whole-domain,0.01611737916821877,degrees,ideal phase 0 deg,raw_metric,common absolute-time fit; pairwise metric is time-origin invariant,verified_in_sample,modes_experiment/gappy_pod_final/results/metrics.csv,Basis and reconstruction use the same 201 snapshots; this is an in-sample diagnostic. Noise levels use one shared-seed realisation.
GP-0085,GPOD,Gappy POD identifiability and noise,verified_in_sample_single_seed,Gappy POD,gappy_pod_rank6,Gappy POD (rank 6),32 cylinder pressure taps,32,n/a,False,5.0,field,u,relative_L2,near-cylinder,0.00233559201932778,dimensionless,CFD,raw_metric,not applicable,verified_in_sample,modes_experiment/gappy_pod_final/results/metrics.csv,Basis and reconstruction use the same 201 snapshots; this is an in-sample diagnostic. Noise levels use one shared-seed realisation.
GP-0086,GPOD,Gappy POD identifiability and noise,verified_in_sample_single_seed,Gappy POD,gappy_pod_rank6,Gappy POD (rank 6),32 cylinder pressure taps,32,n/a,False,5.0,field,v,relative_L2,near-cylinder,0.008154386011180093,dimensionless,CFD,raw_metric,not applicable,verified_in_sample,modes_experiment/gappy_pod_final/results/metrics.csv,Basis and reconstruction use the same 201 snapshots; this is an in-sample diagnostic. Noise levels use one shared-seed realisation.
GP-0087,GPOD,Gappy POD identifiability and noise,verified_in_sample_single_seed,Gappy POD,gappy_pod_rank6,Gappy POD (rank 6),32 cylinder pressure taps,32,n/a,False,5.0,field,p,relative_L2,near-cylinder,0.002428710615880466,dimensionless,CFD,raw_metric,not applicable,verified_in_sample,modes_experiment/gappy_pod_final/results/metrics.csv,Basis and reconstruction use the same 201 snapshots; this is an in-sample diagnostic. Noise levels use one shared-seed realisation.
GP-0088,GPOD,Gappy POD identifiability and noise,verified_in_sample_single_seed,Gappy POD,gappy_pod_rank6,Gappy POD (rank 6),32 cylinder pressure taps,32,n/a,False,5.0,field,u,relative_L2,near-wake,0.060492648747553585,dimensionless,CFD,raw_metric,not applicable,verified_in_sample,modes_experiment/gappy_pod_final/results/metrics.csv,Basis and reconstruction use the same 201 snapshots; this is an in-sample diagnostic. Noise levels use one shared-seed realisation.
GP-0089,GPOD,Gappy POD identifiability and noise,verified_in_sample_single_seed,Gappy POD,gappy_pod_rank6,Gappy POD (rank 6),32 cylinder pressure taps,32,n/a,False,5.0,field,v,relative_L2,near-wake,0.2633245642807121,dimensionless,CFD,raw_metric,not applicable,verified_in_sample,modes_experiment/gappy_pod_final/results/metrics.csv,Basis and reconstruction use the same 201 snapshots; this is an in-sample diagnostic. Noise levels use one shared-seed realisation.
GP-0090,GPOD,Gappy POD identifiability and noise,verified_in_sample_single_seed,Gappy POD,gappy_pod_rank6,Gappy POD (rank 6),32 cylinder pressure taps,32,n/a,False,5.0,field,p,relative_L2,near-wake,0.0662151925365544,dimensionless,CFD,raw_metric,not applicable,verified_in_sample,modes_experiment/gappy_pod_final/results/metrics.csv,Basis and reconstruction use the same 201 snapshots; this is an in-sample diagnostic. Noise levels use one shared-seed realisation.
GP-0091,GPOD,Gappy POD identifiability and noise,verified_in_sample_single_seed,Gappy POD,gappy_pod_rank6,Gappy POD (rank 6),32 cylinder pressure taps,32,n/a,False,5.0,field,u,relative_L2,far-wake,0.11625700756982321,dimensionless,CFD,raw_metric,not applicable,verified_in_sample,modes_experiment/gappy_pod_final/results/metrics.csv,Basis and reconstruction use the same 201 snapshots; this is an in-sample diagnostic. Noise levels use one shared-seed realisation.
GP-0092,GPOD,Gappy POD identifiability and noise,verified_in_sample_single_seed,Gappy POD,gappy_pod_rank6,Gappy POD (rank 6),32 cylinder pressure taps,32,n/a,False,5.0,field,v,relative_L2,far-wake,0.9078805383536414,dimensionless,CFD,raw_metric,not applicable,verified_in_sample,modes_experiment/gappy_pod_final/results/metrics.csv,Basis and reconstruction use the same 201 snapshots; this is an in-sample diagnostic. Noise levels use one shared-seed realisation.
GP-0093,GPOD,Gappy POD identifiability and noise,verified_in_sample_single_seed,Gappy POD,gappy_pod_rank6,Gappy POD (rank 6),32 cylinder pressure taps,32,n/a,False,5.0,field,p,relative_L2,far-wake,0.3909249026002217,dimensionless,CFD,raw_metric,not applicable,verified_in_sample,modes_experiment/gappy_pod_final/results/metrics.csv,Basis and reconstruction use the same 201 snapshots; this is an in-sample diagnostic. Noise levels use one shared-seed realisation.
GP-0094,GPOD,Gappy POD identifiability and noise,verified_in_sample_single_seed,Gappy POD,gappy_pod_rank6,Gappy POD (rank 6),32 cylinder pressure taps,32,n/a,False,5.0,field,u,relative_L2,far-core,0.13952633120191008,dimensionless,CFD,raw_metric,not applicable,verified_in_sample,modes_experiment/gappy_pod_final/results/metrics.csv,Basis and reconstruction use the same 201 snapshots; this is an in-sample diagnostic. Noise levels use one shared-seed realisation.
GP-0095,GPOD,Gappy POD identifiability and noise,verified_in_sample_single_seed,Gappy POD,gappy_pod_rank6,Gappy POD (rank 6),32 cylinder pressure taps,32,n/a,False,5.0,field,v,relative_L2,far-core,0.9125900728736867,dimensionless,CFD,raw_metric,not applicable,verified_in_sample,modes_experiment/gappy_pod_final/results/metrics.csv,Basis and reconstruction use the same 201 snapshots; this is an in-sample diagnostic. Noise levels use one shared-seed realisation.
GP-0096,GPOD,Gappy POD identifiability and noise,verified_in_sample_single_seed,Gappy POD,gappy_pod_rank6,Gappy POD (rank 6),32 cylinder pressure taps,32,n/a,False,5.0,field,p,relative_L2,far-core,0.392256759251653,dimensionless,CFD,raw_metric,not applicable,verified_in_sample,modes_experiment/gappy_pod_final/results/metrics.csv,Basis and reconstruction use the same 201 snapshots; this is an in-sample diagnostic. Noise levels use one shared-seed realisation.
GP-0097,GPOD,Gappy POD identifiability and noise,verified_in_sample_single_seed,Gappy POD,gappy_pod_rank6,Gappy POD (rank 6),32 cylinder pressure taps,32,n/a,False,5.0,field,u,relative_L2,other,0.00040847959897132957,dimensionless,CFD,raw_metric,not applicable,verified_in_sample,modes_experiment/gappy_pod_final/results/metrics.csv,Basis and reconstruction use the same 201 snapshots; this is an in-sample diagnostic. Noise levels use one shared-seed realisation.
GP-0098,GPOD,Gappy POD identifiability and noise,verified_in_sample_single_seed,Gappy POD,gappy_pod_rank6,Gappy POD (rank 6),32 cylinder pressure taps,32,n/a,False,5.0,field,v,relative_L2,other,0.0015202913953915249,dimensionless,CFD,raw_metric,not applicable,verified_in_sample,modes_experiment/gappy_pod_final/results/metrics.csv,Basis and reconstruction use the same 201 snapshots; this is an in-sample diagnostic. Noise levels use one shared-seed realisation.
GP-0099,GPOD,Gappy POD identifiability and noise,verified_in_sample_single_seed,Gappy POD,gappy_pod_rank6,Gappy POD (rank 6),32 cylinder pressure taps,32,n/a,False,5.0,field,p,relative_L2,other,0.0012637331954130475,dimensionless,CFD,raw_metric,not applicable,verified_in_sample,modes_experiment/gappy_pod_final/results/metrics.csv,Basis and reconstruction use the same 201 snapshots; this is an in-sample diagnostic. Noise levels use one shared-seed realisation.
GP-0100,GPOD,Gappy POD identifiability and noise,verified_in_sample_single_seed,Gappy POD,gappy_pod_rank6,Gappy POD (rank 6),32 cylinder pressure taps,32,n/a,False,5.0,field,u,relative_L2,whole-domain,0.08081829727034347,dimensionless,CFD,raw_metric,not applicable,verified_in_sample,modes_experiment/gappy_pod_final/results/metrics.csv,Basis and reconstruction use the same 201 snapshots; this is an in-sample diagnostic. Noise levels use one shared-seed realisation.
GP-0101,GPOD,Gappy POD identifiability and noise,verified_in_sample_single_seed,Gappy POD,gappy_pod_rank6,Gappy POD (rank 6),32 cylinder pressure taps,32,n/a,False,5.0,field,v,relative_L2,whole-domain,0.5849459435173885,dimensionless,CFD,raw_metric,not applicable,verified_in_sample,modes_experiment/gappy_pod_final/results/metrics.csv,Basis and reconstruction use the same 201 snapshots; this is an in-sample diagnostic. Noise levels use one shared-seed realisation.
GP-0102,GPOD,Gappy POD identifiability and noise,verified_in_sample_single_seed,Gappy POD,gappy_pod_rank6,Gappy POD (rank 6),32 cylinder pressure taps,32,n/a,False,5.0,field,p,relative_L2,whole-domain,0.0840480886040998,dimensionless,CFD,raw_metric,not applicable,verified_in_sample,modes_experiment/gappy_pod_final/results/metrics.csv,Basis and reconstruction use the same 201 snapshots; this is an in-sample diagnostic. Noise levels use one shared-seed realisation.
GP-0103,GPOD,Gappy POD identifiability and noise,verified_in_sample_single_seed,Gappy POD,gappy_pod_rank6,Gappy POD (rank 6),32 cylinder pressure taps,32,n/a,False,5.0,first_harmonic_v1,v,relative_L2,near-cylinder,0.0046864955489160825,dimensionless,CFD,raw_metric,common absolute-time fit; pairwise metric is time-origin invariant,verified_in_sample,modes_experiment/gappy_pod_final/results/metrics.csv,Basis and reconstruction use the same 201 snapshots; this is an in-sample diagnostic. Noise levels use one shared-seed realisation.
GP-0104,GPOD,Gappy POD identifiability and noise,verified_in_sample_single_seed,Gappy POD,gappy_pod_rank6,Gappy POD (rank 6),32 cylinder pressure taps,32,n/a,False,5.0,first_harmonic_v1,v,amplitude_ratio,near-cylinder,1.0029278911722395,dimensionless,ideal 1,raw_metric,common absolute-time fit; pairwise metric is time-origin invariant,verified_in_sample,modes_experiment/gappy_pod_final/results/metrics.csv,Basis and reconstruction use the same 201 snapshots; this is an in-sample diagnostic. Noise levels use one shared-seed realisation.
GP-0105,GPOD,Gappy POD identifiability and noise,verified_in_sample_single_seed,Gappy POD,gappy_pod_rank6,Gappy POD (rank 6),32 cylinder pressure taps,32,n/a,False,5.0,first_harmonic_v1,v,correlation,near-cylinder,0.9999978760750696,dimensionless,ideal 1,raw_metric,common absolute-time fit; pairwise metric is time-origin invariant,verified_in_sample,modes_experiment/gappy_pod_final/results/metrics.csv,Basis and reconstruction use the same 201 snapshots; this is an in-sample diagnostic. Noise levels use one shared-seed realisation.
GP-0106,GPOD,Gappy POD identifiability and noise,verified_in_sample_single_seed,Gappy POD,gappy_pod_rank6,Gappy POD (rank 6),32 cylinder pressure taps,32,n/a,False,5.0,first_harmonic_v1,v,phase_deg,near-cylinder,-0.17287550648594285,degrees,ideal phase 0 deg,raw_metric,common absolute-time fit; pairwise metric is time-origin invariant,verified_in_sample,modes_experiment/gappy_pod_final/results/metrics.csv,Basis and reconstruction use the same 201 snapshots; this is an in-sample diagnostic. Noise levels use one shared-seed realisation.
GP-0107,GPOD,Gappy POD identifiability and noise,verified_in_sample_single_seed,Gappy POD,gappy_pod_rank6,Gappy POD (rank 6),32 cylinder pressure taps,32,n/a,False,5.0,first_harmonic_v1,v,relative_L2,near-wake,0.011907795722727757,dimensionless,CFD,raw_metric,common absolute-time fit; pairwise metric is time-origin invariant,verified_in_sample,modes_experiment/gappy_pod_final/results/metrics.csv,Basis and reconstruction use the same 201 snapshots; this is an in-sample diagnostic. Noise levels use one shared-seed realisation.
GP-0108,GPOD,Gappy POD identifiability and noise,verified_in_sample_single_seed,Gappy POD,gappy_pod_rank6,Gappy POD (rank 6),32 cylinder pressure taps,32,n/a,False,5.0,first_harmonic_v1,v,amplitude_ratio,near-wake,1.0046066970476735,dimensionless,ideal 1,raw_metric,common absolute-time fit; pairwise metric is time-origin invariant,verified_in_sample,modes_experiment/gappy_pod_final/results/metrics.csv,Basis and reconstruction use the same 201 snapshots; this is an in-sample diagnostic. Noise levels use one shared-seed realisation.
GP-0109,GPOD,Gappy POD identifiability and noise,verified_in_sample_single_seed,Gappy POD,gappy_pod_rank6,Gappy POD (rank 6),32 cylinder pressure taps,32,n/a,False,5.0,first_harmonic_v1,v,correlation,near-wake,0.9999420683863081,dimensionless,ideal 1,raw_metric,common absolute-time fit; pairwise metric is time-origin invariant,verified_in_sample,modes_experiment/gappy_pod_final/results/metrics.csv,Basis and reconstruction use the same 201 snapshots; this is an in-sample diagnostic. Noise levels use one shared-seed realisation.
GP-0110,GPOD,Gappy POD identifiability and noise,verified_in_sample_single_seed,Gappy POD,gappy_pod_rank6,Gappy POD (rank 6),32 cylinder pressure taps,32,n/a,False,5.0,first_harmonic_v1,v,phase_deg,near-wake,0.11683360598886182,degrees,ideal phase 0 deg,raw_metric,common absolute-time fit; pairwise metric is time-origin invariant,verified_in_sample,modes_experiment/gappy_pod_final/results/metrics.csv,Basis and reconstruction use the same 201 snapshots; this is an in-sample diagnostic. Noise levels use one shared-seed realisation.
GP-0111,GPOD,Gappy POD identifiability and noise,verified_in_sample_single_seed,Gappy POD,gappy_pod_rank6,Gappy POD (rank 6),32 cylinder pressure taps,32,n/a,False,5.0,first_harmonic_v1,v,relative_L2,far-wake,0.03559252907083566,dimensionless,CFD,raw_metric,common absolute-time fit; pairwise metric is time-origin invariant,verified_in_sample,modes_experiment/gappy_pod_final/results/metrics.csv,Basis and reconstruction use the same 201 snapshots; this is an in-sample diagnostic. Noise levels use one shared-seed realisation.
GP-0112,GPOD,Gappy POD identifiability and noise,verified_in_sample_single_seed,Gappy POD,gappy_pod_rank6,Gappy POD (rank 6),32 cylinder pressure taps,32,n/a,False,5.0,first_harmonic_v1,v,amplitude_ratio,far-wake,1.004093846566367,dimensionless,ideal 1,raw_metric,common absolute-time fit; pairwise metric is time-origin invariant,verified_in_sample,modes_experiment/gappy_pod_final/results/metrics.csv,Basis and reconstruction use the same 201 snapshots; this is an in-sample diagnostic. Noise levels use one shared-seed realisation.
GP-0113,GPOD,Gappy POD identifiability and noise,verified_in_sample_single_seed,Gappy POD,gappy_pod_rank6,Gappy POD (rank 6),32 cylinder pressure taps,32,n/a,False,5.0,first_harmonic_v1,v,correlation,far-wake,0.9993782128206412,dimensionless,ideal 1,raw_metric,common absolute-time fit; pairwise metric is time-origin invariant,verified_in_sample,modes_experiment/gappy_pod_final/results/metrics.csv,Basis and reconstruction use the same 201 snapshots; this is an in-sample diagnostic. Noise levels use one shared-seed realisation.
GP-0114,GPOD,Gappy POD identifiability and noise,verified_in_sample_single_seed,Gappy POD,gappy_pod_rank6,Gappy POD (rank 6),32 cylinder pressure taps,32,n/a,False,5.0,first_harmonic_v1,v,phase_deg,far-wake,0.06775291312065662,degrees,ideal phase 0 deg,raw_metric,common absolute-time fit; pairwise metric is time-origin invariant,verified_in_sample,modes_experiment/gappy_pod_final/results/metrics.csv,Basis and reconstruction use the same 201 snapshots; this is an in-sample diagnostic. Noise levels use one shared-seed realisation.
GP-0115,GPOD,Gappy POD identifiability and noise,verified_in_sample_single_seed,Gappy POD,gappy_pod_rank6,Gappy POD (rank 6),32 cylinder pressure taps,32,n/a,False,5.0,first_harmonic_v1,v,relative_L2,far-core,0.03575924979045706,dimensionless,CFD,raw_metric,common absolute-time fit; pairwise metric is time-origin invariant,verified_in_sample,modes_experiment/gappy_pod_final/results/metrics.csv,Basis and reconstruction use the same 201 snapshots; this is an in-sample diagnostic. Noise levels use one shared-seed realisation.
GP-0116,GPOD,Gappy POD identifiability and noise,verified_in_sample_single_seed,Gappy POD,gappy_pod_rank6,Gappy POD (rank 6),32 cylinder pressure taps,32,n/a,False,5.0,first_harmonic_v1,v,amplitude_ratio,far-core,1.004080404069905,dimensionless,ideal 1,raw_metric,common absolute-time fit; pairwise metric is time-origin invariant,verified_in_sample,modes_experiment/gappy_pod_final/results/metrics.csv,Basis and reconstruction use the same 201 snapshots; this is an in-sample diagnostic. Noise levels use one shared-seed realisation.
GP-0117,GPOD,Gappy POD identifiability and noise,verified_in_sample_single_seed,Gappy POD,gappy_pod_rank6,Gappy POD (rank 6),32 cylinder pressure taps,32,n/a,False,5.0,first_harmonic_v1,v,correlation,far-core,0.9993722307061703,dimensionless,ideal 1,raw_metric,common absolute-time fit; pairwise metric is time-origin invariant,verified_in_sample,modes_experiment/gappy_pod_final/results/metrics.csv,Basis and reconstruction use the same 201 snapshots; this is an in-sample diagnostic. Noise levels use one shared-seed realisation.
GP-0118,GPOD,Gappy POD identifiability and noise,verified_in_sample_single_seed,Gappy POD,gappy_pod_rank6,Gappy POD (rank 6),32 cylinder pressure taps,32,n/a,False,5.0,first_harmonic_v1,v,phase_deg,far-core,0.06797943904911334,degrees,ideal phase 0 deg,raw_metric,common absolute-time fit; pairwise metric is time-origin invariant,verified_in_sample,modes_experiment/gappy_pod_final/results/metrics.csv,Basis and reconstruction use the same 201 snapshots; this is an in-sample diagnostic. Noise levels use one shared-seed realisation.
GP-0119,GPOD,Gappy POD identifiability and noise,verified_in_sample_single_seed,Gappy POD,gappy_pod_rank6,Gappy POD (rank 6),32 cylinder pressure taps,32,n/a,False,5.0,first_harmonic_v1,v,relative_L2,other,0.004043675711463018,dimensionless,CFD,raw_metric,common absolute-time fit; pairwise metric is time-origin invariant,verified_in_sample,modes_experiment/gappy_pod_final/results/metrics.csv,Basis and reconstruction use the same 201 snapshots; this is an in-sample diagnostic. Noise levels use one shared-seed realisation.
GP-0120,GPOD,Gappy POD identifiability and noise,verified_in_sample_single_seed,Gappy POD,gappy_pod_rank6,Gappy POD (rank 6),32 cylinder pressure taps,32,n/a,False,5.0,first_harmonic_v1,v,amplitude_ratio,other,1.0028735041600845,dimensionless,ideal 1,raw_metric,common absolute-time fit; pairwise metric is time-origin invariant,verified_in_sample,modes_experiment/gappy_pod_final/results/metrics.csv,Basis and reconstruction use the same 201 snapshots; this is an in-sample diagnostic. Noise levels use one shared-seed realisation.
GP-0121,GPOD,Gappy POD identifiability and noise,verified_in_sample_single_seed,Gappy POD,gappy_pod_rank6,Gappy POD (rank 6),32 cylinder pressure taps,32,n/a,False,5.0,first_harmonic_v1,v,correlation,other,0.9999975675283724,dimensionless,ideal 1,raw_metric,common absolute-time fit; pairwise metric is time-origin invariant,verified_in_sample,modes_experiment/gappy_pod_final/results/metrics.csv,Basis and reconstruction use the same 201 snapshots; this is an in-sample diagnostic. Noise levels use one shared-seed realisation.
GP-0122,GPOD,Gappy POD identifiability and noise,verified_in_sample_single_seed,Gappy POD,gappy_pod_rank6,Gappy POD (rank 6),32 cylinder pressure taps,32,n/a,False,5.0,first_harmonic_v1,v,phase_deg,other,-0.10259241195205825,degrees,ideal phase 0 deg,raw_metric,common absolute-time fit; pairwise metric is time-origin invariant,verified_in_sample,modes_experiment/gappy_pod_final/results/metrics.csv,Basis and reconstruction use the same 201 snapshots; this is an in-sample diagnostic. Noise levels use one shared-seed realisation.
GP-0123,GPOD,Gappy POD identifiability and noise,verified_in_sample_single_seed,Gappy POD,gappy_pod_rank6,Gappy POD (rank 6),32 cylinder pressure taps,32,n/a,False,5.0,first_harmonic_v1,v,relative_L2,whole-domain,0.029972859588567175,dimensionless,CFD,raw_metric,common absolute-time fit; pairwise metric is time-origin invariant,verified_in_sample,modes_experiment/gappy_pod_final/results/metrics.csv,Basis and reconstruction use the same 201 snapshots; this is an in-sample diagnostic. Noise levels use one shared-seed realisation.
GP-0124,GPOD,Gappy POD identifiability and noise,verified_in_sample_single_seed,Gappy POD,gappy_pod_rank6,Gappy POD (rank 6),32 cylinder pressure taps,32,n/a,False,5.0,first_harmonic_v1,v,amplitude_ratio,whole-domain,1.0042413620273452,dimensionless,ideal 1,raw_metric,common absolute-time fit; pairwise metric is time-origin invariant,verified_in_sample,modes_experiment/gappy_pod_final/results/metrics.csv,Basis and reconstruction use the same 201 snapshots; this is an in-sample diagnostic. Noise levels use one shared-seed realisation.
GP-0125,GPOD,Gappy POD identifiability and noise,verified_in_sample_single_seed,Gappy POD,gappy_pod_rank6,Gappy POD (rank 6),32 cylinder pressure taps,32,n/a,False,5.0,first_harmonic_v1,v,correlation,whole-domain,0.9995626510656321,dimensionless,ideal 1,raw_metric,common absolute-time fit; pairwise metric is time-origin invariant,verified_in_sample,modes_experiment/gappy_pod_final/results/metrics.csv,Basis and reconstruction use the same 201 snapshots; this is an in-sample diagnostic. Noise levels use one shared-seed realisation.
GP-0126,GPOD,Gappy POD identifiability and noise,verified_in_sample_single_seed,Gappy POD,gappy_pod_rank6,Gappy POD (rank 6),32 cylinder pressure taps,32,n/a,False,5.0,first_harmonic_v1,v,phase_deg,whole-domain,0.0803755656971274,degrees,ideal phase 0 deg,raw_metric,common absolute-time fit; pairwise metric is time-origin invariant,verified_in_sample,modes_experiment/gappy_pod_final/results/metrics.csv,Basis and reconstruction use the same 201 snapshots; this is an in-sample diagnostic. Noise levels use one shared-seed realisation.
GP-0127,GPOD,Gappy POD identifiability and noise,verified_in_sample_single_seed,Gappy POD,gappy_pod_rank6,Gappy POD (rank 6),32 cylinder pressure taps,32,n/a,False,10.0,field,u,relative_L2,near-cylinder,0.0046706110635725395,dimensionless,CFD,raw_metric,not applicable,verified_in_sample,modes_experiment/gappy_pod_final/results/metrics.csv,Basis and reconstruction use the same 201 snapshots; this is an in-sample diagnostic. Noise levels use one shared-seed realisation.
GP-0128,GPOD,Gappy POD identifiability and noise,verified_in_sample_single_seed,Gappy POD,gappy_pod_rank6,Gappy POD (rank 6),32 cylinder pressure taps,32,n/a,False,10.0,field,v,relative_L2,near-cylinder,0.016307059372919534,dimensionless,CFD,raw_metric,not applicable,verified_in_sample,modes_experiment/gappy_pod_final/results/metrics.csv,Basis and reconstruction use the same 201 snapshots; this is an in-sample diagnostic. Noise levels use one shared-seed realisation.
GP-0129,GPOD,Gappy POD identifiability and noise,verified_in_sample_single_seed,Gappy POD,gappy_pod_rank6,Gappy POD (rank 6),32 cylinder pressure taps,32,n/a,False,10.0,field,p,relative_L2,near-cylinder,0.004857340979345335,dimensionless,CFD,raw_metric,not applicable,verified_in_sample,modes_experiment/gappy_pod_final/results/metrics.csv,Basis and reconstruction use the same 201 snapshots; this is an in-sample diagnostic. Noise levels use one shared-seed realisation.
GP-0130,GPOD,Gappy POD identifiability and noise,verified_in_sample_single_seed,Gappy POD,gappy_pod_rank6,Gappy POD (rank 6),32 cylinder pressure taps,32,n/a,False,10.0,field,u,relative_L2,near-wake,0.12067955206046038,dimensionless,CFD,raw_metric,not applicable,verified_in_sample,modes_experiment/gappy_pod_final/results/metrics.csv,Basis and reconstruction use the same 201 snapshots; this is an in-sample diagnostic. Noise levels use one shared-seed realisation.
GP-0131,GPOD,Gappy POD identifiability and noise,verified_in_sample_single_seed,Gappy POD,gappy_pod_rank6,Gappy POD (rank 6),32 cylinder pressure taps,32,n/a,False,10.0,field,v,relative_L2,near-wake,0.5255844777819877,dimensionless,CFD,raw_metric,not applicable,verified_in_sample,modes_experiment/gappy_pod_final/results/metrics.csv,Basis and reconstruction use the same 201 snapshots; this is an in-sample diagnostic. Noise levels use one shared-seed realisation.
GP-0132,GPOD,Gappy POD identifiability and noise,verified_in_sample_single_seed,Gappy POD,gappy_pod_rank6,Gappy POD (rank 6),32 cylinder pressure taps,32,n/a,False,10.0,field,p,relative_L2,near-wake,0.1322804044730797,dimensionless,CFD,raw_metric,not applicable,verified_in_sample,modes_experiment/gappy_pod_final/results/metrics.csv,Basis and reconstruction use the same 201 snapshots; this is an in-sample diagnostic. Noise levels use one shared-seed realisation.
GP-0133,GPOD,Gappy POD identifiability and noise,verified_in_sample_single_seed,Gappy POD,gappy_pod_rank6,Gappy POD (rank 6),32 cylinder pressure taps,32,n/a,False,10.0,field,u,relative_L2,far-wake,0.23214519120485808,dimensionless,CFD,raw_metric,not applicable,verified_in_sample,modes_experiment/gappy_pod_final/results/metrics.csv,Basis and reconstruction use the same 201 snapshots; this is an in-sample diagnostic. Noise levels use one shared-seed realisation.
GP-0134,GPOD,Gappy POD identifiability and noise,verified_in_sample_single_seed,Gappy POD,gappy_pod_rank6,Gappy POD (rank 6),32 cylinder pressure taps,32,n/a,False,10.0,field,v,relative_L2,far-wake,1.8138600034255061,dimensionless,CFD,raw_metric,not applicable,verified_in_sample,modes_experiment/gappy_pod_final/results/metrics.csv,Basis and reconstruction use the same 201 snapshots; this is an in-sample diagnostic. Noise levels use one shared-seed realisation.
GP-0135,GPOD,Gappy POD identifiability and noise,verified_in_sample_single_seed,Gappy POD,gappy_pod_rank6,Gappy POD (rank 6),32 cylinder pressure taps,32,n/a,False,10.0,field,p,relative_L2,far-wake,0.7800987369265829,dimensionless,CFD,raw_metric,not applicable,verified_in_sample,modes_experiment/gappy_pod_final/results/metrics.csv,Basis and reconstruction use the same 201 snapshots; this is an in-sample diagnostic. Noise levels use one shared-seed realisation.
GP-0136,GPOD,Gappy POD identifiability and noise,verified_in_sample_single_seed,Gappy POD,gappy_pod_rank6,Gappy POD (rank 6),32 cylinder pressure taps,32,n/a,False,10.0,field,u,relative_L2,far-core,0.2786105090662828,dimensionless,CFD,raw_metric,not applicable,verified_in_sample,modes_experiment/gappy_pod_final/results/metrics.csv,Basis and reconstruction use the same 201 snapshots; this is an in-sample diagnostic. Noise levels use one shared-seed realisation.
GP-0137,GPOD,Gappy POD identifiability and noise,verified_in_sample_single_seed,Gappy POD,gappy_pod_rank6,Gappy POD (rank 6),32 cylinder pressure taps,32,n/a,False,10.0,field,v,relative_L2,far-core,1.8232706530594782,dimensionless,CFD,raw_metric,not applicable,verified_in_sample,modes_experiment/gappy_pod_final/results/metrics.csv,Basis and reconstruction use the same 201 snapshots; this is an in-sample diagnostic. Noise levels use one shared-seed realisation.
GP-0138,GPOD,Gappy POD identifiability and noise,verified_in_sample_single_seed,Gappy POD,gappy_pod_rank6,Gappy POD (rank 6),32 cylinder pressure taps,32,n/a,False,10.0,field,p,relative_L2,far-core,0.782755887549352,dimensionless,CFD,raw_metric,not applicable,verified_in_sample,modes_experiment/gappy_pod_final/results/metrics.csv,Basis and reconstruction use the same 201 snapshots; this is an in-sample diagnostic. Noise levels use one shared-seed realisation.
GP-0139,GPOD,Gappy POD identifiability and noise,verified_in_sample_single_seed,Gappy POD,gappy_pod_rank6,Gappy POD (rank 6),32 cylinder pressure taps,32,n/a,False,10.0,field,u,relative_L2,other,0.0008169409652854525,dimensionless,CFD,raw_metric,not applicable,verified_in_sample,modes_experiment/gappy_pod_final/results/metrics.csv,Basis and reconstruction use the same 201 snapshots; this is an in-sample diagnostic. Noise levels use one shared-seed realisation.
GP-0140,GPOD,Gappy POD identifiability and noise,verified_in_sample_single_seed,Gappy POD,gappy_pod_rank6,Gappy POD (rank 6),32 cylinder pressure taps,32,n/a,False,10.0,field,v,relative_L2,other,0.0030405224707164,dimensionless,CFD,raw_metric,not applicable,verified_in_sample,modes_experiment/gappy_pod_final/results/metrics.csv,Basis and reconstruction use the same 201 snapshots; this is an in-sample diagnostic. Noise levels use one shared-seed realisation.
GP-0141,GPOD,Gappy POD identifiability and noise,verified_in_sample_single_seed,Gappy POD,gappy_pod_rank6,Gappy POD (rank 6),32 cylinder pressure taps,32,n/a,False,10.0,field,p,relative_L2,other,0.0025273214314280633,dimensionless,CFD,raw_metric,not applicable,verified_in_sample,modes_experiment/gappy_pod_final/results/metrics.csv,Basis and reconstruction use the same 201 snapshots; this is an in-sample diagnostic. Noise levels use one shared-seed realisation.
GP-0142,GPOD,Gappy POD identifiability and noise,verified_in_sample_single_seed,Gappy POD,gappy_pod_rank6,Gappy POD (rank 6),32 cylinder pressure taps,32,n/a,False,10.0,field,u,relative_L2,whole-domain,0.16134848548475497,dimensionless,CFD,raw_metric,not applicable,verified_in_sample,modes_experiment/gappy_pod_final/results/metrics.csv,Basis and reconstruction use the same 201 snapshots; this is an in-sample diagnostic. Noise levels use one shared-seed realisation.
GP-0143,GPOD,Gappy POD identifiability and noise,verified_in_sample_single_seed,Gappy POD,gappy_pod_rank6,Gappy POD (rank 6),32 cylinder pressure taps,32,n/a,False,10.0,field,v,relative_L2,whole-domain,1.1686176338394092,dimensionless,CFD,raw_metric,not applicable,verified_in_sample,modes_experiment/gappy_pod_final/results/metrics.csv,Basis and reconstruction use the same 201 snapshots; this is an in-sample diagnostic. Noise levels use one shared-seed realisation.
GP-0144,GPOD,Gappy POD identifiability and noise,verified_in_sample_single_seed,Gappy POD,gappy_pod_rank6,Gappy POD (rank 6),32 cylinder pressure taps,32,n/a,False,10.0,field,p,relative_L2,whole-domain,0.1677522263049106,dimensionless,CFD,raw_metric,not applicable,verified_in_sample,modes_experiment/gappy_pod_final/results/metrics.csv,Basis and reconstruction use the same 201 snapshots; this is an in-sample diagnostic. Noise levels use one shared-seed realisation.
GP-0145,GPOD,Gappy POD identifiability and noise,verified_in_sample_single_seed,Gappy POD,gappy_pod_rank6,Gappy POD (rank 6),32 cylinder pressure taps,32,n/a,False,10.0,first_harmonic_v1,v,relative_L2,near-cylinder,0.009372864235589126,dimensionless,CFD,raw_metric,common absolute-time fit; pairwise metric is time-origin invariant,verified_in_sample,modes_experiment/gappy_pod_final/results/metrics.csv,Basis and reconstruction use the same 201 snapshots; this is an in-sample diagnostic. Noise levels use one shared-seed realisation.
GP-0146,GPOD,Gappy POD identifiability and noise,verified_in_sample_single_seed,Gappy POD,gappy_pod_rank6,Gappy POD (rank 6),32 cylinder pressure taps,32,n/a,False,10.0,first_harmonic_v1,v,amplitude_ratio,near-cylinder,1.0058689708257773,dimensionless,ideal 1,raw_metric,common absolute-time fit; pairwise metric is time-origin invariant,verified_in_sample,modes_experiment/gappy_pod_final/results/metrics.csv,Basis and reconstruction use the same 201 snapshots; this is an in-sample diagnostic. Noise levels use one shared-seed realisation.
GP-0147,GPOD,Gappy POD identifiability and noise,verified_in_sample_single_seed,Gappy POD,gappy_pod_rank6,Gappy POD (rank 6),32 cylinder pressure taps,32,n/a,False,10.0,first_harmonic_v1,v,correlation,near-cylinder,0.9999915535786567,dimensionless,ideal 1,raw_metric,common absolute-time fit; pairwise metric is time-origin invariant,verified_in_sample,modes_experiment/gappy_pod_final/results/metrics.csv,Basis and reconstruction use the same 201 snapshots; this is an in-sample diagnostic. Noise levels use one shared-seed realisation.
GP-0148,GPOD,Gappy POD identifiability and noise,verified_in_sample_single_seed,Gappy POD,gappy_pod_rank6,Gappy POD (rank 6),32 cylinder pressure taps,32,n/a,False,10.0,first_harmonic_v1,v,phase_deg,near-cylinder,-0.3447365197111041,degrees,ideal phase 0 deg,raw_metric,common absolute-time fit; pairwise metric is time-origin invariant,verified_in_sample,modes_experiment/gappy_pod_final/results/metrics.csv,Basis and reconstruction use the same 201 snapshots; this is an in-sample diagnostic. Noise levels use one shared-seed realisation.
GP-0149,GPOD,Gappy POD identifiability and noise,verified_in_sample_single_seed,Gappy POD,gappy_pod_rank6,Gappy POD (rank 6),32 cylinder pressure taps,32,n/a,False,10.0,first_harmonic_v1,v,relative_L2,near-wake,0.023814796218207847,dimensionless,CFD,raw_metric,common absolute-time fit; pairwise metric is time-origin invariant,verified_in_sample,modes_experiment/gappy_pod_final/results/metrics.csv,Basis and reconstruction use the same 201 snapshots; this is an in-sample diagnostic. Noise levels use one shared-seed realisation.
GP-0150,GPOD,Gappy POD identifiability and noise,verified_in_sample_single_seed,Gappy POD,gappy_pod_rank6,Gappy POD (rank 6),32 cylinder pressure taps,32,n/a,False,10.0,first_harmonic_v1,v,amplitude_ratio,near-wake,1.0093327590887435,dimensionless,ideal 1,raw_metric,common absolute-time fit; pairwise metric is time-origin invariant,verified_in_sample,modes_experiment/gappy_pod_final/results/metrics.csv,Basis and reconstruction use the same 201 snapshots; this is an in-sample diagnostic. Noise levels use one shared-seed realisation.
GP-0151,GPOD,Gappy POD identifiability and noise,verified_in_sample_single_seed,Gappy POD,gappy_pod_rank6,Gappy POD (rank 6),32 cylinder pressure taps,32,n/a,False,10.0,first_harmonic_v1,v,correlation,near-wake,0.9997704365162482,dimensionless,ideal 1,raw_metric,common absolute-time fit; pairwise metric is time-origin invariant,verified_in_sample,modes_experiment/gappy_pod_final/results/metrics.csv,Basis and reconstruction use the same 201 snapshots; this is an in-sample diagnostic. Noise levels use one shared-seed realisation.
GP-0152,GPOD,Gappy POD identifiability and noise,verified_in_sample_single_seed,Gappy POD,gappy_pod_rank6,Gappy POD (rank 6),32 cylinder pressure taps,32,n/a,False,10.0,first_harmonic_v1,v,phase_deg,near-wake,0.2326113726694596,degrees,ideal phase 0 deg,raw_metric,common absolute-time fit; pairwise metric is time-origin invariant,verified_in_sample,modes_experiment/gappy_pod_final/results/metrics.csv,Basis and reconstruction use the same 201 snapshots; this is an in-sample diagnostic. Noise levels use one shared-seed realisation.
GP-0153,GPOD,Gappy POD identifiability and noise,verified_in_sample_single_seed,Gappy POD,gappy_pod_rank6,Gappy POD (rank 6),32 cylinder pressure taps,32,n/a,False,10.0,first_harmonic_v1,v,relative_L2,far-wake,0.0711825134622147,dimensionless,CFD,raw_metric,common absolute-time fit; pairwise metric is time-origin invariant,verified_in_sample,modes_experiment/gappy_pod_final/results/metrics.csv,Basis and reconstruction use the same 201 snapshots; this is an in-sample diagnostic. Noise levels use one shared-seed realisation.
GP-0154,GPOD,Gappy POD identifiability and noise,verified_in_sample_single_seed,Gappy POD,gappy_pod_rank6,Gappy POD (rank 6),32 cylinder pressure taps,32,n/a,False,10.0,first_harmonic_v1,v,amplitude_ratio,far-wake,1.0094262625792738,dimensionless,ideal 1,raw_metric,common absolute-time fit; pairwise metric is time-origin invariant,verified_in_sample,modes_experiment/gappy_pod_final/results/metrics.csv,Basis and reconstruction use the same 201 snapshots; this is an in-sample diagnostic. Noise levels use one shared-seed realisation.
GP-0155,GPOD,Gappy POD identifiability and noise,verified_in_sample_single_seed,Gappy POD,gappy_pod_rank6,Gappy POD (rank 6),32 cylinder pressure taps,32,n/a,False,10.0,first_harmonic_v1,v,correlation,far-wake,0.9975369663085097,dimensionless,ideal 1,raw_metric,common absolute-time fit; pairwise metric is time-origin invariant,verified_in_sample,modes_experiment/gappy_pod_final/results/metrics.csv,Basis and reconstruction use the same 201 snapshots; this is an in-sample diagnostic. Noise levels use one shared-seed realisation.
GP-0156,GPOD,Gappy POD identifiability and noise,verified_in_sample_single_seed,Gappy POD,gappy_pod_rank6,Gappy POD (rank 6),32 cylinder pressure taps,32,n/a,False,10.0,first_harmonic_v1,v,phase_deg,far-wake,0.13504624497926454,degrees,ideal phase 0 deg,raw_metric,common absolute-time fit; pairwise metric is time-origin invariant,verified_in_sample,modes_experiment/gappy_pod_final/results/metrics.csv,Basis and reconstruction use the same 201 snapshots; this is an in-sample diagnostic. Noise levels use one shared-seed realisation.
GP-0157,GPOD,Gappy POD identifiability and noise,verified_in_sample_single_seed,Gappy POD,gappy_pod_rank6,Gappy POD (rank 6),32 cylinder pressure taps,32,n/a,False,10.0,first_harmonic_v1,v,relative_L2,far-core,0.07151594132137915,dimensionless,CFD,raw_metric,common absolute-time fit; pairwise metric is time-origin invariant,verified_in_sample,modes_experiment/gappy_pod_final/results/metrics.csv,Basis and reconstruction use the same 201 snapshots; this is an in-sample diagnostic. Noise levels use one shared-seed realisation.
GP-0158,GPOD,Gappy POD identifiability and noise,verified_in_sample_single_seed,Gappy POD,gappy_pod_rank6,Gappy POD (rank 6),32 cylinder pressure taps,32,n/a,False,10.0,first_harmonic_v1,v,amplitude_ratio,far-core,1.0094112982676136,dimensionless,ideal 1,raw_metric,common absolute-time fit; pairwise metric is time-origin invariant,verified_in_sample,modes_experiment/gappy_pod_final/results/metrics.csv,Basis and reconstruction use the same 201 snapshots; this is an in-sample diagnostic. Noise levels use one shared-seed realisation.
GP-0159,GPOD,Gappy POD identifiability and noise,verified_in_sample_single_seed,Gappy POD,gappy_pod_rank6,Gappy POD (rank 6),32 cylinder pressure taps,32,n/a,False,10.0,first_harmonic_v1,v,correlation,far-core,0.9975132407129013,dimensionless,ideal 1,raw_metric,common absolute-time fit; pairwise metric is time-origin invariant,verified_in_sample,modes_experiment/gappy_pod_final/results/metrics.csv,Basis and reconstruction use the same 201 snapshots; this is an in-sample diagnostic. Noise levels use one shared-seed realisation.
GP-0160,GPOD,Gappy POD identifiability and noise,verified_in_sample_single_seed,Gappy POD,gappy_pod_rank6,Gappy POD (rank 6),32 cylinder pressure taps,32,n/a,False,10.0,first_harmonic_v1,v,phase_deg,far-core,0.13550048935053263,degrees,ideal phase 0 deg,raw_metric,common absolute-time fit; pairwise metric is time-origin invariant,verified_in_sample,modes_experiment/gappy_pod_final/results/metrics.csv,Basis and reconstruction use the same 201 snapshots; this is an in-sample diagnostic. Noise levels use one shared-seed realisation.
GP-0161,GPOD,Gappy POD identifiability and noise,verified_in_sample_single_seed,Gappy POD,gappy_pod_rank6,Gappy POD (rank 6),32 cylinder pressure taps,32,n/a,False,10.0,first_harmonic_v1,v,relative_L2,other,0.008087176818442388,dimensionless,CFD,raw_metric,common absolute-time fit; pairwise metric is time-origin invariant,verified_in_sample,modes_experiment/gappy_pod_final/results/metrics.csv,Basis and reconstruction use the same 201 snapshots; this is an in-sample diagnostic. Noise levels use one shared-seed realisation.
GP-0162,GPOD,Gappy POD identifiability and noise,verified_in_sample_single_seed,Gappy POD,gappy_pod_rank6,Gappy POD (rank 6),32 cylinder pressure taps,32,n/a,False,10.0,first_harmonic_v1,v,amplitude_ratio,other,1.0057549285761829,dimensionless,ideal 1,raw_metric,common absolute-time fit; pairwise metric is time-origin invariant,verified_in_sample,modes_experiment/gappy_pod_final/results/metrics.csv,Basis and reconstruction use the same 201 snapshots; this is an in-sample diagnostic. Noise levels use one shared-seed realisation.
GP-0163,GPOD,Gappy POD identifiability and noise,verified_in_sample_single_seed,Gappy POD,gappy_pod_rank6,Gappy POD (rank 6),32 cylinder pressure taps,32,n/a,False,10.0,first_harmonic_v1,v,correlation,other,0.9999903261729514,dimensionless,ideal 1,raw_metric,common absolute-time fit; pairwise metric is time-origin invariant,verified_in_sample,modes_experiment/gappy_pod_final/results/metrics.csv,Basis and reconstruction use the same 201 snapshots; this is an in-sample diagnostic. Noise levels use one shared-seed realisation.
GP-0164,GPOD,Gappy POD identifiability and noise,verified_in_sample_single_seed,Gappy POD,gappy_pod_rank6,Gappy POD (rank 6),32 cylinder pressure taps,32,n/a,False,10.0,first_harmonic_v1,v,phase_deg,other,-0.20459475038601585,degrees,ideal phase 0 deg,raw_metric,common absolute-time fit; pairwise metric is time-origin invariant,verified_in_sample,modes_experiment/gappy_pod_final/results/metrics.csv,Basis and reconstruction use the same 201 snapshots; this is an in-sample diagnostic. Noise levels use one shared-seed realisation.
GP-0165,GPOD,Gappy POD identifiability and noise,verified_in_sample_single_seed,Gappy POD,gappy_pod_rank6,Gappy POD (rank 6),32 cylinder pressure taps,32,n/a,False,10.0,first_harmonic_v1,v,relative_L2,whole-domain,0.05994358366514486,dimensionless,CFD,raw_metric,common absolute-time fit; pairwise metric is time-origin invariant,verified_in_sample,modes_experiment/gappy_pod_final/results/metrics.csv,Basis and reconstruction use the same 201 snapshots; this is an in-sample diagnostic. Noise levels use one shared-seed realisation.
GP-0166,GPOD,Gappy POD identifiability and noise,verified_in_sample_single_seed,Gappy POD,gappy_pod_rank6,Gappy POD (rank 6),32 cylinder pressure taps,32,n/a,False,10.0,first_harmonic_v1,v,amplitude_ratio,whole-domain,1.0093548966843782,dimensionless,ideal 1,raw_metric,common absolute-time fit; pairwise metric is time-origin invariant,verified_in_sample,modes_experiment/gappy_pod_final/results/metrics.csv,Basis and reconstruction use the same 201 snapshots; this is an in-sample diagnostic. Noise levels use one shared-seed realisation.
GP-0167,GPOD,Gappy POD identifiability and noise,verified_in_sample_single_seed,Gappy POD,gappy_pod_rank6,Gappy POD (rank 6),32 cylinder pressure taps,32,n/a,False,10.0,first_harmonic_v1,v,correlation,whole-domain,0.9982672858643471,dimensionless,ideal 1,raw_metric,common absolute-time fit; pairwise metric is time-origin invariant,verified_in_sample,modes_experiment/gappy_pod_final/results/metrics.csv,Basis and reconstruction use the same 201 snapshots; this is an in-sample diagnostic. Noise levels use one shared-seed realisation.
GP-0168,GPOD,Gappy POD identifiability and noise,verified_in_sample_single_seed,Gappy POD,gappy_pod_rank6,Gappy POD (rank 6),32 cylinder pressure taps,32,n/a,False,10.0,first_harmonic_v1,v,phase_deg,whole-domain,0.16014880353860916,degrees,ideal phase 0 deg,raw_metric,common absolute-time fit; pairwise metric is time-origin invariant,verified_in_sample,modes_experiment/gappy_pod_final/results/metrics.csv,Basis and reconstruction use the same 201 snapshots; this is an in-sample diagnostic. Noise levels use one shared-seed realisation.
GP-0169,GPOD,Gappy POD identifiability and noise,verified_in_sample_single_seed,Gappy POD,pod_projection,Rank-6 POD projection ceiling,exact coefficients (projection ceiling),,n/a,False,projection ceiling,pod_projection_field,u,relative_L2,near-cylinder,4.250014118625951e-05,dimensionless,CFD,projection_ceiling,not applicable,verified_in_sample,modes_experiment/gappy_pod_final/results/metrics.csv,Basis and reconstruction use the same 201 snapshots; this is an in-sample diagnostic. Noise levels use one shared-seed realisation.
GP-0170,GPOD,Gappy POD identifiability and noise,verified_in_sample_single_seed,Gappy POD,pod_projection,Rank-6 POD projection ceiling,exact coefficients (projection ceiling),,n/a,False,projection ceiling,pod_projection_field,v,relative_L2,near-cylinder,0.00010320176591458016,dimensionless,CFD,projection_ceiling,not applicable,verified_in_sample,modes_experiment/gappy_pod_final/results/metrics.csv,Basis and reconstruction use the same 201 snapshots; this is an in-sample diagnostic. Noise levels use one shared-seed realisation.
GP-0171,GPOD,Gappy POD identifiability and noise,verified_in_sample_single_seed,Gappy POD,pod_projection,Rank-6 POD projection ceiling,exact coefficients (projection ceiling),,n/a,False,projection ceiling,pod_projection_field,p,relative_L2,near-cylinder,7.816103639069395e-05,dimensionless,CFD,projection_ceiling,not applicable,verified_in_sample,modes_experiment/gappy_pod_final/results/metrics.csv,Basis and reconstruction use the same 201 snapshots; this is an in-sample diagnostic. Noise levels use one shared-seed realisation.
GP-0172,GPOD,Gappy POD identifiability and noise,verified_in_sample_single_seed,Gappy POD,pod_projection,Rank-6 POD projection ceiling,exact coefficients (projection ceiling),,n/a,False,projection ceiling,pod_projection_field,u,relative_L2,near-wake,0.004417604921299426,dimensionless,CFD,projection_ceiling,not applicable,verified_in_sample,modes_experiment/gappy_pod_final/results/metrics.csv,Basis and reconstruction use the same 201 snapshots; this is an in-sample diagnostic. Noise levels use one shared-seed realisation.
GP-0173,GPOD,Gappy POD identifiability and noise,verified_in_sample_single_seed,Gappy POD,pod_projection,Rank-6 POD projection ceiling,exact coefficients (projection ceiling),,n/a,False,projection ceiling,pod_projection_field,v,relative_L2,near-wake,0.018039759820491243,dimensionless,CFD,projection_ceiling,not applicable,verified_in_sample,modes_experiment/gappy_pod_final/results/metrics.csv,Basis and reconstruction use the same 201 snapshots; this is an in-sample diagnostic. Noise levels use one shared-seed realisation.
GP-0174,GPOD,Gappy POD identifiability and noise,verified_in_sample_single_seed,Gappy POD,pod_projection,Rank-6 POD projection ceiling,exact coefficients (projection ceiling),,n/a,False,projection ceiling,pod_projection_field,p,relative_L2,near-wake,0.003105521850640693,dimensionless,CFD,projection_ceiling,not applicable,verified_in_sample,modes_experiment/gappy_pod_final/results/metrics.csv,Basis and reconstruction use the same 201 snapshots; this is an in-sample diagnostic. Noise levels use one shared-seed realisation.
GP-0175,GPOD,Gappy POD identifiability and noise,verified_in_sample_single_seed,Gappy POD,pod_projection,Rank-6 POD projection ceiling,exact coefficients (projection ceiling),,n/a,False,projection ceiling,pod_projection_field,u,relative_L2,far-wake,0.00755709844144846,dimensionless,CFD,projection_ceiling,not applicable,verified_in_sample,modes_experiment/gappy_pod_final/results/metrics.csv,Basis and reconstruction use the same 201 snapshots; this is an in-sample diagnostic. Noise levels use one shared-seed realisation.
GP-0176,GPOD,Gappy POD identifiability and noise,verified_in_sample_single_seed,Gappy POD,pod_projection,Rank-6 POD projection ceiling,exact coefficients (projection ceiling),,n/a,False,projection ceiling,pod_projection_field,v,relative_L2,far-wake,0.04755120858031659,dimensionless,CFD,projection_ceiling,not applicable,verified_in_sample,modes_experiment/gappy_pod_final/results/metrics.csv,Basis and reconstruction use the same 201 snapshots; this is an in-sample diagnostic. Noise levels use one shared-seed realisation.
GP-0177,GPOD,Gappy POD identifiability and noise,verified_in_sample_single_seed,Gappy POD,pod_projection,Rank-6 POD projection ceiling,exact coefficients (projection ceiling),,n/a,False,projection ceiling,pod_projection_field,p,relative_L2,far-wake,0.02990815586833382,dimensionless,CFD,projection_ceiling,not applicable,verified_in_sample,modes_experiment/gappy_pod_final/results/metrics.csv,Basis and reconstruction use the same 201 snapshots; this is an in-sample diagnostic. Noise levels use one shared-seed realisation.
GP-0178,GPOD,Gappy POD identifiability and noise,verified_in_sample_single_seed,Gappy POD,pod_projection,Rank-6 POD projection ceiling,exact coefficients (projection ceiling),,n/a,False,projection ceiling,pod_projection_field,u,relative_L2,far-core,0.009074723406136796,dimensionless,CFD,projection_ceiling,not applicable,verified_in_sample,modes_experiment/gappy_pod_final/results/metrics.csv,Basis and reconstruction use the same 201 snapshots; this is an in-sample diagnostic. Noise levels use one shared-seed realisation.
GP-0179,GPOD,Gappy POD identifiability and noise,verified_in_sample_single_seed,Gappy POD,pod_projection,Rank-6 POD projection ceiling,exact coefficients (projection ceiling),,n/a,False,projection ceiling,pod_projection_field,v,relative_L2,far-core,0.047789729648096586,dimensionless,CFD,projection_ceiling,not applicable,verified_in_sample,modes_experiment/gappy_pod_final/results/metrics.csv,Basis and reconstruction use the same 201 snapshots; this is an in-sample diagnostic. Noise levels use one shared-seed realisation.
GP-0180,GPOD,Gappy POD identifiability and noise,verified_in_sample_single_seed,Gappy POD,pod_projection,Rank-6 POD projection ceiling,exact coefficients (projection ceiling),,n/a,False,projection ceiling,pod_projection_field,p,relative_L2,far-core,0.03001608107530103,dimensionless,CFD,projection_ceiling,not applicable,verified_in_sample,modes_experiment/gappy_pod_final/results/metrics.csv,Basis and reconstruction use the same 201 snapshots; this is an in-sample diagnostic. Noise levels use one shared-seed realisation.
GP-0181,GPOD,Gappy POD identifiability and noise,verified_in_sample_single_seed,Gappy POD,pod_projection,Rank-6 POD projection ceiling,exact coefficients (projection ceiling),,n/a,False,projection ceiling,pod_projection_field,u,relative_L2,other,3.0726222279987627e-06,dimensionless,CFD,projection_ceiling,not applicable,verified_in_sample,modes_experiment/gappy_pod_final/results/metrics.csv,Basis and reconstruction use the same 201 snapshots; this is an in-sample diagnostic. Noise levels use one shared-seed realisation.
GP-0182,GPOD,Gappy POD identifiability and noise,verified_in_sample_single_seed,Gappy POD,pod_projection,Rank-6 POD projection ceiling,exact coefficients (projection ceiling),,n/a,False,projection ceiling,pod_projection_field,v,relative_L2,other,9.790014165445795e-06,dimensionless,CFD,projection_ceiling,not applicable,verified_in_sample,modes_experiment/gappy_pod_final/results/metrics.csv,Basis and reconstruction use the same 201 snapshots; this is an in-sample diagnostic. Noise levels use one shared-seed realisation.
GP-0183,GPOD,Gappy POD identifiability and noise,verified_in_sample_single_seed,Gappy POD,pod_projection,Rank-6 POD projection ceiling,exact coefficients (projection ceiling),,n/a,False,projection ceiling,pod_projection_field,p,relative_L2,other,4.493602526798731e-05,dimensionless,CFD,projection_ceiling,not applicable,verified_in_sample,modes_experiment/gappy_pod_final/results/metrics.csv,Basis and reconstruction use the same 201 snapshots; this is an in-sample diagnostic. Noise levels use one shared-seed realisation.
GP-0184,GPOD,Gappy POD identifiability and noise,verified_in_sample_single_seed,Gappy POD,pod_projection,Rank-6 POD projection ceiling,exact coefficients (projection ceiling),,n/a,False,projection ceiling,pod_projection_field,u,relative_L2,whole-domain,0.0053950799407052365,dimensionless,CFD,projection_ceiling,not applicable,verified_in_sample,modes_experiment/gappy_pod_final/results/metrics.csv,Basis and reconstruction use the same 201 snapshots; this is an in-sample diagnostic. Noise levels use one shared-seed realisation.
GP-0185,GPOD,Gappy POD identifiability and noise,verified_in_sample_single_seed,Gappy POD,pod_projection,Rank-6 POD projection ceiling,exact coefficients (projection ceiling),,n/a,False,projection ceiling,pod_projection_field,v,relative_L2,whole-domain,0.031105343808326635,dimensionless,CFD,projection_ceiling,not applicable,verified_in_sample,modes_experiment/gappy_pod_final/results/metrics.csv,Basis and reconstruction use the same 201 snapshots; this is an in-sample diagnostic. Noise levels use one shared-seed realisation.
GP-0186,GPOD,Gappy POD identifiability and noise,verified_in_sample_single_seed,Gappy POD,pod_projection,Rank-6 POD projection ceiling,exact coefficients (projection ceiling),,n/a,False,projection ceiling,pod_projection_field,p,relative_L2,whole-domain,0.006070295402598929,dimensionless,CFD,projection_ceiling,not applicable,verified_in_sample,modes_experiment/gappy_pod_final/results/metrics.csv,Basis and reconstruction use the same 201 snapshots; this is an in-sample diagnostic. Noise levels use one shared-seed realisation.
GP-0187,GPOD,Gappy POD identifiability and noise,verified_in_sample_single_seed,Gappy POD,pod_projection,Rank-6 POD projection ceiling,exact coefficients (projection ceiling),,n/a,False,projection ceiling,pod_projection_first_harmonic_v1,v,relative_L2,near-cylinder,3.610003803838315e-07,dimensionless,CFD,projection_ceiling,common absolute-time fit; pairwise metric is time-origin invariant,verified_in_sample,modes_experiment/gappy_pod_final/results/metrics.csv,Basis and reconstruction use the same 201 snapshots; this is an in-sample diagnostic. Noise levels use one shared-seed realisation.
GP-0188,GPOD,Gappy POD identifiability and noise,verified_in_sample_single_seed,Gappy POD,pod_projection,Rank-6 POD projection ceiling,exact coefficients (projection ceiling),,n/a,False,projection ceiling,pod_projection_first_harmonic_v1,v,amplitude_ratio,near-cylinder,0.9999999347518801,dimensionless,ideal 1,projection_ceiling,common absolute-time fit; pairwise metric is time-origin invariant,verified_in_sample,modes_experiment/gappy_pod_final/results/metrics.csv,Basis and reconstruction use the same 201 snapshots; this is an in-sample diagnostic. Noise levels use one shared-seed realisation.
GP-0189,GPOD,Gappy POD identifiability and noise,verified_in_sample_single_seed,Gappy POD,pod_projection,Rank-6 POD projection ceiling,exact coefficients (projection ceiling),,n/a,False,projection ceiling,pod_projection_first_harmonic_v1,v,correlation,near-cylinder,0.9999999999999376,dimensionless,ideal 1,projection_ceiling,common absolute-time fit; pairwise metric is time-origin invariant,verified_in_sample,modes_experiment/gappy_pod_final/results/metrics.csv,Basis and reconstruction use the same 201 snapshots; this is an in-sample diagnostic. Noise levels use one shared-seed realisation.
GP-0190,GPOD,Gappy POD identifiability and noise,verified_in_sample_single_seed,Gappy POD,pod_projection,Rank-6 POD projection ceiling,exact coefficients (projection ceiling),,n/a,False,projection ceiling,pod_projection_first_harmonic_v1,v,phase_deg,near-cylinder,6.047771472526255e-08,degrees,ideal phase 0 deg,projection_ceiling,common absolute-time fit; pairwise metric is time-origin invariant,verified_in_sample,modes_experiment/gappy_pod_final/results/metrics.csv,Basis and reconstruction use the same 201 snapshots; this is an in-sample diagnostic. Noise levels use one shared-seed realisation.
GP-0191,GPOD,Gappy POD identifiability and noise,verified_in_sample_single_seed,Gappy POD,pod_projection,Rank-6 POD projection ceiling,exact coefficients (projection ceiling),,n/a,False,projection ceiling,pod_projection_first_harmonic_v1,v,relative_L2,near-wake,8.76015963851759e-06,dimensionless,CFD,projection_ceiling,common absolute-time fit; pairwise metric is time-origin invariant,verified_in_sample,modes_experiment/gappy_pod_final/results/metrics.csv,Basis and reconstruction use the same 201 snapshots; this is an in-sample diagnostic. Noise levels use one shared-seed realisation.
GP-0192,GPOD,Gappy POD identifiability and noise,verified_in_sample_single_seed,Gappy POD,pod_projection,Rank-6 POD projection ceiling,exact coefficients (projection ceiling),,n/a,False,projection ceiling,pod_projection_first_harmonic_v1,v,amplitude_ratio,near-wake,0.9999998339148128,dimensionless,ideal 1,projection_ceiling,common absolute-time fit; pairwise metric is time-origin invariant,verified_in_sample,modes_experiment/gappy_pod_final/results/metrics.csv,Basis and reconstruction use the same 201 snapshots; this is an in-sample diagnostic. Noise levels use one shared-seed realisation.
GP-0193,GPOD,Gappy POD identifiability and noise,verified_in_sample_single_seed,Gappy POD,pod_projection,Rank-6 POD projection ceiling,exact coefficients (projection ceiling),,n/a,False,projection ceiling,pod_projection_first_harmonic_v1,v,correlation,near-wake,0.9999999999616437,dimensionless,ideal 1,projection_ceiling,common absolute-time fit; pairwise metric is time-origin invariant,verified_in_sample,modes_experiment/gappy_pod_final/results/metrics.csv,Basis and reconstruction use the same 201 snapshots; this is an in-sample diagnostic. Noise levels use one shared-seed realisation.
GP-0194,GPOD,Gappy POD identifiability and noise,verified_in_sample_single_seed,Gappy POD,pod_projection,Rank-6 POD projection ceiling,exact coefficients (projection ceiling),,n/a,False,projection ceiling,pod_projection_first_harmonic_v1,v,phase_deg,near-wake,-1.2421496882672533e-06,degrees,ideal phase 0 deg,projection_ceiling,common absolute-time fit; pairwise metric is time-origin invariant,verified_in_sample,modes_experiment/gappy_pod_final/results/metrics.csv,Basis and reconstruction use the same 201 snapshots; this is an in-sample diagnostic. Noise levels use one shared-seed realisation.
GP-0195,GPOD,Gappy POD identifiability and noise,verified_in_sample_single_seed,Gappy POD,pod_projection,Rank-6 POD projection ceiling,exact coefficients (projection ceiling),,n/a,False,projection ceiling,pod_projection_first_harmonic_v1,v,relative_L2,far-wake,2.1412628705116977e-05,dimensionless,CFD,projection_ceiling,common absolute-time fit; pairwise metric is time-origin invariant,verified_in_sample,modes_experiment/gappy_pod_final/results/metrics.csv,Basis and reconstruction use the same 201 snapshots; this is an in-sample diagnostic. Noise levels use one shared-seed realisation.
GP-0196,GPOD,Gappy POD identifiability and noise,verified_in_sample_single_seed,Gappy POD,pod_projection,Rank-6 POD projection ceiling,exact coefficients (projection ceiling),,n/a,False,projection ceiling,pod_projection_first_harmonic_v1,v,amplitude_ratio,far-wake,1.000000169186404,dimensionless,ideal 1,projection_ceiling,common absolute-time fit; pairwise metric is time-origin invariant,verified_in_sample,modes_experiment/gappy_pod_final/results/metrics.csv,Basis and reconstruction use the same 201 snapshots; this is an in-sample diagnostic. Noise levels use one shared-seed realisation.
GP-0197,GPOD,Gappy POD identifiability and noise,verified_in_sample_single_seed,Gappy POD,pod_projection,Rank-6 POD projection ceiling,exact coefficients (projection ceiling),,n/a,False,projection ceiling,pod_projection_first_harmonic_v1,v,correlation,far-wake,0.9999999997707664,dimensionless,ideal 1,projection_ceiling,common absolute-time fit; pairwise metric is time-origin invariant,verified_in_sample,modes_experiment/gappy_pod_final/results/metrics.csv,Basis and reconstruction use the same 201 snapshots; this is an in-sample diagnostic. Noise levels use one shared-seed realisation.
GP-0198,GPOD,Gappy POD identifiability and noise,verified_in_sample_single_seed,Gappy POD,pod_projection,Rank-6 POD projection ceiling,exact coefficients (projection ceiling),,n/a,False,projection ceiling,pod_projection_first_harmonic_v1,v,phase_deg,far-wake,-4.521291229804482e-06,degrees,ideal phase 0 deg,projection_ceiling,common absolute-time fit; pairwise metric is time-origin invariant,verified_in_sample,modes_experiment/gappy_pod_final/results/metrics.csv,Basis and reconstruction use the same 201 snapshots; this is an in-sample diagnostic. Noise levels use one shared-seed realisation.
GP-0199,GPOD,Gappy POD identifiability and noise,verified_in_sample_single_seed,Gappy POD,pod_projection,Rank-6 POD projection ceiling,exact coefficients (projection ceiling),,n/a,False,projection ceiling,pod_projection_first_harmonic_v1,v,relative_L2,far-core,2.151098582352957e-05,dimensionless,CFD,projection_ceiling,common absolute-time fit; pairwise metric is time-origin invariant,verified_in_sample,modes_experiment/gappy_pod_final/results/metrics.csv,Basis and reconstruction use the same 201 snapshots; this is an in-sample diagnostic. Noise levels use one shared-seed realisation.
GP-0200,GPOD,Gappy POD identifiability and noise,verified_in_sample_single_seed,Gappy POD,pod_projection,Rank-6 POD projection ceiling,exact coefficients (projection ceiling),,n/a,False,projection ceiling,pod_projection_first_harmonic_v1,v,amplitude_ratio,far-core,1.0000001752561412,dimensionless,ideal 1,projection_ceiling,common absolute-time fit; pairwise metric is time-origin invariant,verified_in_sample,modes_experiment/gappy_pod_final/results/metrics.csv,Basis and reconstruction use the same 201 snapshots; this is an in-sample diagnostic. Noise levels use one shared-seed realisation.
GP-0201,GPOD,Gappy POD identifiability and noise,verified_in_sample_single_seed,Gappy POD,pod_projection,Rank-6 POD projection ceiling,exact coefficients (projection ceiling),,n/a,False,projection ceiling,pod_projection_first_harmonic_v1,v,correlation,far-core,0.9999999997686574,dimensionless,ideal 1,projection_ceiling,common absolute-time fit; pairwise metric is time-origin invariant,verified_in_sample,modes_experiment/gappy_pod_final/results/metrics.csv,Basis and reconstruction use the same 201 snapshots; this is an in-sample diagnostic. Noise levels use one shared-seed realisation.
GP-0202,GPOD,Gappy POD identifiability and noise,verified_in_sample_single_seed,Gappy POD,pod_projection,Rank-6 POD projection ceiling,exact coefficients (projection ceiling),,n/a,False,projection ceiling,pod_projection_first_harmonic_v1,v,phase_deg,far-core,-4.690159387567108e-06,degrees,ideal phase 0 deg,projection_ceiling,common absolute-time fit; pairwise metric is time-origin invariant,verified_in_sample,modes_experiment/gappy_pod_final/results/metrics.csv,Basis and reconstruction use the same 201 snapshots; this is an in-sample diagnostic. Noise levels use one shared-seed realisation.
GP-0203,GPOD,Gappy POD identifiability and noise,verified_in_sample_single_seed,Gappy POD,pod_projection,Rank-6 POD projection ceiling,exact coefficients (projection ceiling),,n/a,False,projection ceiling,pod_projection_first_harmonic_v1,v,relative_L2,other,1.687611019282448e-07,dimensionless,CFD,projection_ceiling,common absolute-time fit; pairwise metric is time-origin invariant,verified_in_sample,modes_experiment/gappy_pod_final/results/metrics.csv,Basis and reconstruction use the same 201 snapshots; this is an in-sample diagnostic. Noise levels use one shared-seed realisation.
GP-0204,GPOD,Gappy POD identifiability and noise,verified_in_sample_single_seed,Gappy POD,pod_projection,Rank-6 POD projection ceiling,exact coefficients (projection ceiling),,n/a,False,projection ceiling,pod_projection_first_harmonic_v1,v,amplitude_ratio,other,0.9999998887952521,dimensionless,ideal 1,projection_ceiling,common absolute-time fit; pairwise metric is time-origin invariant,verified_in_sample,modes_experiment/gappy_pod_final/results/metrics.csv,Basis and reconstruction use the same 201 snapshots; this is an in-sample diagnostic. Noise levels use one shared-seed realisation.
GP-0205,GPOD,Gappy POD identifiability and noise,verified_in_sample_single_seed,Gappy POD,pod_projection,Rank-6 POD projection ceiling,exact coefficients (projection ceiling),,n/a,False,projection ceiling,pod_projection_first_harmonic_v1,v,correlation,other,0.999999999999993,dimensionless,ideal 1,projection_ceiling,common absolute-time fit; pairwise metric is time-origin invariant,verified_in_sample,modes_experiment/gappy_pod_final/results/metrics.csv,Basis and reconstruction use the same 201 snapshots; this is an in-sample diagnostic. Noise levels use one shared-seed realisation.
GP-0206,GPOD,Gappy POD identifiability and noise,verified_in_sample_single_seed,Gappy POD,pod_projection,Rank-6 POD projection ceiling,exact coefficients (projection ceiling),,n/a,False,projection ceiling,pod_projection_first_harmonic_v1,v,phase_deg,other,1.6407826213602e-06,degrees,ideal phase 0 deg,projection_ceiling,common absolute-time fit; pairwise metric is time-origin invariant,verified_in_sample,modes_experiment/gappy_pod_final/results/metrics.csv,Basis and reconstruction use the same 201 snapshots; this is an in-sample diagnostic. Noise levels use one shared-seed realisation.
GP-0207,GPOD,Gappy POD identifiability and noise,verified_in_sample_single_seed,Gappy POD,pod_projection,Rank-6 POD projection ceiling,exact coefficients (projection ceiling),,n/a,False,projection ceiling,pod_projection_first_harmonic_v1,v,relative_L2,whole-domain,1.8249589507925027e-05,dimensionless,CFD,projection_ceiling,common absolute-time fit; pairwise metric is time-origin invariant,verified_in_sample,modes_experiment/gappy_pod_final/results/metrics.csv,Basis and reconstruction use the same 201 snapshots; this is an in-sample diagnostic. Noise levels use one shared-seed realisation.
GP-0208,GPOD,Gappy POD identifiability and noise,verified_in_sample_single_seed,Gappy POD,pod_projection,Rank-6 POD projection ceiling,exact coefficients (projection ceiling),,n/a,False,projection ceiling,pod_projection_first_harmonic_v1,v,amplitude_ratio,whole-domain,1.000000060984196,dimensionless,ideal 1,projection_ceiling,common absolute-time fit; pairwise metric is time-origin invariant,verified_in_sample,modes_experiment/gappy_pod_final/results/metrics.csv,Basis and reconstruction use the same 201 snapshots; this is an in-sample diagnostic. Noise levels use one shared-seed realisation.
GP-0209,GPOD,Gappy POD identifiability and noise,verified_in_sample_single_seed,Gappy POD,pod_projection,Rank-6 POD projection ceiling,exact coefficients (projection ceiling),,n/a,False,projection ceiling,pod_projection_first_harmonic_v1,v,correlation,whole-domain,0.9999999998334794,dimensionless,ideal 1,projection_ceiling,common absolute-time fit; pairwise metric is time-origin invariant,verified_in_sample,modes_experiment/gappy_pod_final/results/metrics.csv,Basis and reconstruction use the same 201 snapshots; this is an in-sample diagnostic. Noise levels use one shared-seed realisation.
GP-0210,GPOD,Gappy POD identifiability and noise,verified_in_sample_single_seed,Gappy POD,pod_projection,Rank-6 POD projection ceiling,exact coefficients (projection ceiling),,n/a,False,projection ceiling,pod_projection_first_harmonic_v1,v,phase_deg,whole-domain,-3.4357019566499876e-06,degrees,ideal phase 0 deg,projection_ceiling,common absolute-time fit; pairwise metric is time-origin invariant,verified_in_sample,modes_experiment/gappy_pod_final/results/metrics.csv,Basis and reconstruction use the same 201 snapshots; this is an in-sample diagnostic. Noise levels use one shared-seed realisation.
