analysis_id,arm_id,section,metric,region,value,unit,reference,value_type,source,status,notes
A04,karman_prior_only,prior_attribution,field.u.rel_L2,near-cylinder,1.9486876976018852,dimensionless,CFD,raw_metric,modes_experiment/fresh_analysis/derived/a04_prior_attribution_summary.csv,accepted,201-snapshot common-contract evaluation.
A04,karman_prior_only,prior_attribution,field.v.rel_L2,near-cylinder,1.8983457550148255,dimensionless,CFD,raw_metric,modes_experiment/fresh_analysis/derived/a04_prior_attribution_summary.csv,accepted,201-snapshot common-contract evaluation.
A04,karman_prior_only,prior_attribution,field.p.rel_L2,near-cylinder,0.7751385714345209,dimensionless,CFD,raw_metric,modes_experiment/fresh_analysis/derived/a04_prior_attribution_summary.csv,accepted,201-snapshot common-contract evaluation.
A04,karman_prior_only,prior_attribution,field.u.rel_L2,near-wake,0.48576400421773874,dimensionless,CFD,raw_metric,modes_experiment/fresh_analysis/derived/a04_prior_attribution_summary.csv,accepted,201-snapshot common-contract evaluation.
A04,karman_prior_only,prior_attribution,field.v.rel_L2,near-wake,1.0054605676179813,dimensionless,CFD,raw_metric,modes_experiment/fresh_analysis/derived/a04_prior_attribution_summary.csv,accepted,201-snapshot common-contract evaluation.
A04,karman_prior_only,prior_attribution,field.p.rel_L2,near-wake,0.907807119954012,dimensionless,CFD,raw_metric,modes_experiment/fresh_analysis/derived/a04_prior_attribution_summary.csv,accepted,201-snapshot common-contract evaluation.
A04,karman_prior_only,prior_attribution,field.u.rel_L2,far-wake,0.23653433101428006,dimensionless,CFD,raw_metric,modes_experiment/fresh_analysis/derived/a04_prior_attribution_summary.csv,accepted,201-snapshot common-contract evaluation.
A04,karman_prior_only,prior_attribution,field.v.rel_L2,far-wake,0.4317309112623096,dimensionless,CFD,raw_metric,modes_experiment/fresh_analysis/derived/a04_prior_attribution_summary.csv,accepted,201-snapshot common-contract evaluation.
A04,karman_prior_only,prior_attribution,field.p.rel_L2,far-wake,0.8957094869309332,dimensionless,CFD,raw_metric,modes_experiment/fresh_analysis/derived/a04_prior_attribution_summary.csv,accepted,201-snapshot common-contract evaluation.
A04,karman_prior_only,prior_attribution,field.u.rel_L2,far-core,0.2839371902643356,dimensionless,CFD,raw_metric,modes_experiment/fresh_analysis/derived/a04_prior_attribution_summary.csv,accepted,201-snapshot common-contract evaluation.
A04,karman_prior_only,prior_attribution,field.v.rel_L2,far-core,0.4302781144963217,dimensionless,CFD,raw_metric,modes_experiment/fresh_analysis/derived/a04_prior_attribution_summary.csv,accepted,201-snapshot common-contract evaluation.
A04,karman_prior_only,prior_attribution,field.p.rel_L2,far-core,0.8953915810318316,dimensionless,CFD,raw_metric,modes_experiment/fresh_analysis/derived/a04_prior_attribution_summary.csv,accepted,201-snapshot common-contract evaluation.
A04,karman_prior_only,prior_attribution,field.u.rel_L2,other,0.09759814325699187,dimensionless,CFD,raw_metric,modes_experiment/fresh_analysis/derived/a04_prior_attribution_summary.csv,accepted,201-snapshot common-contract evaluation.
A04,karman_prior_only,prior_attribution,field.v.rel_L2,other,0.42662660586870743,dimensionless,CFD,raw_metric,modes_experiment/fresh_analysis/derived/a04_prior_attribution_summary.csv,accepted,201-snapshot common-contract evaluation.
A04,karman_prior_only,prior_attribution,field.p.rel_L2,other,0.9726505721288202,dimensionless,CFD,raw_metric,modes_experiment/fresh_analysis/derived/a04_prior_attribution_summary.csv,accepted,201-snapshot common-contract evaluation.
A04,karman_prior_only,prior_attribution,field.u.rel_L2,whole-domain,0.6537600200997299,dimensionless,CFD,raw_metric,modes_experiment/fresh_analysis/derived/a04_prior_attribution_summary.csv,accepted,201-snapshot common-contract evaluation.
A04,karman_prior_only,prior_attribution,field.v.rel_L2,whole-domain,1.1697559567743487,dimensionless,CFD,raw_metric,modes_experiment/fresh_analysis/derived/a04_prior_attribution_summary.csv,accepted,201-snapshot common-contract evaluation.
A04,karman_prior_only,prior_attribution,field.p.rel_L2,whole-domain,0.8290652333728338,dimensionless,CFD,raw_metric,modes_experiment/fresh_analysis/derived/a04_prior_attribution_summary.csv,accepted,201-snapshot common-contract evaluation.
A04,karman_prior_only,prior_attribution,v1_mode.v.rel_L2,near-cylinder,1.3722102664173697,dimensionless,CFD,raw_metric,modes_experiment/fresh_analysis/derived/a04_prior_attribution_summary.csv,accepted,201-snapshot common-contract evaluation.
A04,karman_prior_only,prior_attribution,v1_mode.v.amp_ratio,near-cylinder,0.6730225797742619,dimensionless,CFD,raw_metric,modes_experiment/fresh_analysis/derived/a04_prior_attribution_summary.csv,accepted,201-snapshot common-contract evaluation.
A04,karman_prior_only,prior_attribution,v1_mode.v.corr,near-cylinder,0.7216854001883624,dimensionless,CFD,raw_metric,modes_experiment/fresh_analysis/derived/a04_prior_attribution_summary.csv,accepted,201-snapshot common-contract evaluation.
A04,karman_prior_only,prior_attribution,v1_mode.v.phase_deg,near-cylinder,-116.27321935736977,dimensionless,CFD,raw_metric,modes_experiment/fresh_analysis/derived/a04_prior_attribution_summary.csv,accepted,201-snapshot common-contract evaluation.
A04,karman_prior_only,prior_attribution,v1_mode.v.rel_L2,near-wake,0.695822352300673,dimensionless,CFD,raw_metric,modes_experiment/fresh_analysis/derived/a04_prior_attribution_summary.csv,accepted,201-snapshot common-contract evaluation.
A04,karman_prior_only,prior_attribution,v1_mode.v.amp_ratio,near-wake,0.9110437627211128,dimensionless,CFD,raw_metric,modes_experiment/fresh_analysis/derived/a04_prior_attribution_summary.csv,accepted,201-snapshot common-contract evaluation.
A04,karman_prior_only,prior_attribution,v1_mode.v.corr,near-wake,0.8422940500114438,dimensionless,CFD,raw_metric,modes_experiment/fresh_analysis/derived/a04_prior_attribution_summary.csv,accepted,201-snapshot common-contract evaluation.
A04,karman_prior_only,prior_attribution,v1_mode.v.phase_deg,near-wake,-28.727476457132926,dimensionless,CFD,raw_metric,modes_experiment/fresh_analysis/derived/a04_prior_attribution_summary.csv,accepted,201-snapshot common-contract evaluation.
A04,karman_prior_only,prior_attribution,v1_mode.v.rel_L2,far-wake,0.2850304431005107,dimensionless,CFD,raw_metric,modes_experiment/fresh_analysis/derived/a04_prior_attribution_summary.csv,accepted,201-snapshot common-contract evaluation.
A04,karman_prior_only,prior_attribution,v1_mode.v.amp_ratio,far-wake,0.8081713037174078,dimensionless,CFD,raw_metric,modes_experiment/fresh_analysis/derived/a04_prior_attribution_summary.csv,accepted,201-snapshot common-contract evaluation.
A04,karman_prior_only,prior_attribution,v1_mode.v.corr,far-wake,0.9767875402168485,dimensionless,CFD,raw_metric,modes_experiment/fresh_analysis/derived/a04_prior_attribution_summary.csv,accepted,201-snapshot common-contract evaluation.
A04,karman_prior_only,prior_attribution,v1_mode.v.phase_deg,far-wake,5.368264172608852,dimensionless,CFD,raw_metric,modes_experiment/fresh_analysis/derived/a04_prior_attribution_summary.csv,accepted,201-snapshot common-contract evaluation.
A04,karman_prior_only,prior_attribution,v1_mode.v.rel_L2,far-core,0.2819287316838365,dimensionless,CFD,raw_metric,modes_experiment/fresh_analysis/derived/a04_prior_attribution_summary.csv,accepted,201-snapshot common-contract evaluation.
A04,karman_prior_only,prior_attribution,v1_mode.v.amp_ratio,far-core,0.8082260117271959,dimensionless,CFD,raw_metric,modes_experiment/fresh_analysis/derived/a04_prior_attribution_summary.csv,accepted,201-snapshot common-contract evaluation.
A04,karman_prior_only,prior_attribution,v1_mode.v.corr,far-core,0.9775460502706388,dimensionless,CFD,raw_metric,modes_experiment/fresh_analysis/derived/a04_prior_attribution_summary.csv,accepted,201-snapshot common-contract evaluation.
A04,karman_prior_only,prior_attribution,v1_mode.v.phase_deg,far-core,5.162869643178225,dimensionless,CFD,raw_metric,modes_experiment/fresh_analysis/derived/a04_prior_attribution_summary.csv,accepted,201-snapshot common-contract evaluation.
A04,karman_prior_only,prior_attribution,v1_mode.v.rel_L2,other,0.8636736444196899,dimensionless,CFD,raw_metric,modes_experiment/fresh_analysis/derived/a04_prior_attribution_summary.csv,accepted,201-snapshot common-contract evaluation.
A04,karman_prior_only,prior_attribution,v1_mode.v.amp_ratio,other,0.35999023258848767,dimensionless,CFD,raw_metric,modes_experiment/fresh_analysis/derived/a04_prior_attribution_summary.csv,accepted,201-snapshot common-contract evaluation.
A04,karman_prior_only,prior_attribution,v1_mode.v.corr,other,0.5559807284041957,dimensionless,CFD,raw_metric,modes_experiment/fresh_analysis/derived/a04_prior_attribution_summary.csv,accepted,201-snapshot common-contract evaluation.
A04,karman_prior_only,prior_attribution,v1_mode.v.phase_deg,other,16.57552494628528,dimensionless,CFD,raw_metric,modes_experiment/fresh_analysis/derived/a04_prior_attribution_summary.csv,accepted,201-snapshot common-contract evaluation.
A04,karman_prior_only,prior_attribution,v1_mode.v.rel_L2,whole-domain,0.47846793335290905,dimensionless,CFD,raw_metric,modes_experiment/fresh_analysis/derived/a04_prior_attribution_summary.csv,accepted,201-snapshot common-contract evaluation.
A04,karman_prior_only,prior_attribution,v1_mode.v.amp_ratio,whole-domain,0.8404211786122601,dimensionless,CFD,raw_metric,modes_experiment/fresh_analysis/derived/a04_prior_attribution_summary.csv,accepted,201-snapshot common-contract evaluation.
A04,karman_prior_only,prior_attribution,v1_mode.v.corr,whole-domain,0.8830273766725741,dimensionless,CFD,raw_metric,modes_experiment/fresh_analysis/derived/a04_prior_attribution_summary.csv,accepted,201-snapshot common-contract evaluation.
A04,karman_prior_only,prior_attribution,v1_mode.v.phase_deg,whole-domain,-5.5082598770587605,dimensionless,CFD,raw_metric,modes_experiment/fresh_analysis/derived/a04_prior_attribution_summary.csv,accepted,201-snapshot common-contract evaluation.
A04,pressure_only_physics,prior_attribution,field.u.rel_L2,near-cylinder,0.04342290014028549,dimensionless,CFD,raw_metric,modes_experiment/fresh_analysis/derived/a04_prior_attribution_summary.csv,accepted,201-snapshot common-contract evaluation.
A04,pressure_only_physics,prior_attribution,field.v.rel_L2,near-cylinder,0.14143913984298706,dimensionless,CFD,raw_metric,modes_experiment/fresh_analysis/derived/a04_prior_attribution_summary.csv,accepted,201-snapshot common-contract evaluation.
A04,pressure_only_physics,prior_attribution,field.p.rel_L2,near-cylinder,0.01867641694843769,dimensionless,CFD,raw_metric,modes_experiment/fresh_analysis/derived/a04_prior_attribution_summary.csv,accepted,201-snapshot common-contract evaluation.
A04,pressure_only_physics,prior_attribution,field.u.rel_L2,near-wake,0.2727372944355011,dimensionless,CFD,raw_metric,modes_experiment/fresh_analysis/derived/a04_prior_attribution_summary.csv,accepted,201-snapshot common-contract evaluation.
A04,pressure_only_physics,prior_attribution,field.v.rel_L2,near-wake,1.0366290807724,dimensionless,CFD,raw_metric,modes_experiment/fresh_analysis/derived/a04_prior_attribution_summary.csv,accepted,201-snapshot common-contract evaluation.
A04,pressure_only_physics,prior_attribution,field.p.rel_L2,near-wake,0.6163440942764282,dimensionless,CFD,raw_metric,modes_experiment/fresh_analysis/derived/a04_prior_attribution_summary.csv,accepted,201-snapshot common-contract evaluation.
A04,pressure_only_physics,prior_attribution,field.u.rel_L2,far-wake,0.5002196431159973,dimensionless,CFD,raw_metric,modes_experiment/fresh_analysis/derived/a04_prior_attribution_summary.csv,accepted,201-snapshot common-contract evaluation.
A04,pressure_only_physics,prior_attribution,field.v.rel_L2,far-wake,1.0139986276626587,dimensionless,CFD,raw_metric,modes_experiment/fresh_analysis/derived/a04_prior_attribution_summary.csv,accepted,201-snapshot common-contract evaluation.
A04,pressure_only_physics,prior_attribution,field.p.rel_L2,far-wake,2.3332183361053467,dimensionless,CFD,raw_metric,modes_experiment/fresh_analysis/derived/a04_prior_attribution_summary.csv,accepted,201-snapshot common-contract evaluation.
A04,pressure_only_physics,prior_attribution,field.u.rel_L2,far-core,0.5826302766799927,dimensionless,CFD,raw_metric,modes_experiment/fresh_analysis/derived/a04_prior_attribution_summary.csv,accepted,201-snapshot common-contract evaluation.
A04,pressure_only_physics,prior_attribution,field.v.rel_L2,far-core,1.0038522481918335,dimensionless,CFD,raw_metric,modes_experiment/fresh_analysis/derived/a04_prior_attribution_summary.csv,accepted,201-snapshot common-contract evaluation.
A04,pressure_only_physics,prior_attribution,field.p.rel_L2,far-core,1.9013025760650635,dimensionless,CFD,raw_metric,modes_experiment/fresh_analysis/derived/a04_prior_attribution_summary.csv,accepted,201-snapshot common-contract evaluation.
A04,pressure_only_physics,prior_attribution,field.u.rel_L2,other,0.06775574386119843,dimensionless,CFD,raw_metric,modes_experiment/fresh_analysis/derived/a04_prior_attribution_summary.csv,accepted,201-snapshot common-contract evaluation.
A04,pressure_only_physics,prior_attribution,field.v.rel_L2,other,0.12204265594482422,dimensionless,CFD,raw_metric,modes_experiment/fresh_analysis/derived/a04_prior_attribution_summary.csv,accepted,201-snapshot common-contract evaluation.
A04,pressure_only_physics,prior_attribution,field.p.rel_L2,other,0.19711746275424957,dimensionless,CFD,raw_metric,modes_experiment/fresh_analysis/derived/a04_prior_attribution_summary.csv,accepted,201-snapshot common-contract evaluation.
A04,pressure_only_physics,prior_attribution,field.u.rel_L2,whole-domain,0.35252973437309265,dimensionless,CFD,raw_metric,modes_experiment/fresh_analysis/derived/a04_prior_attribution_summary.csv,accepted,201-snapshot common-contract evaluation.
A04,pressure_only_physics,prior_attribution,field.v.rel_L2,whole-domain,0.8035315275192261,dimensionless,CFD,raw_metric,modes_experiment/fresh_analysis/derived/a04_prior_attribution_summary.csv,accepted,201-snapshot common-contract evaluation.
A04,pressure_only_physics,prior_attribution,field.p.rel_L2,whole-domain,0.5622267723083496,dimensionless,CFD,raw_metric,modes_experiment/fresh_analysis/derived/a04_prior_attribution_summary.csv,accepted,201-snapshot common-contract evaluation.
A04,pressure_only_physics,prior_attribution,v1_mode.v.rel_L2,near-cylinder,0.9109855202529975,dimensionless,CFD,raw_metric,modes_experiment/fresh_analysis/derived/a04_prior_attribution_summary.csv,accepted,201-snapshot common-contract evaluation.
A04,pressure_only_physics,prior_attribution,v1_mode.v.amp_ratio,near-cylinder,0.2329956420896799,dimensionless,CFD,raw_metric,modes_experiment/fresh_analysis/derived/a04_prior_attribution_summary.csv,accepted,201-snapshot common-contract evaluation.
A04,pressure_only_physics,prior_attribution,v1_mode.v.corr,near-cylinder,0.5901849294755548,dimensionless,CFD,raw_metric,modes_experiment/fresh_analysis/derived/a04_prior_attribution_summary.csv,accepted,201-snapshot common-contract evaluation.
A04,pressure_only_physics,prior_attribution,v1_mode.v.phase_deg,near-cylinder,-35.322581399189,dimensionless,CFD,raw_metric,modes_experiment/fresh_analysis/derived/a04_prior_attribution_summary.csv,accepted,201-snapshot common-contract evaluation.
A04,pressure_only_physics,prior_attribution,v1_mode.v.rel_L2,near-wake,1.002758461783868,dimensionless,CFD,raw_metric,modes_experiment/fresh_analysis/derived/a04_prior_attribution_summary.csv,accepted,201-snapshot common-contract evaluation.
A04,pressure_only_physics,prior_attribution,v1_mode.v.amp_ratio,near-wake,0.05354769742155542,dimensionless,CFD,raw_metric,modes_experiment/fresh_analysis/derived/a04_prior_attribution_summary.csv,accepted,201-snapshot common-contract evaluation.
A04,pressure_only_physics,prior_attribution,v1_mode.v.corr,near-wake,0.08222242151454576,dimensionless,CFD,raw_metric,modes_experiment/fresh_analysis/derived/a04_prior_attribution_summary.csv,accepted,201-snapshot common-contract evaluation.
A04,pressure_only_physics,prior_attribution,v1_mode.v.phase_deg,near-wake,107.56324823465752,dimensionless,CFD,raw_metric,modes_experiment/fresh_analysis/derived/a04_prior_attribution_summary.csv,accepted,201-snapshot common-contract evaluation.
A04,pressure_only_physics,prior_attribution,v1_mode.v.rel_L2,far-wake,0.9975692708101322,dimensionless,CFD,raw_metric,modes_experiment/fresh_analysis/derived/a04_prior_attribution_summary.csv,accepted,201-snapshot common-contract evaluation.
A04,pressure_only_physics,prior_attribution,v1_mode.v.amp_ratio,far-wake,0.021598274531735875,dimensionless,CFD,raw_metric,modes_experiment/fresh_analysis/derived/a04_prior_attribution_summary.csv,accepted,201-snapshot common-contract evaluation.
A04,pressure_only_physics,prior_attribution,v1_mode.v.corr,far-wake,0.1416338488100317,dimensionless,CFD,raw_metric,modes_experiment/fresh_analysis/derived/a04_prior_attribution_summary.csv,accepted,201-snapshot common-contract evaluation.
A04,pressure_only_physics,prior_attribution,v1_mode.v.phase_deg,far-wake,29.554766401013815,dimensionless,CFD,raw_metric,modes_experiment/fresh_analysis/derived/a04_prior_attribution_summary.csv,accepted,201-snapshot common-contract evaluation.
A04,pressure_only_physics,prior_attribution,v1_mode.v.rel_L2,far-core,0.997442441082733,dimensionless,CFD,raw_metric,modes_experiment/fresh_analysis/derived/a04_prior_attribution_summary.csv,accepted,201-snapshot common-contract evaluation.
A04,pressure_only_physics,prior_attribution,v1_mode.v.amp_ratio,far-core,0.018948152768257277,dimensionless,CFD,raw_metric,modes_experiment/fresh_analysis/derived/a04_prior_attribution_summary.csv,accepted,201-snapshot common-contract evaluation.
A04,pressure_only_physics,prior_attribution,v1_mode.v.corr,far-core,0.16035718037970534,dimensionless,CFD,raw_metric,modes_experiment/fresh_analysis/derived/a04_prior_attribution_summary.csv,accepted,201-snapshot common-contract evaluation.
A04,pressure_only_physics,prior_attribution,v1_mode.v.phase_deg,far-core,25.877405514357914,dimensionless,CFD,raw_metric,modes_experiment/fresh_analysis/derived/a04_prior_attribution_summary.csv,accepted,201-snapshot common-contract evaluation.
A04,pressure_only_physics,prior_attribution,v1_mode.v.rel_L2,other,1.0429656925989803,dimensionless,CFD,raw_metric,modes_experiment/fresh_analysis/derived/a04_prior_attribution_summary.csv,accepted,201-snapshot common-contract evaluation.
A04,pressure_only_physics,prior_attribution,v1_mode.v.amp_ratio,other,1.214686575140202,dimensionless,CFD,raw_metric,modes_experiment/fresh_analysis/derived/a04_prior_attribution_summary.csv,accepted,201-snapshot common-contract evaluation.
A04,pressure_only_physics,prior_attribution,v1_mode.v.corr,other,0.7087490409532666,dimensionless,CFD,raw_metric,modes_experiment/fresh_analysis/derived/a04_prior_attribution_summary.csv,accepted,201-snapshot common-contract evaluation.
A04,pressure_only_physics,prior_attribution,v1_mode.v.phase_deg,other,36.298543210193266,dimensionless,CFD,raw_metric,modes_experiment/fresh_analysis/derived/a04_prior_attribution_summary.csv,accepted,201-snapshot common-contract evaluation.
A04,pressure_only_physics,prior_attribution,v1_mode.v.rel_L2,whole-domain,0.9982590529322467,dimensionless,CFD,raw_metric,modes_experiment/fresh_analysis/derived/a04_prior_attribution_summary.csv,accepted,201-snapshot common-contract evaluation.
A04,pressure_only_physics,prior_attribution,v1_mode.v.amp_ratio,whole-domain,0.047024170317109565,dimensionless,CFD,raw_metric,modes_experiment/fresh_analysis/derived/a04_prior_attribution_summary.csv,accepted,201-snapshot common-contract evaluation.
A04,pressure_only_physics,prior_attribution,v1_mode.v.corr,whole-domain,0.06884213593908428,dimensionless,CFD,raw_metric,modes_experiment/fresh_analysis/derived/a04_prior_attribution_summary.csv,accepted,201-snapshot common-contract evaluation.
A04,pressure_only_physics,prior_attribution,v1_mode.v.phase_deg,whole-domain,28.49546678561774,dimensionless,CFD,raw_metric,modes_experiment/fresh_analysis/derived/a04_prior_attribution_summary.csv,accepted,201-snapshot common-contract evaluation.
A04,pressure_only_physics_karman_prior,prior_attribution,field.u.rel_L2,near-cylinder,0.0592205636203289,dimensionless,CFD,raw_metric,modes_experiment/fresh_analysis/derived/a04_prior_attribution_summary.csv,accepted,201-snapshot common-contract evaluation.
A04,pressure_only_physics_karman_prior,prior_attribution,field.v.rel_L2,near-cylinder,0.0647122859954834,dimensionless,CFD,raw_metric,modes_experiment/fresh_analysis/derived/a04_prior_attribution_summary.csv,accepted,201-snapshot common-contract evaluation.
A04,pressure_only_physics_karman_prior,prior_attribution,field.p.rel_L2,near-cylinder,0.017133427783846855,dimensionless,CFD,raw_metric,modes_experiment/fresh_analysis/derived/a04_prior_attribution_summary.csv,accepted,201-snapshot common-contract evaluation.
A04,pressure_only_physics_karman_prior,prior_attribution,field.u.rel_L2,near-wake,0.16433614492416382,dimensionless,CFD,raw_metric,modes_experiment/fresh_analysis/derived/a04_prior_attribution_summary.csv,accepted,201-snapshot common-contract evaluation.
A04,pressure_only_physics_karman_prior,prior_attribution,field.v.rel_L2,near-wake,0.4852791726589203,dimensionless,CFD,raw_metric,modes_experiment/fresh_analysis/derived/a04_prior_attribution_summary.csv,accepted,201-snapshot common-contract evaluation.
A04,pressure_only_physics_karman_prior,prior_attribution,field.p.rel_L2,near-wake,0.3067087233066559,dimensionless,CFD,raw_metric,modes_experiment/fresh_analysis/derived/a04_prior_attribution_summary.csv,accepted,201-snapshot common-contract evaluation.
A04,pressure_only_physics_karman_prior,prior_attribution,field.u.rel_L2,far-wake,0.18780824542045593,dimensionless,CFD,raw_metric,modes_experiment/fresh_analysis/derived/a04_prior_attribution_summary.csv,accepted,201-snapshot common-contract evaluation.
A04,pressure_only_physics_karman_prior,prior_attribution,field.v.rel_L2,far-wake,0.4490889012813568,dimensionless,CFD,raw_metric,modes_experiment/fresh_analysis/derived/a04_prior_attribution_summary.csv,accepted,201-snapshot common-contract evaluation.
A04,pressure_only_physics_karman_prior,prior_attribution,field.p.rel_L2,far-wake,1.5653620958328247,dimensionless,CFD,raw_metric,modes_experiment/fresh_analysis/derived/a04_prior_attribution_summary.csv,accepted,201-snapshot common-contract evaluation.
A04,pressure_only_physics_karman_prior,prior_attribution,field.u.rel_L2,far-core,0.2100825160741806,dimensionless,CFD,raw_metric,modes_experiment/fresh_analysis/derived/a04_prior_attribution_summary.csv,accepted,201-snapshot common-contract evaluation.
A04,pressure_only_physics_karman_prior,prior_attribution,field.v.rel_L2,far-core,0.3913930058479309,dimensionless,CFD,raw_metric,modes_experiment/fresh_analysis/derived/a04_prior_attribution_summary.csv,accepted,201-snapshot common-contract evaluation.
A04,pressure_only_physics_karman_prior,prior_attribution,field.p.rel_L2,far-core,1.276977300643921,dimensionless,CFD,raw_metric,modes_experiment/fresh_analysis/derived/a04_prior_attribution_summary.csv,accepted,201-snapshot common-contract evaluation.
A04,pressure_only_physics_karman_prior,prior_attribution,field.u.rel_L2,other,0.11128376424312592,dimensionless,CFD,raw_metric,modes_experiment/fresh_analysis/derived/a04_prior_attribution_summary.csv,accepted,201-snapshot common-contract evaluation.
A04,pressure_only_physics_karman_prior,prior_attribution,field.v.rel_L2,other,0.4498370885848999,dimensionless,CFD,raw_metric,modes_experiment/fresh_analysis/derived/a04_prior_attribution_summary.csv,accepted,201-snapshot common-contract evaluation.
A04,pressure_only_physics_karman_prior,prior_attribution,field.p.rel_L2,other,0.680185079574585,dimensionless,CFD,raw_metric,modes_experiment/fresh_analysis/derived/a04_prior_attribution_summary.csv,accepted,201-snapshot common-contract evaluation.
A04,pressure_only_physics_karman_prior,prior_attribution,field.u.rel_L2,whole-domain,0.16075393557548523,dimensionless,CFD,raw_metric,modes_experiment/fresh_analysis/derived/a04_prior_attribution_summary.csv,accepted,201-snapshot common-contract evaluation.
A04,pressure_only_physics_karman_prior,prior_attribution,field.v.rel_L2,whole-domain,0.3884117901325226,dimensionless,CFD,raw_metric,modes_experiment/fresh_analysis/derived/a04_prior_attribution_summary.csv,accepted,201-snapshot common-contract evaluation.
A04,pressure_only_physics_karman_prior,prior_attribution,field.p.rel_L2,whole-domain,0.37669020891189575,dimensionless,CFD,raw_metric,modes_experiment/fresh_analysis/derived/a04_prior_attribution_summary.csv,accepted,201-snapshot common-contract evaluation.
A04,pressure_only_physics_karman_prior,prior_attribution,v1_mode.v.rel_L2,near-cylinder,0.5132904835173822,dimensionless,CFD,raw_metric,modes_experiment/fresh_analysis/derived/a04_prior_attribution_summary.csv,accepted,201-snapshot common-contract evaluation.
A04,pressure_only_physics_karman_prior,prior_attribution,v1_mode.v.amp_ratio,near-cylinder,0.8003018055450686,dimensionless,CFD,raw_metric,modes_experiment/fresh_analysis/derived/a04_prior_attribution_summary.csv,accepted,201-snapshot common-contract evaluation.
A04,pressure_only_physics_karman_prior,prior_attribution,v1_mode.v.corr,near-cylinder,0.9302835550571195,dimensionless,CFD,raw_metric,modes_experiment/fresh_analysis/derived/a04_prior_attribution_summary.csv,accepted,201-snapshot common-contract evaluation.
A04,pressure_only_physics_karman_prior,prior_attribution,v1_mode.v.phase_deg,near-cylinder,22.364354193098066,dimensionless,CFD,raw_metric,modes_experiment/fresh_analysis/derived/a04_prior_attribution_summary.csv,accepted,201-snapshot common-contract evaluation.
A04,pressure_only_physics_karman_prior,prior_attribution,v1_mode.v.rel_L2,near-wake,0.44070619498280006,dimensionless,CFD,raw_metric,modes_experiment/fresh_analysis/derived/a04_prior_attribution_summary.csv,accepted,201-snapshot common-contract evaluation.
A04,pressure_only_physics_karman_prior,prior_attribution,v1_mode.v.amp_ratio,near-wake,0.8580118281696182,dimensionless,CFD,raw_metric,modes_experiment/fresh_analysis/derived/a04_prior_attribution_summary.csv,accepted,201-snapshot common-contract evaluation.
A04,pressure_only_physics_karman_prior,prior_attribution,v1_mode.v.corr,near-wake,0.9267508026289285,dimensionless,CFD,raw_metric,modes_experiment/fresh_analysis/derived/a04_prior_attribution_summary.csv,accepted,201-snapshot common-contract evaluation.
A04,pressure_only_physics_karman_prior,prior_attribution,v1_mode.v.phase_deg,near-wake,14.166488718867445,dimensionless,CFD,raw_metric,modes_experiment/fresh_analysis/derived/a04_prior_attribution_summary.csv,accepted,201-snapshot common-contract evaluation.
A04,pressure_only_physics_karman_prior,prior_attribution,v1_mode.v.rel_L2,far-wake,0.2896911996010357,dimensionless,CFD,raw_metric,modes_experiment/fresh_analysis/derived/a04_prior_attribution_summary.csv,accepted,201-snapshot common-contract evaluation.
A04,pressure_only_physics_karman_prior,prior_attribution,v1_mode.v.amp_ratio,far-wake,0.8405636591923414,dimensionless,CFD,raw_metric,modes_experiment/fresh_analysis/derived/a04_prior_attribution_summary.csv,accepted,201-snapshot common-contract evaluation.
A04,pressure_only_physics_karman_prior,prior_attribution,v1_mode.v.corr,far-wake,0.9750197121464108,dimensionless,CFD,raw_metric,modes_experiment/fresh_analysis/derived/a04_prior_attribution_summary.csv,accepted,201-snapshot common-contract evaluation.
A04,pressure_only_physics_karman_prior,prior_attribution,v1_mode.v.phase_deg,far-wake,8.137980951574173,dimensionless,CFD,raw_metric,modes_experiment/fresh_analysis/derived/a04_prior_attribution_summary.csv,accepted,201-snapshot common-contract evaluation.
A04,pressure_only_physics_karman_prior,prior_attribution,v1_mode.v.rel_L2,far-core,0.28505577663469245,dimensionless,CFD,raw_metric,modes_experiment/fresh_analysis/derived/a04_prior_attribution_summary.csv,accepted,201-snapshot common-contract evaluation.
A04,pressure_only_physics_karman_prior,prior_attribution,v1_mode.v.amp_ratio,far-core,0.8387517940246543,dimensionless,CFD,raw_metric,modes_experiment/fresh_analysis/derived/a04_prior_attribution_summary.csv,accepted,201-snapshot common-contract evaluation.
A04,pressure_only_physics_karman_prior,prior_attribution,v1_mode.v.corr,far-core,0.9765788676166033,dimensionless,CFD,raw_metric,modes_experiment/fresh_analysis/derived/a04_prior_attribution_summary.csv,accepted,201-snapshot common-contract evaluation.
A04,pressure_only_physics_karman_prior,prior_attribution,v1_mode.v.phase_deg,far-core,8.00597546735443,dimensionless,CFD,raw_metric,modes_experiment/fresh_analysis/derived/a04_prior_attribution_summary.csv,accepted,201-snapshot common-contract evaluation.
A04,pressure_only_physics_karman_prior,prior_attribution,v1_mode.v.rel_L2,other,11.220070420706785,dimensionless,CFD,raw_metric,modes_experiment/fresh_analysis/derived/a04_prior_attribution_summary.csv,accepted,201-snapshot common-contract evaluation.
A04,pressure_only_physics_karman_prior,prior_attribution,v1_mode.v.amp_ratio,other,11.489159861210812,dimensionless,CFD,raw_metric,modes_experiment/fresh_analysis/derived/a04_prior_attribution_summary.csv,accepted,201-snapshot common-contract evaluation.
A04,pressure_only_physics_karman_prior,prior_attribution,v1_mode.v.corr,other,0.35065447214748047,dimensionless,CFD,raw_metric,modes_experiment/fresh_analysis/derived/a04_prior_attribution_summary.csv,accepted,201-snapshot common-contract evaluation.
A04,pressure_only_physics_karman_prior,prior_attribution,v1_mode.v.phase_deg,other,-28.052853985750083,dimensionless,CFD,raw_metric,modes_experiment/fresh_analysis/derived/a04_prior_attribution_summary.csv,accepted,201-snapshot common-contract evaluation.
A04,pressure_only_physics_karman_prior,prior_attribution,v1_mode.v.rel_L2,whole-domain,0.3899240721288184,dimensionless,CFD,raw_metric,modes_experiment/fresh_analysis/derived/a04_prior_attribution_summary.csv,accepted,201-snapshot common-contract evaluation.
A04,pressure_only_physics_karman_prior,prior_attribution,v1_mode.v.amp_ratio,whole-domain,0.864772839549277,dimensionless,CFD,raw_metric,modes_experiment/fresh_analysis/derived/a04_prior_attribution_summary.csv,accepted,201-snapshot common-contract evaluation.
A04,pressure_only_physics_karman_prior,prior_attribution,v1_mode.v.corr,whole-domain,0.937195309819395,dimensionless,CFD,raw_metric,modes_experiment/fresh_analysis/derived/a04_prior_attribution_summary.csv,accepted,201-snapshot common-contract evaluation.
A04,pressure_only_physics_karman_prior,prior_attribution,v1_mode.v.phase_deg,whole-domain,10.102353702792673,dimensionless,CFD,raw_metric,modes_experiment/fresh_analysis/derived/a04_prior_attribution_summary.csv,accepted,201-snapshot common-contract evaluation.
A04,pressure_only_physics_karman_prior,prior_attribution,field.u.rel_L2_reduction_pct,near-cylinder,96.9610028486,percent,karman_prior_only,derived_change,modes_experiment/fresh_analysis/derived/a04_prior_attribution_changes.csv,accepted,Positive values indicate lower relative L2 after adding the network.
A04,pressure_only_physics_karman_prior,prior_attribution,field.v.rel_L2_reduction_pct,near-cylinder,96.5911222534,percent,karman_prior_only,derived_change,modes_experiment/fresh_analysis/derived/a04_prior_attribution_changes.csv,accepted,Positive values indicate lower relative L2 after adding the network.
A04,pressure_only_physics_karman_prior,prior_attribution,field.p.rel_L2_reduction_pct,near-cylinder,97.7896303429,percent,karman_prior_only,derived_change,modes_experiment/fresh_analysis/derived/a04_prior_attribution_changes.csv,accepted,Positive values indicate lower relative L2 after adding the network.
A04,pressure_only_physics_karman_prior,prior_attribution,v1_mode.v.rel_L2_reduction_pct,near-cylinder,62.5938898666,percent,karman_prior_only,derived_change,modes_experiment/fresh_analysis/derived/a04_prior_attribution_changes.csv,accepted,First-harmonic v1 relative L2 reduction; positive is better.
A04,pressure_only_physics_karman_prior,prior_attribution,v1_mode.v.amplitude_abs_error_reduction_pct,near-cylinder,38.925998524,percent,ideal_amplitude_ratio_1,derived_change,modes_experiment/fresh_analysis/derived/a04_prior_attribution_changes.csv,accepted,Reduction in absolute distance from amplitude ratio 1.
A04,pressure_only_physics_karman_prior,prior_attribution,v1_mode.v.correlation_gain_pp,near-cylinder,20.8598154869,percentage_points,karman_prior_only,derived_change,modes_experiment/fresh_analysis/derived/a04_prior_attribution_changes.csv,accepted,Signed increase in normalized complex correlation; ideal value is 1.
A04,pressure_only_physics_karman_prior,prior_attribution,v1_mode.v.phase_abs_error_reduction_pct,near-cylinder,80.7656876478,percent,ideal_phase_0_deg,derived_change,modes_experiment/fresh_analysis/derived/a04_prior_attribution_changes.csv,accepted,Reduction in absolute phase offset from zero degrees.
A04,pressure_only_physics_karman_prior,prior_attribution,field.u.rel_L2_reduction_pct,near-wake,66.1695507495,percent,karman_prior_only,derived_change,modes_experiment/fresh_analysis/derived/a04_prior_attribution_changes.csv,accepted,Positive values indicate lower relative L2 after adding the network.
A04,pressure_only_physics_karman_prior,prior_attribution,field.v.rel_L2_reduction_pct,near-wake,51.7356335705,percent,karman_prior_only,derived_change,modes_experiment/fresh_analysis/derived/a04_prior_attribution_changes.csv,accepted,Positive values indicate lower relative L2 after adding the network.
A04,pressure_only_physics_karman_prior,prior_attribution,field.p.rel_L2_reduction_pct,near-wake,66.2143293917,percent,karman_prior_only,derived_change,modes_experiment/fresh_analysis/derived/a04_prior_attribution_changes.csv,accepted,Positive values indicate lower relative L2 after adding the network.
A04,pressure_only_physics_karman_prior,prior_attribution,v1_mode.v.rel_L2_reduction_pct,near-wake,36.6639784529,percent,karman_prior_only,derived_change,modes_experiment/fresh_analysis/derived/a04_prior_attribution_changes.csv,accepted,First-harmonic v1 relative L2 reduction; positive is better.
A04,pressure_only_physics_karman_prior,prior_attribution,v1_mode.v.amplitude_abs_error_reduction_pct,near-wake,-59.6157573361,percent,ideal_amplitude_ratio_1,derived_change,modes_experiment/fresh_analysis/derived/a04_prior_attribution_changes.csv,accepted,Reduction in absolute distance from amplitude ratio 1.
A04,pressure_only_physics_karman_prior,prior_attribution,v1_mode.v.correlation_gain_pp,near-wake,8.44567526175,percentage_points,karman_prior_only,derived_change,modes_experiment/fresh_analysis/derived/a04_prior_attribution_changes.csv,accepted,Signed increase in normalized complex correlation; ideal value is 1.
A04,pressure_only_physics_karman_prior,prior_attribution,v1_mode.v.phase_abs_error_reduction_pct,near-wake,50.6866231707,percent,ideal_phase_0_deg,derived_change,modes_experiment/fresh_analysis/derived/a04_prior_attribution_changes.csv,accepted,Reduction in absolute phase offset from zero degrees.
A04,pressure_only_physics_karman_prior,prior_attribution,field.u.rel_L2_reduction_pct,far-wake,20.6000056672,percent,karman_prior_only,derived_change,modes_experiment/fresh_analysis/derived/a04_prior_attribution_changes.csv,accepted,Positive values indicate lower relative L2 after adding the network.
A04,pressure_only_physics_karman_prior,prior_attribution,field.v.rel_L2_reduction_pct,far-wake,-4.02055761268,percent,karman_prior_only,derived_change,modes_experiment/fresh_analysis/derived/a04_prior_attribution_changes.csv,accepted,Positive values indicate lower relative L2 after adding the network.
A04,pressure_only_physics_karman_prior,prior_attribution,field.p.rel_L2_reduction_pct,far-wake,-74.7622548017,percent,karman_prior_only,derived_change,modes_experiment/fresh_analysis/derived/a04_prior_attribution_changes.csv,accepted,Positive values indicate lower relative L2 after adding the network.
A04,pressure_only_physics_karman_prior,prior_attribution,v1_mode.v.rel_L2_reduction_pct,far-wake,-1.63517849175,percent,karman_prior_only,derived_change,modes_experiment/fresh_analysis/derived/a04_prior_attribution_changes.csv,accepted,First-harmonic v1 relative L2 reduction; positive is better.
A04,pressure_only_physics_karman_prior,prior_attribution,v1_mode.v.amplitude_abs_error_reduction_pct,far-wake,16.8860843569,percent,ideal_amplitude_ratio_1,derived_change,modes_experiment/fresh_analysis/derived/a04_prior_attribution_changes.csv,accepted,Reduction in absolute distance from amplitude ratio 1.
A04,pressure_only_physics_karman_prior,prior_attribution,v1_mode.v.correlation_gain_pp,far-wake,-0.176782807044,percentage_points,karman_prior_only,derived_change,modes_experiment/fresh_analysis/derived/a04_prior_attribution_changes.csv,accepted,Signed increase in normalized complex correlation; ideal value is 1.
A04,pressure_only_physics_karman_prior,prior_attribution,v1_mode.v.phase_abs_error_reduction_pct,far-wake,-51.5942712562,percent,ideal_phase_0_deg,derived_change,modes_experiment/fresh_analysis/derived/a04_prior_attribution_changes.csv,accepted,Reduction in absolute phase offset from zero degrees.
A04,pressure_only_physics_karman_prior,prior_attribution,field.u.rel_L2_reduction_pct,far-core,26.0109195704,percent,karman_prior_only,derived_change,modes_experiment/fresh_analysis/derived/a04_prior_attribution_changes.csv,accepted,Positive values indicate lower relative L2 after adding the network.
A04,pressure_only_physics_karman_prior,prior_attribution,field.v.rel_L2_reduction_pct,far-core,9.03720345942,percent,karman_prior_only,derived_change,modes_experiment/fresh_analysis/derived/a04_prior_attribution_changes.csv,accepted,Positive values indicate lower relative L2 after adding the network.
A04,pressure_only_physics_karman_prior,prior_attribution,field.p.rel_L2_reduction_pct,far-core,-42.6166302761,percent,karman_prior_only,derived_change,modes_experiment/fresh_analysis/derived/a04_prior_attribution_changes.csv,accepted,Positive values indicate lower relative L2 after adding the network.
A04,pressure_only_physics_karman_prior,prior_attribution,v1_mode.v.rel_L2_reduction_pct,far-core,-1.10916150056,percent,karman_prior_only,derived_change,modes_experiment/fresh_analysis/derived/a04_prior_attribution_changes.csv,accepted,First-harmonic v1 relative L2 reduction; positive is better.
A04,pressure_only_physics_karman_prior,prior_attribution,v1_mode.v.amplitude_abs_error_reduction_pct,far-core,15.9175822396,percent,ideal_amplitude_ratio_1,derived_change,modes_experiment/fresh_analysis/derived/a04_prior_attribution_changes.csv,accepted,Reduction in absolute distance from amplitude ratio 1.
A04,pressure_only_physics_karman_prior,prior_attribution,v1_mode.v.correlation_gain_pp,far-core,-0.0967182654036,percentage_points,karman_prior_only,derived_change,modes_experiment/fresh_analysis/derived/a04_prior_attribution_changes.csv,accepted,Signed increase in normalized complex correlation; ideal value is 1.
A04,pressure_only_physics_karman_prior,prior_attribution,v1_mode.v.phase_abs_error_reduction_pct,far-core,-55.0683248014,percent,ideal_phase_0_deg,derived_change,modes_experiment/fresh_analysis/derived/a04_prior_attribution_changes.csv,accepted,Reduction in absolute phase offset from zero degrees.
A04,pressure_only_physics_karman_prior,prior_attribution,field.u.rel_L2_reduction_pct,other,-14.0224194123,percent,karman_prior_only,derived_change,modes_experiment/fresh_analysis/derived/a04_prior_attribution_changes.csv,accepted,Positive values indicate lower relative L2 after adding the network.
A04,pressure_only_physics_karman_prior,prior_attribution,field.v.rel_L2_reduction_pct,other,-5.4404677057,percent,karman_prior_only,derived_change,modes_experiment/fresh_analysis/derived/a04_prior_attribution_changes.csv,accepted,Positive values indicate lower relative L2 after adding the network.
A04,pressure_only_physics_karman_prior,prior_attribution,field.p.rel_L2_reduction_pct,other,30.0689169302,percent,karman_prior_only,derived_change,modes_experiment/fresh_analysis/derived/a04_prior_attribution_changes.csv,accepted,Positive values indicate lower relative L2 after adding the network.
A04,pressure_only_physics_karman_prior,prior_attribution,v1_mode.v.rel_L2_reduction_pct,other,-1199.10996974,percent,karman_prior_only,derived_change,modes_experiment/fresh_analysis/derived/a04_prior_attribution_changes.csv,accepted,First-harmonic v1 relative L2 reduction; positive is better.
A04,pressure_only_physics_karman_prior,prior_attribution,v1_mode.v.amplitude_abs_error_reduction_pct,other,-1538.90621602,percent,ideal_amplitude_ratio_1,derived_change,modes_experiment/fresh_analysis/derived/a04_prior_attribution_changes.csv,accepted,Reduction in absolute distance from amplitude ratio 1.
A04,pressure_only_physics_karman_prior,prior_attribution,v1_mode.v.correlation_gain_pp,other,-20.5326256257,percentage_points,karman_prior_only,derived_change,modes_experiment/fresh_analysis/derived/a04_prior_attribution_changes.csv,accepted,Signed increase in normalized complex correlation; ideal value is 1.
A04,pressure_only_physics_karman_prior,prior_attribution,v1_mode.v.phase_abs_error_reduction_pct,other,-69.2426277699,percent,ideal_phase_0_deg,derived_change,modes_experiment/fresh_analysis/derived/a04_prior_attribution_changes.csv,accepted,Reduction in absolute phase offset from zero degrees.
A04,pressure_only_physics_karman_prior,prior_attribution,field.u.rel_L2_reduction_pct,whole-domain,75.4108647465,percent,karman_prior_only,derived_change,modes_experiment/fresh_analysis/derived/a04_prior_attribution_changes.csv,accepted,Positive values indicate lower relative L2 after adding the network.
A04,pressure_only_physics_karman_prior,prior_attribution,field.v.rel_L2_reduction_pct,whole-domain,66.7954851708,percent,karman_prior_only,derived_change,modes_experiment/fresh_analysis/derived/a04_prior_attribution_changes.csv,accepted,Positive values indicate lower relative L2 after adding the network.
A04,pressure_only_physics_karman_prior,prior_attribution,field.p.rel_L2_reduction_pct,whole-domain,54.5644668539,percent,karman_prior_only,derived_change,modes_experiment/fresh_analysis/derived/a04_prior_attribution_changes.csv,accepted,Positive values indicate lower relative L2 after adding the network.
A04,pressure_only_physics_karman_prior,prior_attribution,v1_mode.v.rel_L2_reduction_pct,whole-domain,18.5057043643,percent,karman_prior_only,derived_change,modes_experiment/fresh_analysis/derived/a04_prior_attribution_changes.csv,accepted,First-harmonic v1 relative L2 reduction; positive is better.
A04,pressure_only_physics_karman_prior,prior_attribution,v1_mode.v.amplitude_abs_error_reduction_pct,whole-domain,15.2599578849,percent,ideal_amplitude_ratio_1,derived_change,modes_experiment/fresh_analysis/derived/a04_prior_attribution_changes.csv,accepted,Reduction in absolute distance from amplitude ratio 1.
A04,pressure_only_physics_karman_prior,prior_attribution,v1_mode.v.correlation_gain_pp,whole-domain,5.41679331468,percentage_points,karman_prior_only,derived_change,modes_experiment/fresh_analysis/derived/a04_prior_attribution_changes.csv,accepted,Signed increase in normalized complex correlation; ideal value is 1.
A04,pressure_only_physics_karman_prior,prior_attribution,v1_mode.v.phase_abs_error_reduction_pct,whole-domain,-83.403723286,percent,ideal_phase_0_deg,derived_change,modes_experiment/fresh_analysis/derived/a04_prior_attribution_changes.csv,accepted,Reduction in absolute phase offset from zero degrees.
A04,pressure_only_physics_karman_prior,prior_attribution,learned_correction_snapshot.u.rms_abs_per_node,near-cylinder,0.897572012619,field_units,hybrid_minus_karman_prior,snapshot_correction,modes_experiment/fresh_analysis/derived/a04_prior_attribution_changes.csv,accepted,"Representative snapshot index 100, t=410; not time-averaged."
A04,pressure_only_physics_karman_prior,prior_attribution,learned_correction_snapshot.u.relative_to_reference_rms,near-cylinder,1.97509705754,ratio,CFD_snapshot_rms,snapshot_correction,modes_experiment/fresh_analysis/derived/a04_prior_attribution_changes.csv,accepted,"Representative snapshot index 100, t=410; not time-averaged."
A04,pressure_only_physics_karman_prior,prior_attribution,learned_correction_snapshot.u.relative_to_prior_rms,near-cylinder,0.779410471206,ratio,Karman_prior_snapshot_rms,snapshot_correction,modes_experiment/fresh_analysis/derived/a04_prior_attribution_changes.csv,accepted,"Representative snapshot index 100, t=410; not time-averaged."
A04,pressure_only_physics_karman_prior,prior_attribution,learned_correction_snapshot.v.rms_abs_per_node,near-cylinder,0.471568989222,field_units,hybrid_minus_karman_prior,snapshot_correction,modes_experiment/fresh_analysis/derived/a04_prior_attribution_changes.csv,accepted,"Representative snapshot index 100, t=410; not time-averaged."
A04,pressure_only_physics_karman_prior,prior_attribution,learned_correction_snapshot.v.relative_to_reference_rms,near-cylinder,1.88979772064,ratio,CFD_snapshot_rms,snapshot_correction,modes_experiment/fresh_analysis/derived/a04_prior_attribution_changes.csv,accepted,"Representative snapshot index 100, t=410; not time-averaged."
A04,pressure_only_physics_karman_prior,prior_attribution,learned_correction_snapshot.v.relative_to_prior_rms,near-cylinder,0.852937654247,ratio,Karman_prior_snapshot_rms,snapshot_correction,modes_experiment/fresh_analysis/derived/a04_prior_attribution_changes.csv,accepted,"Representative snapshot index 100, t=410; not time-averaged."
A04,pressure_only_physics_karman_prior,prior_attribution,learned_correction_snapshot.p.rms_abs_per_node,near-cylinder,0.302838193286,field_units,hybrid_minus_karman_prior,snapshot_correction,modes_experiment/fresh_analysis/derived/a04_prior_attribution_changes.csv,accepted,"Representative snapshot index 100, t=410; not time-averaged."
A04,pressure_only_physics_karman_prior,prior_attribution,learned_correction_snapshot.p.relative_to_reference_rms,near-cylinder,0.773187647937,ratio,CFD_snapshot_rms,snapshot_correction,modes_experiment/fresh_analysis/derived/a04_prior_attribution_changes.csv,accepted,"Representative snapshot index 100, t=410; not time-averaged."
A04,pressure_only_physics_karman_prior,prior_attribution,learned_correction_snapshot.p.relative_to_prior_rms,near-cylinder,0.831805666666,ratio,Karman_prior_snapshot_rms,snapshot_correction,modes_experiment/fresh_analysis/derived/a04_prior_attribution_changes.csv,accepted,"Representative snapshot index 100, t=410; not time-averaged."
A04,pressure_only_physics_karman_prior,prior_attribution,learned_correction_snapshot.u.rms_abs_per_node,near-wake,0.507816863825,field_units,hybrid_minus_karman_prior,snapshot_correction,modes_experiment/fresh_analysis/derived/a04_prior_attribution_changes.csv,accepted,"Representative snapshot index 100, t=410; not time-averaged."
A04,pressure_only_physics_karman_prior,prior_attribution,learned_correction_snapshot.u.relative_to_reference_rms,near-wake,0.557712031573,ratio,CFD_snapshot_rms,snapshot_correction,modes_experiment/fresh_analysis/derived/a04_prior_attribution_changes.csv,accepted,"Representative snapshot index 100, t=410; not time-averaged."
A04,pressure_only_physics_karman_prior,prior_attribution,learned_correction_snapshot.u.relative_to_prior_rms,near-wake,0.510453827459,ratio,Karman_prior_snapshot_rms,snapshot_correction,modes_experiment/fresh_analysis/derived/a04_prior_attribution_changes.csv,accepted,"Representative snapshot index 100, t=410; not time-averaged."
A04,pressure_only_physics_karman_prior,prior_attribution,learned_correction_snapshot.v.rms_abs_per_node,near-wake,0.225932412146,field_units,hybrid_minus_karman_prior,snapshot_correction,modes_experiment/fresh_analysis/derived/a04_prior_attribution_changes.csv,accepted,"Representative snapshot index 100, t=410; not time-averaged."
A04,pressure_only_physics_karman_prior,prior_attribution,learned_correction_snapshot.v.relative_to_reference_rms,near-wake,1.07086940921,ratio,CFD_snapshot_rms,snapshot_correction,modes_experiment/fresh_analysis/derived/a04_prior_attribution_changes.csv,accepted,"Representative snapshot index 100, t=410; not time-averaged."
A04,pressure_only_physics_karman_prior,prior_attribution,learned_correction_snapshot.v.relative_to_prior_rms,near-wake,1.05819700913,ratio,Karman_prior_snapshot_rms,snapshot_correction,modes_experiment/fresh_analysis/derived/a04_prior_attribution_changes.csv,accepted,"Representative snapshot index 100, t=410; not time-averaged."
A04,pressure_only_physics_karman_prior,prior_attribution,learned_correction_snapshot.p.rms_abs_per_node,near-wake,0.248932169451,field_units,hybrid_minus_karman_prior,snapshot_correction,modes_experiment/fresh_analysis/derived/a04_prior_attribution_changes.csv,accepted,"Representative snapshot index 100, t=410; not time-averaged."
A04,pressure_only_physics_karman_prior,prior_attribution,learned_correction_snapshot.p.relative_to_reference_rms,near-wake,1.01026530247,ratio,CFD_snapshot_rms,snapshot_correction,modes_experiment/fresh_analysis/derived/a04_prior_attribution_changes.csv,accepted,"Representative snapshot index 100, t=410; not time-averaged."
A04,pressure_only_physics_karman_prior,prior_attribution,learned_correction_snapshot.p.relative_to_prior_rms,near-wake,5.88371630881,ratio,Karman_prior_snapshot_rms,snapshot_correction,modes_experiment/fresh_analysis/derived/a04_prior_attribution_changes.csv,accepted,"Representative snapshot index 100, t=410; not time-averaged."
A04,pressure_only_physics_karman_prior,prior_attribution,learned_correction_snapshot.u.rms_abs_per_node,far-wake,0.300972892488,field_units,hybrid_minus_karman_prior,snapshot_correction,modes_experiment/fresh_analysis/derived/a04_prior_attribution_changes.csv,accepted,"Representative snapshot index 100, t=410; not time-averaged."
A04,pressure_only_physics_karman_prior,prior_attribution,learned_correction_snapshot.u.relative_to_reference_rms,far-wake,0.337826959518,ratio,CFD_snapshot_rms,snapshot_correction,modes_experiment/fresh_analysis/derived/a04_prior_attribution_changes.csv,accepted,"Representative snapshot index 100, t=410; not time-averaged."
A04,pressure_only_physics_karman_prior,prior_attribution,learned_correction_snapshot.u.relative_to_prior_rms,far-wake,0.301540920107,ratio,Karman_prior_snapshot_rms,snapshot_correction,modes_experiment/fresh_analysis/derived/a04_prior_attribution_changes.csv,accepted,"Representative snapshot index 100, t=410; not time-averaged."
A04,pressure_only_physics_karman_prior,prior_attribution,learned_correction_snapshot.v.rms_abs_per_node,far-wake,0.151245982978,field_units,hybrid_minus_karman_prior,snapshot_correction,modes_experiment/fresh_analysis/derived/a04_prior_attribution_changes.csv,accepted,"Representative snapshot index 100, t=410; not time-averaged."
A04,pressure_only_physics_karman_prior,prior_attribution,learned_correction_snapshot.v.relative_to_reference_rms,far-wake,0.571881066707,ratio,CFD_snapshot_rms,snapshot_correction,modes_experiment/fresh_analysis/derived/a04_prior_attribution_changes.csv,accepted,"Representative snapshot index 100, t=410; not time-averaged."
A04,pressure_only_physics_karman_prior,prior_attribution,learned_correction_snapshot.v.relative_to_prior_rms,far-wake,0.668550372269,ratio,Karman_prior_snapshot_rms,snapshot_correction,modes_experiment/fresh_analysis/derived/a04_prior_attribution_changes.csv,accepted,"Representative snapshot index 100, t=410; not time-averaged."
A04,pressure_only_physics_karman_prior,prior_attribution,learned_correction_snapshot.p.rms_abs_per_node,far-wake,0.0994988133719,field_units,hybrid_minus_karman_prior,snapshot_correction,modes_experiment/fresh_analysis/derived/a04_prior_attribution_changes.csv,accepted,"Representative snapshot index 100, t=410; not time-averaged."
A04,pressure_only_physics_karman_prior,prior_attribution,learned_correction_snapshot.p.relative_to_reference_rms,far-wake,1.13245909611,ratio,CFD_snapshot_rms,snapshot_correction,modes_experiment/fresh_analysis/derived/a04_prior_attribution_changes.csv,accepted,"Representative snapshot index 100, t=410; not time-averaged."
A04,pressure_only_physics_karman_prior,prior_attribution,learned_correction_snapshot.p.relative_to_prior_rms,far-wake,3.21960710491,ratio,Karman_prior_snapshot_rms,snapshot_correction,modes_experiment/fresh_analysis/derived/a04_prior_attribution_changes.csv,accepted,"Representative snapshot index 100, t=410; not time-averaged."
A04,pressure_only_physics_karman_prior,prior_attribution,learned_correction_snapshot.u.rms_abs_per_node,far-core,0.33845595734,field_units,hybrid_minus_karman_prior,snapshot_correction,modes_experiment/fresh_analysis/derived/a04_prior_attribution_changes.csv,accepted,"Representative snapshot index 100, t=410; not time-averaged."
A04,pressure_only_physics_karman_prior,prior_attribution,learned_correction_snapshot.u.relative_to_reference_rms,far-core,0.398467913431,ratio,CFD_snapshot_rms,snapshot_correction,modes_experiment/fresh_analysis/derived/a04_prior_attribution_changes.csv,accepted,"Representative snapshot index 100, t=410; not time-averaged."
A04,pressure_only_physics_karman_prior,prior_attribution,learned_correction_snapshot.u.relative_to_prior_rms,far-core,0.339042633075,ratio,Karman_prior_snapshot_rms,snapshot_correction,modes_experiment/fresh_analysis/derived/a04_prior_attribution_changes.csv,accepted,"Representative snapshot index 100, t=410; not time-averaged."
A04,pressure_only_physics_karman_prior,prior_attribution,learned_correction_snapshot.v.rms_abs_per_node,far-core,0.156251632291,field_units,hybrid_minus_karman_prior,snapshot_correction,modes_experiment/fresh_analysis/derived/a04_prior_attribution_changes.csv,accepted,"Representative snapshot index 100, t=410; not time-averaged."
A04,pressure_only_physics_karman_prior,prior_attribution,learned_correction_snapshot.v.relative_to_reference_rms,far-core,0.518222145053,ratio,CFD_snapshot_rms,snapshot_correction,modes_experiment/fresh_analysis/derived/a04_prior_attribution_changes.csv,accepted,"Representative snapshot index 100, t=410; not time-averaged."
A04,pressure_only_physics_karman_prior,prior_attribution,learned_correction_snapshot.v.relative_to_prior_rms,far-core,0.604768338342,ratio,Karman_prior_snapshot_rms,snapshot_correction,modes_experiment/fresh_analysis/derived/a04_prior_attribution_changes.csv,accepted,"Representative snapshot index 100, t=410; not time-averaged."
A04,pressure_only_physics_karman_prior,prior_attribution,learned_correction_snapshot.p.rms_abs_per_node,far-core,0.104030617172,field_units,hybrid_minus_karman_prior,snapshot_correction,modes_experiment/fresh_analysis/derived/a04_prior_attribution_changes.csv,accepted,"Representative snapshot index 100, t=410; not time-averaged."
A04,pressure_only_physics_karman_prior,prior_attribution,learned_correction_snapshot.p.relative_to_reference_rms,far-core,1.03630262121,ratio,CFD_snapshot_rms,snapshot_correction,modes_experiment/fresh_analysis/derived/a04_prior_attribution_changes.csv,accepted,"Representative snapshot index 100, t=410; not time-averaged."
A04,pressure_only_physics_karman_prior,prior_attribution,learned_correction_snapshot.p.relative_to_prior_rms,far-core,3.06752290792,ratio,Karman_prior_snapshot_rms,snapshot_correction,modes_experiment/fresh_analysis/derived/a04_prior_attribution_changes.csv,accepted,"Representative snapshot index 100, t=410; not time-averaged."
A04,pressure_only_physics_karman_prior,prior_attribution,learned_correction_snapshot.u.rms_abs_per_node,other,0.123048802342,field_units,hybrid_minus_karman_prior,snapshot_correction,modes_experiment/fresh_analysis/derived/a04_prior_attribution_changes.csv,accepted,"Representative snapshot index 100, t=410; not time-averaged."
A04,pressure_only_physics_karman_prior,prior_attribution,learned_correction_snapshot.u.relative_to_reference_rms,other,0.131743821979,ratio,CFD_snapshot_rms,snapshot_correction,modes_experiment/fresh_analysis/derived/a04_prior_attribution_changes.csv,accepted,"Representative snapshot index 100, t=410; not time-averaged."
A04,pressure_only_physics_karman_prior,prior_attribution,learned_correction_snapshot.u.relative_to_prior_rms,other,0.122222347324,ratio,Karman_prior_snapshot_rms,snapshot_correction,modes_experiment/fresh_analysis/derived/a04_prior_attribution_changes.csv,accepted,"Representative snapshot index 100, t=410; not time-averaged."
A04,pressure_only_physics_karman_prior,prior_attribution,learned_correction_snapshot.v.rms_abs_per_node,other,0.154789804562,field_units,hybrid_minus_karman_prior,snapshot_correction,modes_experiment/fresh_analysis/derived/a04_prior_attribution_changes.csv,accepted,"Representative snapshot index 100, t=410; not time-averaged."
A04,pressure_only_physics_karman_prior,prior_attribution,learned_correction_snapshot.v.relative_to_reference_rms,other,0.736258208258,ratio,CFD_snapshot_rms,snapshot_correction,modes_experiment/fresh_analysis/derived/a04_prior_attribution_changes.csv,accepted,"Representative snapshot index 100, t=410; not time-averaged."
A04,pressure_only_physics_karman_prior,prior_attribution,learned_correction_snapshot.v.relative_to_prior_rms,other,1.08656794131,ratio,Karman_prior_snapshot_rms,snapshot_correction,modes_experiment/fresh_analysis/derived/a04_prior_attribution_changes.csv,accepted,"Representative snapshot index 100, t=410; not time-averaged."
A04,pressure_only_physics_karman_prior,prior_attribution,learned_correction_snapshot.p.rms_abs_per_node,other,0.171169075528,field_units,hybrid_minus_karman_prior,snapshot_correction,modes_experiment/fresh_analysis/derived/a04_prior_attribution_changes.csv,accepted,"Representative snapshot index 100, t=410; not time-averaged."
A04,pressure_only_physics_karman_prior,prior_attribution,learned_correction_snapshot.p.relative_to_reference_rms,other,1.08424241899,ratio,CFD_snapshot_rms,snapshot_correction,modes_experiment/fresh_analysis/derived/a04_prior_attribution_changes.csv,accepted,"Representative snapshot index 100, t=410; not time-averaged."
A04,pressure_only_physics_karman_prior,prior_attribution,learned_correction_snapshot.p.relative_to_prior_rms,other,3.26725337577,ratio,Karman_prior_snapshot_rms,snapshot_correction,modes_experiment/fresh_analysis/derived/a04_prior_attribution_changes.csv,accepted,"Representative snapshot index 100, t=410; not time-averaged."
A04,pressure_only_physics_karman_prior,prior_attribution,learned_correction_snapshot.u.rms_abs_per_node,whole-domain,0.566240375606,field_units,hybrid_minus_karman_prior,snapshot_correction,modes_experiment/fresh_analysis/derived/a04_prior_attribution_changes.csv,accepted,"Representative snapshot index 100, t=410; not time-averaged."
A04,pressure_only_physics_karman_prior,prior_attribution,learned_correction_snapshot.u.relative_to_reference_rms,whole-domain,0.698140963112,ratio,CFD_snapshot_rms,snapshot_correction,modes_experiment/fresh_analysis/derived/a04_prior_attribution_changes.csv,accepted,"Representative snapshot index 100, t=410; not time-averaged."
A04,pressure_only_physics_karman_prior,prior_attribution,learned_correction_snapshot.u.relative_to_prior_rms,whole-domain,0.543852034936,ratio,Karman_prior_snapshot_rms,snapshot_correction,modes_experiment/fresh_analysis/derived/a04_prior_attribution_changes.csv,accepted,"Representative snapshot index 100, t=410; not time-averaged."
A04,pressure_only_physics_karman_prior,prior_attribution,learned_correction_snapshot.v.rms_abs_per_node,whole-domain,0.290334909029,field_units,hybrid_minus_karman_prior,snapshot_correction,modes_experiment/fresh_analysis/derived/a04_prior_attribution_changes.csv,accepted,"Representative snapshot index 100, t=410; not time-averaged."
A04,pressure_only_physics_karman_prior,prior_attribution,learned_correction_snapshot.v.relative_to_reference_rms,whole-domain,1.21331552915,ratio,CFD_snapshot_rms,snapshot_correction,modes_experiment/fresh_analysis/derived/a04_prior_attribution_changes.csv,accepted,"Representative snapshot index 100, t=410; not time-averaged."
A04,pressure_only_physics_karman_prior,prior_attribution,learned_correction_snapshot.v.relative_to_prior_rms,whole-domain,0.862418633924,ratio,Karman_prior_snapshot_rms,snapshot_correction,modes_experiment/fresh_analysis/derived/a04_prior_attribution_changes.csv,accepted,"Representative snapshot index 100, t=410; not time-averaged."
A04,pressure_only_physics_karman_prior,prior_attribution,learned_correction_snapshot.p.rms_abs_per_node,whole-domain,0.222165261579,field_units,hybrid_minus_karman_prior,snapshot_correction,modes_experiment/fresh_analysis/derived/a04_prior_attribution_changes.csv,accepted,"Representative snapshot index 100, t=410; not time-averaged."
A04,pressure_only_physics_karman_prior,prior_attribution,learned_correction_snapshot.p.relative_to_reference_rms,whole-domain,0.877199570583,ratio,CFD_snapshot_rms,snapshot_correction,modes_experiment/fresh_analysis/derived/a04_prior_attribution_changes.csv,accepted,"Representative snapshot index 100, t=410; not time-averaged."
A04,pressure_only_physics_karman_prior,prior_attribution,learned_correction_snapshot.p.relative_to_prior_rms,whole-domain,1.16509932907,ratio,Karman_prior_snapshot_rms,snapshot_correction,modes_experiment/fresh_analysis/derived/a04_prior_attribution_changes.csv,accepted,"Representative snapshot index 100, t=410; not time-averaged."
A01,pressure_only_physics,information_comparison,field.u.rel_L2,near-cylinder,0.04342290014028549,dimensionless,CFD,raw_metric,modes_experiment/fresh_analysis/derived/a01_information_comparison_summary.csv,accepted,Controlled sparse-data comparison: 32 pressure taps + physics.
A01,pressure_only_physics,information_comparison,field.v.rel_L2,near-cylinder,0.14143913984298706,dimensionless,CFD,raw_metric,modes_experiment/fresh_analysis/derived/a01_information_comparison_summary.csv,accepted,Controlled sparse-data comparison: 32 pressure taps + physics.
A01,pressure_only_physics,information_comparison,field.p.rel_L2,near-cylinder,0.01867641694843769,dimensionless,CFD,raw_metric,modes_experiment/fresh_analysis/derived/a01_information_comparison_summary.csv,accepted,Controlled sparse-data comparison: 32 pressure taps + physics.
A01,pressure_only_physics,information_comparison,field.u.rel_L2,near-wake,0.2727372944355011,dimensionless,CFD,raw_metric,modes_experiment/fresh_analysis/derived/a01_information_comparison_summary.csv,accepted,Controlled sparse-data comparison: 32 pressure taps + physics.
A01,pressure_only_physics,information_comparison,field.v.rel_L2,near-wake,1.0366290807724,dimensionless,CFD,raw_metric,modes_experiment/fresh_analysis/derived/a01_information_comparison_summary.csv,accepted,Controlled sparse-data comparison: 32 pressure taps + physics.
A01,pressure_only_physics,information_comparison,field.p.rel_L2,near-wake,0.6163440942764282,dimensionless,CFD,raw_metric,modes_experiment/fresh_analysis/derived/a01_information_comparison_summary.csv,accepted,Controlled sparse-data comparison: 32 pressure taps + physics.
A01,pressure_only_physics,information_comparison,field.u.rel_L2,far-wake,0.5002196431159973,dimensionless,CFD,raw_metric,modes_experiment/fresh_analysis/derived/a01_information_comparison_summary.csv,accepted,Controlled sparse-data comparison: 32 pressure taps + physics.
A01,pressure_only_physics,information_comparison,field.v.rel_L2,far-wake,1.0139986276626587,dimensionless,CFD,raw_metric,modes_experiment/fresh_analysis/derived/a01_information_comparison_summary.csv,accepted,Controlled sparse-data comparison: 32 pressure taps + physics.
A01,pressure_only_physics,information_comparison,field.p.rel_L2,far-wake,2.3332183361053467,dimensionless,CFD,raw_metric,modes_experiment/fresh_analysis/derived/a01_information_comparison_summary.csv,accepted,Controlled sparse-data comparison: 32 pressure taps + physics.
A01,pressure_only_physics,information_comparison,field.u.rel_L2,far-core,0.5826302766799927,dimensionless,CFD,raw_metric,modes_experiment/fresh_analysis/derived/a01_information_comparison_summary.csv,accepted,Controlled sparse-data comparison: 32 pressure taps + physics.
A01,pressure_only_physics,information_comparison,field.v.rel_L2,far-core,1.0038522481918335,dimensionless,CFD,raw_metric,modes_experiment/fresh_analysis/derived/a01_information_comparison_summary.csv,accepted,Controlled sparse-data comparison: 32 pressure taps + physics.
A01,pressure_only_physics,information_comparison,field.p.rel_L2,far-core,1.9013025760650635,dimensionless,CFD,raw_metric,modes_experiment/fresh_analysis/derived/a01_information_comparison_summary.csv,accepted,Controlled sparse-data comparison: 32 pressure taps + physics.
A01,pressure_only_physics,information_comparison,field.u.rel_L2,other,0.06775574386119843,dimensionless,CFD,raw_metric,modes_experiment/fresh_analysis/derived/a01_information_comparison_summary.csv,accepted,Controlled sparse-data comparison: 32 pressure taps + physics.
A01,pressure_only_physics,information_comparison,field.v.rel_L2,other,0.12204265594482422,dimensionless,CFD,raw_metric,modes_experiment/fresh_analysis/derived/a01_information_comparison_summary.csv,accepted,Controlled sparse-data comparison: 32 pressure taps + physics.
A01,pressure_only_physics,information_comparison,field.p.rel_L2,other,0.19711746275424957,dimensionless,CFD,raw_metric,modes_experiment/fresh_analysis/derived/a01_information_comparison_summary.csv,accepted,Controlled sparse-data comparison: 32 pressure taps + physics.
A01,pressure_only_physics,information_comparison,field.u.rel_L2,whole-domain,0.35252973437309265,dimensionless,CFD,raw_metric,modes_experiment/fresh_analysis/derived/a01_information_comparison_summary.csv,accepted,Controlled sparse-data comparison: 32 pressure taps + physics.
A01,pressure_only_physics,information_comparison,field.v.rel_L2,whole-domain,0.8035315275192261,dimensionless,CFD,raw_metric,modes_experiment/fresh_analysis/derived/a01_information_comparison_summary.csv,accepted,Controlled sparse-data comparison: 32 pressure taps + physics.
A01,pressure_only_physics,information_comparison,field.p.rel_L2,whole-domain,0.5622267723083496,dimensionless,CFD,raw_metric,modes_experiment/fresh_analysis/derived/a01_information_comparison_summary.csv,accepted,Controlled sparse-data comparison: 32 pressure taps + physics.
A01,pressure_only_physics,information_comparison,v1_mode.v.n,near-cylinder,13715,count,region node count,raw_metric,modes_experiment/fresh_analysis/derived/a01_information_comparison_summary.csv,accepted,Controlled sparse-data comparison: 32 pressure taps + physics.
A01,pressure_only_physics,information_comparison,v1_mode.v.rel_L2,near-cylinder,0.9109855202529975,dimensionless,CFD,raw_metric,modes_experiment/fresh_analysis/derived/a01_information_comparison_summary.csv,accepted,Controlled sparse-data comparison: 32 pressure taps + physics.
A01,pressure_only_physics,information_comparison,v1_mode.v.amp_ratio,near-cylinder,0.2329956420896799,dimensionless,ideal 1,raw_metric,modes_experiment/fresh_analysis/derived/a01_information_comparison_summary.csv,accepted,Controlled sparse-data comparison: 32 pressure taps + physics.
A01,pressure_only_physics,information_comparison,v1_mode.v.corr,near-cylinder,0.5901849294755548,dimensionless,ideal 1,raw_metric,modes_experiment/fresh_analysis/derived/a01_information_comparison_summary.csv,accepted,Controlled sparse-data comparison: 32 pressure taps + physics.
A01,pressure_only_physics,information_comparison,v1_mode.v.phase_deg,near-cylinder,-35.322581399189,degrees,ideal phase 0 deg,raw_metric,modes_experiment/fresh_analysis/derived/a01_information_comparison_summary.csv,accepted,Controlled sparse-data comparison: 32 pressure taps + physics.
A01,pressure_only_physics,information_comparison,v1_mode.v.n,near-wake,15248,count,region node count,raw_metric,modes_experiment/fresh_analysis/derived/a01_information_comparison_summary.csv,accepted,Controlled sparse-data comparison: 32 pressure taps + physics.
A01,pressure_only_physics,information_comparison,v1_mode.v.rel_L2,near-wake,1.002758461783868,dimensionless,CFD,raw_metric,modes_experiment/fresh_analysis/derived/a01_information_comparison_summary.csv,accepted,Controlled sparse-data comparison: 32 pressure taps + physics.
A01,pressure_only_physics,information_comparison,v1_mode.v.amp_ratio,near-wake,0.05354769742155542,dimensionless,ideal 1,raw_metric,modes_experiment/fresh_analysis/derived/a01_information_comparison_summary.csv,accepted,Controlled sparse-data comparison: 32 pressure taps + physics.
A01,pressure_only_physics,information_comparison,v1_mode.v.corr,near-wake,0.08222242151454576,dimensionless,ideal 1,raw_metric,modes_experiment/fresh_analysis/derived/a01_information_comparison_summary.csv,accepted,Controlled sparse-data comparison: 32 pressure taps + physics.
A01,pressure_only_physics,information_comparison,v1_mode.v.phase_deg,near-wake,107.56324823465752,degrees,ideal phase 0 deg,raw_metric,modes_experiment/fresh_analysis/derived/a01_information_comparison_summary.csv,accepted,Controlled sparse-data comparison: 32 pressure taps + physics.
A01,pressure_only_physics,information_comparison,v1_mode.v.n,far-wake,16393,count,region node count,raw_metric,modes_experiment/fresh_analysis/derived/a01_information_comparison_summary.csv,accepted,Controlled sparse-data comparison: 32 pressure taps + physics.
A01,pressure_only_physics,information_comparison,v1_mode.v.rel_L2,far-wake,0.9975692708101322,dimensionless,CFD,raw_metric,modes_experiment/fresh_analysis/derived/a01_information_comparison_summary.csv,accepted,Controlled sparse-data comparison: 32 pressure taps + physics.
A01,pressure_only_physics,information_comparison,v1_mode.v.amp_ratio,far-wake,0.021598274531735875,dimensionless,ideal 1,raw_metric,modes_experiment/fresh_analysis/derived/a01_information_comparison_summary.csv,accepted,Controlled sparse-data comparison: 32 pressure taps + physics.
A01,pressure_only_physics,information_comparison,v1_mode.v.corr,far-wake,0.1416338488100317,dimensionless,ideal 1,raw_metric,modes_experiment/fresh_analysis/derived/a01_information_comparison_summary.csv,accepted,Controlled sparse-data comparison: 32 pressure taps + physics.
A01,pressure_only_physics,information_comparison,v1_mode.v.phase_deg,far-wake,29.554766401013815,degrees,ideal phase 0 deg,raw_metric,modes_experiment/fresh_analysis/derived/a01_information_comparison_summary.csv,accepted,Controlled sparse-data comparison: 32 pressure taps + physics.
A01,pressure_only_physics,information_comparison,v1_mode.v.n,far-core,12460,count,region node count,raw_metric,modes_experiment/fresh_analysis/derived/a01_information_comparison_summary.csv,accepted,Controlled sparse-data comparison: 32 pressure taps + physics.
A01,pressure_only_physics,information_comparison,v1_mode.v.rel_L2,far-core,0.997442441082733,dimensionless,CFD,raw_metric,modes_experiment/fresh_analysis/derived/a01_information_comparison_summary.csv,accepted,Controlled sparse-data comparison: 32 pressure taps + physics.
A01,pressure_only_physics,information_comparison,v1_mode.v.amp_ratio,far-core,0.018948152768257277,dimensionless,ideal 1,raw_metric,modes_experiment/fresh_analysis/derived/a01_information_comparison_summary.csv,accepted,Controlled sparse-data comparison: 32 pressure taps + physics.
A01,pressure_only_physics,information_comparison,v1_mode.v.corr,far-core,0.16035718037970534,dimensionless,ideal 1,raw_metric,modes_experiment/fresh_analysis/derived/a01_information_comparison_summary.csv,accepted,Controlled sparse-data comparison: 32 pressure taps + physics.
A01,pressure_only_physics,information_comparison,v1_mode.v.phase_deg,far-core,25.877405514357914,degrees,ideal phase 0 deg,raw_metric,modes_experiment/fresh_analysis/derived/a01_information_comparison_summary.csv,accepted,Controlled sparse-data comparison: 32 pressure taps + physics.
A01,pressure_only_physics,information_comparison,v1_mode.v.n,other,6298,count,region node count,raw_metric,modes_experiment/fresh_analysis/derived/a01_information_comparison_summary.csv,accepted,Controlled sparse-data comparison: 32 pressure taps + physics.
A01,pressure_only_physics,information_comparison,v1_mode.v.rel_L2,other,1.0429656925989803,dimensionless,CFD,raw_metric,modes_experiment/fresh_analysis/derived/a01_information_comparison_summary.csv,accepted,Controlled sparse-data comparison: 32 pressure taps + physics.
A01,pressure_only_physics,information_comparison,v1_mode.v.amp_ratio,other,1.214686575140202,dimensionless,ideal 1,raw_metric,modes_experiment/fresh_analysis/derived/a01_information_comparison_summary.csv,accepted,Controlled sparse-data comparison: 32 pressure taps + physics.
A01,pressure_only_physics,information_comparison,v1_mode.v.corr,other,0.7087490409532666,dimensionless,ideal 1,raw_metric,modes_experiment/fresh_analysis/derived/a01_information_comparison_summary.csv,accepted,Controlled sparse-data comparison: 32 pressure taps + physics.
A01,pressure_only_physics,information_comparison,v1_mode.v.phase_deg,other,36.298543210193266,degrees,ideal phase 0 deg,raw_metric,modes_experiment/fresh_analysis/derived/a01_information_comparison_summary.csv,accepted,Controlled sparse-data comparison: 32 pressure taps + physics.
A01,pressure_only_physics,information_comparison,v1_mode.v.n,whole-domain,51654,count,region node count,raw_metric,modes_experiment/fresh_analysis/derived/a01_information_comparison_summary.csv,accepted,Controlled sparse-data comparison: 32 pressure taps + physics.
A01,pressure_only_physics,information_comparison,v1_mode.v.rel_L2,whole-domain,0.9982590529322467,dimensionless,CFD,raw_metric,modes_experiment/fresh_analysis/derived/a01_information_comparison_summary.csv,accepted,Controlled sparse-data comparison: 32 pressure taps + physics.
A01,pressure_only_physics,information_comparison,v1_mode.v.amp_ratio,whole-domain,0.047024170317109565,dimensionless,ideal 1,raw_metric,modes_experiment/fresh_analysis/derived/a01_information_comparison_summary.csv,accepted,Controlled sparse-data comparison: 32 pressure taps + physics.
A01,pressure_only_physics,information_comparison,v1_mode.v.corr,whole-domain,0.06884213593908428,dimensionless,ideal 1,raw_metric,modes_experiment/fresh_analysis/derived/a01_information_comparison_summary.csv,accepted,Controlled sparse-data comparison: 32 pressure taps + physics.
A01,pressure_only_physics,information_comparison,v1_mode.v.phase_deg,whole-domain,28.49546678561774,degrees,ideal phase 0 deg,raw_metric,modes_experiment/fresh_analysis/derived/a01_information_comparison_summary.csv,accepted,Controlled sparse-data comparison: 32 pressure taps + physics.
A01,pressure_and_velocity_probes_physics,information_comparison,field.u.rel_L2,near-cylinder,0.024427928030490875,dimensionless,CFD,raw_metric,modes_experiment/fresh_analysis/derived/a01_information_comparison_summary.csv,accepted,Controlled sparse-data comparison: 32 pressure taps + velocity probes + physics.
A01,pressure_and_velocity_probes_physics,information_comparison,field.v.rel_L2,near-cylinder,0.04838676378130913,dimensionless,CFD,raw_metric,modes_experiment/fresh_analysis/derived/a01_information_comparison_summary.csv,accepted,Controlled sparse-data comparison: 32 pressure taps + velocity probes + physics.
A01,pressure_and_velocity_probes_physics,information_comparison,field.p.rel_L2,near-cylinder,0.008180337958037853,dimensionless,CFD,raw_metric,modes_experiment/fresh_analysis/derived/a01_information_comparison_summary.csv,accepted,Controlled sparse-data comparison: 32 pressure taps + velocity probes + physics.
A01,pressure_and_velocity_probes_physics,information_comparison,field.u.rel_L2,near-wake,0.015128523111343384,dimensionless,CFD,raw_metric,modes_experiment/fresh_analysis/derived/a01_information_comparison_summary.csv,accepted,Controlled sparse-data comparison: 32 pressure taps + velocity probes + physics.
A01,pressure_and_velocity_probes_physics,information_comparison,field.v.rel_L2,near-wake,0.04807698726654053,dimensionless,CFD,raw_metric,modes_experiment/fresh_analysis/derived/a01_information_comparison_summary.csv,accepted,Controlled sparse-data comparison: 32 pressure taps + velocity probes + physics.
A01,pressure_and_velocity_probes_physics,information_comparison,field.p.rel_L2,near-wake,0.04742806777358055,dimensionless,CFD,raw_metric,modes_experiment/fresh_analysis/derived/a01_information_comparison_summary.csv,accepted,Controlled sparse-data comparison: 32 pressure taps + velocity probes + physics.
A01,pressure_and_velocity_probes_physics,information_comparison,field.u.rel_L2,far-wake,0.07054434716701508,dimensionless,CFD,raw_metric,modes_experiment/fresh_analysis/derived/a01_information_comparison_summary.csv,accepted,Controlled sparse-data comparison: 32 pressure taps + velocity probes + physics.
A01,pressure_and_velocity_probes_physics,information_comparison,field.v.rel_L2,far-wake,0.3154568672180176,dimensionless,CFD,raw_metric,modes_experiment/fresh_analysis/derived/a01_information_comparison_summary.csv,accepted,Controlled sparse-data comparison: 32 pressure taps + velocity probes + physics.
A01,pressure_and_velocity_probes_physics,information_comparison,field.p.rel_L2,far-wake,0.6365317106246948,dimensionless,CFD,raw_metric,modes_experiment/fresh_analysis/derived/a01_information_comparison_summary.csv,accepted,Controlled sparse-data comparison: 32 pressure taps + velocity probes + physics.
A01,pressure_and_velocity_probes_physics,information_comparison,field.u.rel_L2,far-core,0.08218705654144287,dimensionless,CFD,raw_metric,modes_experiment/fresh_analysis/derived/a01_information_comparison_summary.csv,accepted,Controlled sparse-data comparison: 32 pressure taps + velocity probes + physics.
A01,pressure_and_velocity_probes_physics,information_comparison,field.v.rel_L2,far-core,0.27826836705207825,dimensionless,CFD,raw_metric,modes_experiment/fresh_analysis/derived/a01_information_comparison_summary.csv,accepted,Controlled sparse-data comparison: 32 pressure taps + velocity probes + physics.
A01,pressure_and_velocity_probes_physics,information_comparison,field.p.rel_L2,far-core,0.5939379930496216,dimensionless,CFD,raw_metric,modes_experiment/fresh_analysis/derived/a01_information_comparison_summary.csv,accepted,Controlled sparse-data comparison: 32 pressure taps + velocity probes + physics.
A01,pressure_and_velocity_probes_physics,information_comparison,field.u.rel_L2,other,0.02887069620192051,dimensionless,CFD,raw_metric,modes_experiment/fresh_analysis/derived/a01_information_comparison_summary.csv,accepted,Controlled sparse-data comparison: 32 pressure taps + velocity probes + physics.
A01,pressure_and_velocity_probes_physics,information_comparison,field.v.rel_L2,other,0.051015645265579224,dimensionless,CFD,raw_metric,modes_experiment/fresh_analysis/derived/a01_information_comparison_summary.csv,accepted,Controlled sparse-data comparison: 32 pressure taps + velocity probes + physics.
A01,pressure_and_velocity_probes_physics,information_comparison,field.p.rel_L2,other,0.08834198117256165,dimensionless,CFD,raw_metric,modes_experiment/fresh_analysis/derived/a01_information_comparison_summary.csv,accepted,Controlled sparse-data comparison: 32 pressure taps + velocity probes + physics.
A01,pressure_and_velocity_probes_physics,information_comparison,field.u.rel_L2,whole-domain,0.046610429883003235,dimensionless,CFD,raw_metric,modes_experiment/fresh_analysis/derived/a01_information_comparison_summary.csv,accepted,Controlled sparse-data comparison: 32 pressure taps + velocity probes + physics.
A01,pressure_and_velocity_probes_physics,information_comparison,field.v.rel_L2,whole-domain,0.20233725011348724,dimensionless,CFD,raw_metric,modes_experiment/fresh_analysis/derived/a01_information_comparison_summary.csv,accepted,Controlled sparse-data comparison: 32 pressure taps + velocity probes + physics.
A01,pressure_and_velocity_probes_physics,information_comparison,field.p.rel_L2,whole-domain,0.12847787141799927,dimensionless,CFD,raw_metric,modes_experiment/fresh_analysis/derived/a01_information_comparison_summary.csv,accepted,Controlled sparse-data comparison: 32 pressure taps + velocity probes + physics.
A01,pressure_and_velocity_probes_physics,information_comparison,v1_mode.v.n,near-cylinder,13715,count,region node count,raw_metric,modes_experiment/fresh_analysis/derived/a01_information_comparison_summary.csv,accepted,Controlled sparse-data comparison: 32 pressure taps + velocity probes + physics.
A01,pressure_and_velocity_probes_physics,information_comparison,v1_mode.v.rel_L2,near-cylinder,0.3602476635856242,dimensionless,CFD,raw_metric,modes_experiment/fresh_analysis/derived/a01_information_comparison_summary.csv,accepted,Controlled sparse-data comparison: 32 pressure taps + velocity probes + physics.
A01,pressure_and_velocity_probes_physics,information_comparison,v1_mode.v.amp_ratio,near-cylinder,0.7730029363463147,dimensionless,ideal 1,raw_metric,modes_experiment/fresh_analysis/derived/a01_information_comparison_summary.csv,accepted,Controlled sparse-data comparison: 32 pressure taps + velocity probes + physics.
A01,pressure_and_velocity_probes_physics,information_comparison,v1_mode.v.corr,near-cylinder,0.9713002020209421,dimensionless,ideal 1,raw_metric,modes_experiment/fresh_analysis/derived/a01_information_comparison_summary.csv,accepted,Controlled sparse-data comparison: 32 pressure taps + velocity probes + physics.
A01,pressure_and_velocity_probes_physics,information_comparison,v1_mode.v.phase_deg,near-cylinder,12.194140347289393,degrees,ideal phase 0 deg,raw_metric,modes_experiment/fresh_analysis/derived/a01_information_comparison_summary.csv,accepted,Controlled sparse-data comparison: 32 pressure taps + velocity probes + physics.
A01,pressure_and_velocity_probes_physics,information_comparison,v1_mode.v.n,near-wake,15248,count,region node count,raw_metric,modes_experiment/fresh_analysis/derived/a01_information_comparison_summary.csv,accepted,Controlled sparse-data comparison: 32 pressure taps + velocity probes + physics.
A01,pressure_and_velocity_probes_physics,information_comparison,v1_mode.v.rel_L2,near-wake,0.29503354259749903,dimensionless,CFD,raw_metric,modes_experiment/fresh_analysis/derived/a01_information_comparison_summary.csv,accepted,Controlled sparse-data comparison: 32 pressure taps + velocity probes + physics.
A01,pressure_and_velocity_probes_physics,information_comparison,v1_mode.v.amp_ratio,near-wake,0.9919353794493909,dimensionless,ideal 1,raw_metric,modes_experiment/fresh_analysis/derived/a01_information_comparison_summary.csv,accepted,Controlled sparse-data comparison: 32 pressure taps + velocity probes + physics.
A01,pressure_and_velocity_probes_physics,information_comparison,v1_mode.v.corr,near-wake,0.9997225782649043,dimensionless,ideal 1,raw_metric,modes_experiment/fresh_analysis/derived/a01_information_comparison_summary.csv,accepted,Controlled sparse-data comparison: 32 pressure taps + velocity probes + physics.
A01,pressure_and_velocity_probes_physics,information_comparison,v1_mode.v.phase_deg,near-wake,16.977033288212343,degrees,ideal phase 0 deg,raw_metric,modes_experiment/fresh_analysis/derived/a01_information_comparison_summary.csv,accepted,Controlled sparse-data comparison: 32 pressure taps + velocity probes + physics.
A01,pressure_and_velocity_probes_physics,information_comparison,v1_mode.v.n,far-wake,16393,count,region node count,raw_metric,modes_experiment/fresh_analysis/derived/a01_information_comparison_summary.csv,accepted,Controlled sparse-data comparison: 32 pressure taps + velocity probes + physics.
A01,pressure_and_velocity_probes_physics,information_comparison,v1_mode.v.rel_L2,far-wake,0.37322743873334563,dimensionless,CFD,raw_metric,modes_experiment/fresh_analysis/derived/a01_information_comparison_summary.csv,accepted,Controlled sparse-data comparison: 32 pressure taps + velocity probes + physics.
A01,pressure_and_velocity_probes_physics,information_comparison,v1_mode.v.amp_ratio,far-wake,0.8669217544071306,dimensionless,ideal 1,raw_metric,modes_experiment/fresh_analysis/derived/a01_information_comparison_summary.csv,accepted,Controlled sparse-data comparison: 32 pressure taps + velocity probes + physics.
A01,pressure_and_velocity_probes_physics,information_comparison,v1_mode.v.corr,far-wake,0.990692201454449,dimensionless,ideal 1,raw_metric,modes_experiment/fresh_analysis/derived/a01_information_comparison_summary.csv,accepted,Controlled sparse-data comparison: 32 pressure taps + velocity probes + physics.
A01,pressure_and_velocity_probes_physics,information_comparison,v1_mode.v.phase_deg,far-wake,20.18064958038238,degrees,ideal phase 0 deg,raw_metric,modes_experiment/fresh_analysis/derived/a01_information_comparison_summary.csv,accepted,Controlled sparse-data comparison: 32 pressure taps + velocity probes + physics.
A01,pressure_and_velocity_probes_physics,information_comparison,v1_mode.v.n,far-core,12460,count,region node count,raw_metric,modes_experiment/fresh_analysis/derived/a01_information_comparison_summary.csv,accepted,Controlled sparse-data comparison: 32 pressure taps + velocity probes + physics.
A01,pressure_and_velocity_probes_physics,information_comparison,v1_mode.v.rel_L2,far-core,0.37345487856484066,dimensionless,CFD,raw_metric,modes_experiment/fresh_analysis/derived/a01_information_comparison_summary.csv,accepted,Controlled sparse-data comparison: 32 pressure taps + velocity probes + physics.
A01,pressure_and_velocity_probes_physics,information_comparison,v1_mode.v.amp_ratio,far-core,0.8657818200293128,dimensionless,ideal 1,raw_metric,modes_experiment/fresh_analysis/derived/a01_information_comparison_summary.csv,accepted,Controlled sparse-data comparison: 32 pressure taps + velocity probes + physics.
A01,pressure_and_velocity_probes_physics,information_comparison,v1_mode.v.corr,far-core,0.991925396098608,dimensionless,ideal 1,raw_metric,modes_experiment/fresh_analysis/derived/a01_information_comparison_summary.csv,accepted,Controlled sparse-data comparison: 32 pressure taps + velocity probes + physics.
A01,pressure_and_velocity_probes_physics,information_comparison,v1_mode.v.phase_deg,far-core,20.375966972867918,degrees,ideal phase 0 deg,raw_metric,modes_experiment/fresh_analysis/derived/a01_information_comparison_summary.csv,accepted,Controlled sparse-data comparison: 32 pressure taps + velocity probes + physics.
A01,pressure_and_velocity_probes_physics,information_comparison,v1_mode.v.n,other,6298,count,region node count,raw_metric,modes_experiment/fresh_analysis/derived/a01_information_comparison_summary.csv,accepted,Controlled sparse-data comparison: 32 pressure taps + velocity probes + physics.
A01,pressure_and_velocity_probes_physics,information_comparison,v1_mode.v.rel_L2,other,0.8677567507567795,dimensionless,CFD,raw_metric,modes_experiment/fresh_analysis/derived/a01_information_comparison_summary.csv,accepted,Controlled sparse-data comparison: 32 pressure taps + velocity probes + physics.
A01,pressure_and_velocity_probes_physics,information_comparison,v1_mode.v.amp_ratio,other,1.2299839417400915,dimensionless,ideal 1,raw_metric,modes_experiment/fresh_analysis/derived/a01_information_comparison_summary.csv,accepted,Controlled sparse-data comparison: 32 pressure taps + velocity probes + physics.
A01,pressure_and_velocity_probes_physics,information_comparison,v1_mode.v.corr,other,0.8686440265311218,dimensionless,ideal 1,raw_metric,modes_experiment/fresh_analysis/derived/a01_information_comparison_summary.csv,accepted,Controlled sparse-data comparison: 32 pressure taps + velocity probes + physics.
A01,pressure_and_velocity_probes_physics,information_comparison,v1_mode.v.phase_deg,other,34.55507058730413,degrees,ideal phase 0 deg,raw_metric,modes_experiment/fresh_analysis/derived/a01_information_comparison_summary.csv,accepted,Controlled sparse-data comparison: 32 pressure taps + velocity probes + physics.
A01,pressure_and_velocity_probes_physics,information_comparison,v1_mode.v.n,whole-domain,51654,count,region node count,raw_metric,modes_experiment/fresh_analysis/derived/a01_information_comparison_summary.csv,accepted,Controlled sparse-data comparison: 32 pressure taps + velocity probes + physics.
A01,pressure_and_velocity_probes_physics,information_comparison,v1_mode.v.rel_L2,whole-domain,0.35058666901840874,dimensionless,CFD,raw_metric,modes_experiment/fresh_analysis/derived/a01_information_comparison_summary.csv,accepted,Controlled sparse-data comparison: 32 pressure taps + velocity probes + physics.
A01,pressure_and_velocity_probes_physics,information_comparison,v1_mode.v.amp_ratio,whole-domain,0.9072114335804581,dimensionless,ideal 1,raw_metric,modes_experiment/fresh_analysis/derived/a01_information_comparison_summary.csv,accepted,Controlled sparse-data comparison: 32 pressure taps + velocity probes + physics.
A01,pressure_and_velocity_probes_physics,information_comparison,v1_mode.v.corr,whole-domain,0.9909792038636737,dimensionless,ideal 1,raw_metric,modes_experiment/fresh_analysis/derived/a01_information_comparison_summary.csv,accepted,Controlled sparse-data comparison: 32 pressure taps + velocity probes + physics.
A01,pressure_and_velocity_probes_physics,information_comparison,v1_mode.v.phase_deg,whole-domain,18.997370886695442,degrees,ideal phase 0 deg,raw_metric,modes_experiment/fresh_analysis/derived/a01_information_comparison_summary.csv,accepted,Controlled sparse-data comparison: 32 pressure taps + velocity probes + physics.
A01,dense_observations,information_comparison,field.u.rel_L2,near-cylinder,0.005857582204043865,dimensionless,CFD,raw_metric,modes_experiment/fresh_analysis/derived/a01_information_comparison_summary.csv,accepted,Representational ceiling only; dense run uses a different optimizer budget.
A01,dense_observations,information_comparison,field.v.rel_L2,near-cylinder,0.011175346560776234,dimensionless,CFD,raw_metric,modes_experiment/fresh_analysis/derived/a01_information_comparison_summary.csv,accepted,Representational ceiling only; dense run uses a different optimizer budget.
A01,dense_observations,information_comparison,field.p.rel_L2,near-cylinder,0.006173023488372564,dimensionless,CFD,raw_metric,modes_experiment/fresh_analysis/derived/a01_information_comparison_summary.csv,accepted,Representational ceiling only; dense run uses a different optimizer budget.
A01,dense_observations,information_comparison,field.u.rel_L2,near-wake,0.006636717356741428,dimensionless,CFD,raw_metric,modes_experiment/fresh_analysis/derived/a01_information_comparison_summary.csv,accepted,Representational ceiling only; dense run uses a different optimizer budget.
A01,dense_observations,information_comparison,field.v.rel_L2,near-wake,0.023743093013763428,dimensionless,CFD,raw_metric,modes_experiment/fresh_analysis/derived/a01_information_comparison_summary.csv,accepted,Representational ceiling only; dense run uses a different optimizer budget.
A01,dense_observations,information_comparison,field.p.rel_L2,near-wake,0.006936534307897091,dimensionless,CFD,raw_metric,modes_experiment/fresh_analysis/derived/a01_information_comparison_summary.csv,accepted,Representational ceiling only; dense run uses a different optimizer budget.
A01,dense_observations,information_comparison,field.u.rel_L2,far-wake,0.009232824668288231,dimensionless,CFD,raw_metric,modes_experiment/fresh_analysis/derived/a01_information_comparison_summary.csv,accepted,Representational ceiling only; dense run uses a different optimizer budget.
A01,dense_observations,information_comparison,field.v.rel_L2,far-wake,0.050979506224393845,dimensionless,CFD,raw_metric,modes_experiment/fresh_analysis/derived/a01_information_comparison_summary.csv,accepted,Representational ceiling only; dense run uses a different optimizer budget.
A01,dense_observations,information_comparison,field.p.rel_L2,far-wake,0.03862603381276131,dimensionless,CFD,raw_metric,modes_experiment/fresh_analysis/derived/a01_information_comparison_summary.csv,accepted,Representational ceiling only; dense run uses a different optimizer budget.
A01,dense_observations,information_comparison,field.u.rel_L2,far-core,0.01101873442530632,dimensionless,CFD,raw_metric,modes_experiment/fresh_analysis/derived/a01_information_comparison_summary.csv,accepted,Representational ceiling only; dense run uses a different optimizer budget.
A01,dense_observations,information_comparison,field.v.rel_L2,far-core,0.051149044185876846,dimensionless,CFD,raw_metric,modes_experiment/fresh_analysis/derived/a01_information_comparison_summary.csv,accepted,Representational ceiling only; dense run uses a different optimizer budget.
A01,dense_observations,information_comparison,field.p.rel_L2,far-core,0.03806442767381668,dimensionless,CFD,raw_metric,modes_experiment/fresh_analysis/derived/a01_information_comparison_summary.csv,accepted,Representational ceiling only; dense run uses a different optimizer budget.
A01,dense_observations,information_comparison,field.u.rel_L2,other,0.01554125640541315,dimensionless,CFD,raw_metric,modes_experiment/fresh_analysis/derived/a01_information_comparison_summary.csv,accepted,Representational ceiling only; dense run uses a different optimizer budget.
A01,dense_observations,information_comparison,field.v.rel_L2,other,0.029023269191384315,dimensionless,CFD,raw_metric,modes_experiment/fresh_analysis/derived/a01_information_comparison_summary.csv,accepted,Representational ceiling only; dense run uses a different optimizer budget.
A01,dense_observations,information_comparison,field.p.rel_L2,other,0.0482742115855217,dimensionless,CFD,raw_metric,modes_experiment/fresh_analysis/derived/a01_information_comparison_summary.csv,accepted,Representational ceiling only; dense run uses a different optimizer budget.
A01,dense_observations,information_comparison,field.u.rel_L2,whole-domain,0.00953542347997427,dimensionless,CFD,raw_metric,modes_experiment/fresh_analysis/derived/a01_information_comparison_summary.csv,accepted,Representational ceiling only; dense run uses a different optimizer budget.
A01,dense_observations,information_comparison,field.v.rel_L2,whole-domain,0.035622913390398026,dimensionless,CFD,raw_metric,modes_experiment/fresh_analysis/derived/a01_information_comparison_summary.csv,accepted,Representational ceiling only; dense run uses a different optimizer budget.
A01,dense_observations,information_comparison,field.p.rel_L2,whole-domain,0.014309391379356384,dimensionless,CFD,raw_metric,modes_experiment/fresh_analysis/derived/a01_information_comparison_summary.csv,accepted,Representational ceiling only; dense run uses a different optimizer budget.
A01,dense_observations,information_comparison,v1_mode.v.n,near-cylinder,13715,count,region node count,raw_metric,modes_experiment/fresh_analysis/derived/a01_information_comparison_summary.csv,accepted,Representational ceiling only; dense run uses a different optimizer budget.
A01,dense_observations,information_comparison,v1_mode.v.rel_L2,near-cylinder,0.2900525660366421,dimensionless,CFD,raw_metric,modes_experiment/fresh_analysis/derived/a01_information_comparison_summary.csv,accepted,Representational ceiling only; dense run uses a different optimizer budget.
A01,dense_observations,information_comparison,v1_mode.v.amp_ratio,near-cylinder,0.9827298626073141,dimensionless,ideal 1,raw_metric,modes_experiment/fresh_analysis/derived/a01_information_comparison_summary.csv,accepted,Representational ceiling only; dense run uses a different optimizer budget.
A01,dense_observations,information_comparison,v1_mode.v.corr,near-cylinder,0.9979052572744116,dimensionless,ideal 1,raw_metric,modes_experiment/fresh_analysis/derived/a01_information_comparison_summary.csv,accepted,Representational ceiling only; dense run uses a different optimizer budget.
A01,dense_observations,information_comparison,v1_mode.v.phase_deg,near-cylinder,16.391292836749084,degrees,ideal phase 0 deg,raw_metric,modes_experiment/fresh_analysis/derived/a01_information_comparison_summary.csv,accepted,Representational ceiling only; dense run uses a different optimizer budget.
A01,dense_observations,information_comparison,v1_mode.v.n,near-wake,15248,count,region node count,raw_metric,modes_experiment/fresh_analysis/derived/a01_information_comparison_summary.csv,accepted,Representational ceiling only; dense run uses a different optimizer budget.
A01,dense_observations,information_comparison,v1_mode.v.rel_L2,near-wake,0.290385681521927,dimensionless,CFD,raw_metric,modes_experiment/fresh_analysis/derived/a01_information_comparison_summary.csv,accepted,Representational ceiling only; dense run uses a different optimizer budget.
A01,dense_observations,information_comparison,v1_mode.v.amp_ratio,near-wake,0.9997801193904153,dimensionless,ideal 1,raw_metric,modes_experiment/fresh_analysis/derived/a01_information_comparison_summary.csv,accepted,Representational ceiling only; dense run uses a different optimizer budget.
A01,dense_observations,information_comparison,v1_mode.v.corr,near-wake,0.9999758327901721,dimensionless,ideal 1,raw_metric,modes_experiment/fresh_analysis/derived/a01_information_comparison_summary.csv,accepted,Representational ceiling only; dense run uses a different optimizer budget.
A01,dense_observations,information_comparison,v1_mode.v.phase_deg,near-wake,16.694120425607792,degrees,ideal phase 0 deg,raw_metric,modes_experiment/fresh_analysis/derived/a01_information_comparison_summary.csv,accepted,Representational ceiling only; dense run uses a different optimizer budget.
A01,dense_observations,information_comparison,v1_mode.v.n,far-wake,16393,count,region node count,raw_metric,modes_experiment/fresh_analysis/derived/a01_information_comparison_summary.csv,accepted,Representational ceiling only; dense run uses a different optimizer budget.
A01,dense_observations,information_comparison,v1_mode.v.rel_L2,far-wake,0.29161650961543406,dimensionless,CFD,raw_metric,modes_experiment/fresh_analysis/derived/a01_information_comparison_summary.csv,accepted,Representational ceiling only; dense run uses a different optimizer budget.
A01,dense_observations,information_comparison,v1_mode.v.amp_ratio,far-wake,0.998758364713344,dimensionless,ideal 1,raw_metric,modes_experiment/fresh_analysis/derived/a01_information_comparison_summary.csv,accepted,Representational ceiling only; dense run uses a different optimizer budget.
A01,dense_observations,information_comparison,v1_mode.v.corr,far-wake,0.9999884019585399,dimensionless,ideal 1,raw_metric,modes_experiment/fresh_analysis/derived/a01_information_comparison_summary.csv,accepted,Representational ceiling only; dense run uses a different optimizer budget.
A01,dense_observations,information_comparison,v1_mode.v.phase_deg,far-wake,16.77630989304969,degrees,ideal phase 0 deg,raw_metric,modes_experiment/fresh_analysis/derived/a01_information_comparison_summary.csv,accepted,Representational ceiling only; dense run uses a different optimizer budget.
A01,dense_observations,information_comparison,v1_mode.v.n,far-core,12460,count,region node count,raw_metric,modes_experiment/fresh_analysis/derived/a01_information_comparison_summary.csv,accepted,Representational ceiling only; dense run uses a different optimizer budget.
A01,dense_observations,information_comparison,v1_mode.v.rel_L2,far-core,0.2916322559594349,dimensionless,CFD,raw_metric,modes_experiment/fresh_analysis/derived/a01_information_comparison_summary.csv,accepted,Representational ceiling only; dense run uses a different optimizer budget.
A01,dense_observations,information_comparison,v1_mode.v.amp_ratio,far-core,0.9988140121437291,dimensionless,ideal 1,raw_metric,modes_experiment/fresh_analysis/derived/a01_information_comparison_summary.csv,accepted,Representational ceiling only; dense run uses a different optimizer budget.
A01,dense_observations,information_comparison,v1_mode.v.corr,far-core,0.9999895064533587,dimensionless,ideal 1,raw_metric,modes_experiment/fresh_analysis/derived/a01_information_comparison_summary.csv,accepted,Representational ceiling only; dense run uses a different optimizer budget.
A01,dense_observations,information_comparison,v1_mode.v.phase_deg,far-core,16.77697502641174,degrees,ideal phase 0 deg,raw_metric,modes_experiment/fresh_analysis/derived/a01_information_comparison_summary.csv,accepted,Representational ceiling only; dense run uses a different optimizer budget.
A01,dense_observations,information_comparison,v1_mode.v.n,other,6298,count,region node count,raw_metric,modes_experiment/fresh_analysis/derived/a01_information_comparison_summary.csv,accepted,Representational ceiling only; dense run uses a different optimizer budget.
A01,dense_observations,information_comparison,v1_mode.v.rel_L2,other,0.36630485025394927,dimensionless,CFD,raw_metric,modes_experiment/fresh_analysis/derived/a01_information_comparison_summary.csv,accepted,Representational ceiling only; dense run uses a different optimizer budget.
A01,dense_observations,information_comparison,v1_mode.v.amp_ratio,other,0.9987205588786898,dimensionless,ideal 1,raw_metric,modes_experiment/fresh_analysis/derived/a01_information_comparison_summary.csv,accepted,Representational ceiling only; dense run uses a different optimizer budget.
A01,dense_observations,information_comparison,v1_mode.v.corr,other,0.9806191254196367,dimensionless,ideal 1,raw_metric,modes_experiment/fresh_analysis/derived/a01_information_comparison_summary.csv,accepted,Representational ceiling only; dense run uses a different optimizer budget.
A01,dense_observations,information_comparison,v1_mode.v.phase_deg,other,17.961948689003684,degrees,ideal phase 0 deg,raw_metric,modes_experiment/fresh_analysis/derived/a01_information_comparison_summary.csv,accepted,Representational ceiling only; dense run uses a different optimizer budget.
A01,dense_observations,information_comparison,v1_mode.v.n,whole-domain,51654,count,region node count,raw_metric,modes_experiment/fresh_analysis/derived/a01_information_comparison_summary.csv,accepted,Representational ceiling only; dense run uses a different optimizer budget.
A01,dense_observations,information_comparison,v1_mode.v.rel_L2,whole-domain,0.2912330267005005,dimensionless,CFD,raw_metric,modes_experiment/fresh_analysis/derived/a01_information_comparison_summary.csv,accepted,Representational ceiling only; dense run uses a different optimizer budget.
A01,dense_observations,information_comparison,v1_mode.v.amp_ratio,whole-domain,0.998895985051201,dimensionless,ideal 1,raw_metric,modes_experiment/fresh_analysis/derived/a01_information_comparison_summary.csv,accepted,Representational ceiling only; dense run uses a different optimizer budget.
A01,dense_observations,information_comparison,v1_mode.v.corr,whole-domain,0.9999537878169675,dimensionless,ideal 1,raw_metric,modes_experiment/fresh_analysis/derived/a01_information_comparison_summary.csv,accepted,Representational ceiling only; dense run uses a different optimizer budget.
A01,dense_observations,information_comparison,v1_mode.v.phase_deg,whole-domain,16.746362918446433,degrees,ideal phase 0 deg,raw_metric,modes_experiment/fresh_analysis/derived/a01_information_comparison_summary.csv,accepted,Representational ceiling only; dense run uses a different optimizer budget.
A02,pressure_only_physics_8_taps,tap_count,field.u.rel_L2,near-cylinder,0.06901976466178894,dimensionless,CFD,raw_metric,modes_experiment/fresh_analysis/derived/a02_tap_count_summary.csv,accepted,Pressure-only + physics; 8 cylinder pressure taps.
A02,pressure_only_physics_8_taps,tap_count,field.v.rel_L2,near-cylinder,0.14286431670188904,dimensionless,CFD,raw_metric,modes_experiment/fresh_analysis/derived/a02_tap_count_summary.csv,accepted,Pressure-only + physics; 8 cylinder pressure taps.
A02,pressure_only_physics_8_taps,tap_count,field.p.rel_L2,near-cylinder,0.08502314984798431,dimensionless,CFD,raw_metric,modes_experiment/fresh_analysis/derived/a02_tap_count_summary.csv,accepted,Pressure-only + physics; 8 cylinder pressure taps.
A02,pressure_only_physics_8_taps,tap_count,field.u.rel_L2,near-wake,0.29225000739097595,dimensionless,CFD,raw_metric,modes_experiment/fresh_analysis/derived/a02_tap_count_summary.csv,accepted,Pressure-only + physics; 8 cylinder pressure taps.
A02,pressure_only_physics_8_taps,tap_count,field.v.rel_L2,near-wake,1.0818753242492676,dimensionless,CFD,raw_metric,modes_experiment/fresh_analysis/derived/a02_tap_count_summary.csv,accepted,Pressure-only + physics; 8 cylinder pressure taps.
A02,pressure_only_physics_8_taps,tap_count,field.p.rel_L2,near-wake,0.6500864028930664,dimensionless,CFD,raw_metric,modes_experiment/fresh_analysis/derived/a02_tap_count_summary.csv,accepted,Pressure-only + physics; 8 cylinder pressure taps.
A02,pressure_only_physics_8_taps,tap_count,field.u.rel_L2,far-wake,0.5480369329452515,dimensionless,CFD,raw_metric,modes_experiment/fresh_analysis/derived/a02_tap_count_summary.csv,accepted,Pressure-only + physics; 8 cylinder pressure taps.
A02,pressure_only_physics_8_taps,tap_count,field.v.rel_L2,far-wake,1.0355051755905151,dimensionless,CFD,raw_metric,modes_experiment/fresh_analysis/derived/a02_tap_count_summary.csv,accepted,Pressure-only + physics; 8 cylinder pressure taps.
A02,pressure_only_physics_8_taps,tap_count,field.p.rel_L2,far-wake,2.504743814468384,dimensionless,CFD,raw_metric,modes_experiment/fresh_analysis/derived/a02_tap_count_summary.csv,accepted,Pressure-only + physics; 8 cylinder pressure taps.
A02,pressure_only_physics_8_taps,tap_count,field.u.rel_L2,far-core,0.6313831210136414,dimensionless,CFD,raw_metric,modes_experiment/fresh_analysis/derived/a02_tap_count_summary.csv,accepted,Pressure-only + physics; 8 cylinder pressure taps.
A02,pressure_only_physics_8_taps,tap_count,field.v.rel_L2,far-core,1.0138248205184937,dimensionless,CFD,raw_metric,modes_experiment/fresh_analysis/derived/a02_tap_count_summary.csv,accepted,Pressure-only + physics; 8 cylinder pressure taps.
A02,pressure_only_physics_8_taps,tap_count,field.p.rel_L2,far-core,2.0009260177612305,dimensionless,CFD,raw_metric,modes_experiment/fresh_analysis/derived/a02_tap_count_summary.csv,accepted,Pressure-only + physics; 8 cylinder pressure taps.
A02,pressure_only_physics_8_taps,tap_count,field.u.rel_L2,other,0.07508361339569092,dimensionless,CFD,raw_metric,modes_experiment/fresh_analysis/derived/a02_tap_count_summary.csv,accepted,Pressure-only + physics; 8 cylinder pressure taps.
A02,pressure_only_physics_8_taps,tap_count,field.v.rel_L2,other,0.17537271976470947,dimensionless,CFD,raw_metric,modes_experiment/fresh_analysis/derived/a02_tap_count_summary.csv,accepted,Pressure-only + physics; 8 cylinder pressure taps.
A02,pressure_only_physics_8_taps,tap_count,field.p.rel_L2,other,0.30188801884651184,dimensionless,CFD,raw_metric,modes_experiment/fresh_analysis/derived/a02_tap_count_summary.csv,accepted,Pressure-only + physics; 8 cylinder pressure taps.
A02,pressure_only_physics_8_taps,tap_count,field.u.rel_L2,whole-domain,0.38466066122055054,dimensionless,CFD,raw_metric,modes_experiment/fresh_analysis/derived/a02_tap_count_summary.csv,accepted,Pressure-only + physics; 8 cylinder pressure taps.
A02,pressure_only_physics_8_taps,tap_count,field.v.rel_L2,whole-domain,0.8278552293777466,dimensionless,CFD,raw_metric,modes_experiment/fresh_analysis/derived/a02_tap_count_summary.csv,accepted,Pressure-only + physics; 8 cylinder pressure taps.
A02,pressure_only_physics_8_taps,tap_count,field.p.rel_L2,whole-domain,0.605472981929779,dimensionless,CFD,raw_metric,modes_experiment/fresh_analysis/derived/a02_tap_count_summary.csv,accepted,Pressure-only + physics; 8 cylinder pressure taps.
A02,pressure_only_physics_8_taps,tap_count,v1_mode.v.n,near-cylinder,13715,count,region node count,raw_metric,modes_experiment/fresh_analysis/derived/a02_tap_count_summary.csv,accepted,Pressure-only + physics; 8 cylinder pressure taps.
A02,pressure_only_physics_8_taps,tap_count,v1_mode.v.rel_L2,near-cylinder,0.770874558696153,dimensionless,CFD,raw_metric,modes_experiment/fresh_analysis/derived/a02_tap_count_summary.csv,accepted,Pressure-only + physics; 8 cylinder pressure taps.
A02,pressure_only_physics_8_taps,tap_count,v1_mode.v.amp_ratio,near-cylinder,0.3066118548942568,dimensionless,ideal 1,raw_metric,modes_experiment/fresh_analysis/derived/a02_tap_count_summary.csv,accepted,Pressure-only + physics; 8 cylinder pressure taps.
A02,pressure_only_physics_8_taps,tap_count,v1_mode.v.corr,near-cylinder,0.820138431879499,dimensionless,ideal 1,raw_metric,modes_experiment/fresh_analysis/derived/a02_tap_count_summary.csv,accepted,Pressure-only + physics; 8 cylinder pressure taps.
A02,pressure_only_physics_8_taps,tap_count,v1_mode.v.phase_deg,near-cylinder,-6.4313990968371115,degrees,ideal phase 0 deg,raw_metric,modes_experiment/fresh_analysis/derived/a02_tap_count_summary.csv,accepted,Pressure-only + physics; 8 cylinder pressure taps.
A02,pressure_only_physics_8_taps,tap_count,v1_mode.v.n,near-wake,15248,count,region node count,raw_metric,modes_experiment/fresh_analysis/derived/a02_tap_count_summary.csv,accepted,Pressure-only + physics; 8 cylinder pressure taps.
A02,pressure_only_physics_8_taps,tap_count,v1_mode.v.rel_L2,near-wake,1.0444173748219172,dimensionless,CFD,raw_metric,modes_experiment/fresh_analysis/derived/a02_tap_count_summary.csv,accepted,Pressure-only + physics; 8 cylinder pressure taps.
A02,pressure_only_physics_8_taps,tap_count,v1_mode.v.amp_ratio,near-wake,0.13122838476609108,dimensionless,ideal 1,raw_metric,modes_experiment/fresh_analysis/derived/a02_tap_count_summary.csv,accepted,Pressure-only + physics; 8 cylinder pressure taps.
A02,pressure_only_physics_8_taps,tap_count,v1_mode.v.corr,near-wake,0.3462010470495233,dimensionless,ideal 1,raw_metric,modes_experiment/fresh_analysis/derived/a02_tap_count_summary.csv,accepted,Pressure-only + physics; 8 cylinder pressure taps.
A02,pressure_only_physics_8_taps,tap_count,v1_mode.v.phase_deg,near-wake,144.08291082625166,degrees,ideal phase 0 deg,raw_metric,modes_experiment/fresh_analysis/derived/a02_tap_count_summary.csv,accepted,Pressure-only + physics; 8 cylinder pressure taps.
A02,pressure_only_physics_8_taps,tap_count,v1_mode.v.n,far-wake,16393,count,region node count,raw_metric,modes_experiment/fresh_analysis/derived/a02_tap_count_summary.csv,accepted,Pressure-only + physics; 8 cylinder pressure taps.
A02,pressure_only_physics_8_taps,tap_count,v1_mode.v.rel_L2,far-wake,0.9928936131368976,dimensionless,CFD,raw_metric,modes_experiment/fresh_analysis/derived/a02_tap_count_summary.csv,accepted,Pressure-only + physics; 8 cylinder pressure taps.
A02,pressure_only_physics_8_taps,tap_count,v1_mode.v.amp_ratio,far-wake,0.08572913251368051,dimensionless,ideal 1,raw_metric,modes_experiment/fresh_analysis/derived/a02_tap_count_summary.csv,accepted,Pressure-only + physics; 8 cylinder pressure taps.
A02,pressure_only_physics_8_taps,tap_count,v1_mode.v.corr,far-wake,0.13683469320995115,dimensionless,ideal 1,raw_metric,modes_experiment/fresh_analysis/derived/a02_tap_count_summary.csv,accepted,Pressure-only + physics; 8 cylinder pressure taps.
A02,pressure_only_physics_8_taps,tap_count,v1_mode.v.phase_deg,far-wake,-23.52321271593309,degrees,ideal phase 0 deg,raw_metric,modes_experiment/fresh_analysis/derived/a02_tap_count_summary.csv,accepted,Pressure-only + physics; 8 cylinder pressure taps.
A02,pressure_only_physics_8_taps,tap_count,v1_mode.v.n,far-core,12460,count,region node count,raw_metric,modes_experiment/fresh_analysis/derived/a02_tap_count_summary.csv,accepted,Pressure-only + physics; 8 cylinder pressure taps.
A02,pressure_only_physics_8_taps,tap_count,v1_mode.v.rel_L2,far-core,0.9922809120688576,dimensionless,CFD,raw_metric,modes_experiment/fresh_analysis/derived/a02_tap_count_summary.csv,accepted,Pressure-only + physics; 8 cylinder pressure taps.
A02,pressure_only_physics_8_taps,tap_count,v1_mode.v.amp_ratio,far-core,0.07589276873458732,dimensionless,ideal 1,raw_metric,modes_experiment/fresh_analysis/derived/a02_tap_count_summary.csv,accepted,Pressure-only + physics; 8 cylinder pressure taps.
A02,pressure_only_physics_8_taps,tap_count,v1_mode.v.corr,far-core,0.1560560966010383,dimensionless,ideal 1,raw_metric,modes_experiment/fresh_analysis/derived/a02_tap_count_summary.csv,accepted,Pressure-only + physics; 8 cylinder pressure taps.
A02,pressure_only_physics_8_taps,tap_count,v1_mode.v.phase_deg,far-core,-26.82374880807862,degrees,ideal phase 0 deg,raw_metric,modes_experiment/fresh_analysis/derived/a02_tap_count_summary.csv,accepted,Pressure-only + physics; 8 cylinder pressure taps.
A02,pressure_only_physics_8_taps,tap_count,v1_mode.v.n,other,6298,count,region node count,raw_metric,modes_experiment/fresh_analysis/derived/a02_tap_count_summary.csv,accepted,Pressure-only + physics; 8 cylinder pressure taps.
A02,pressure_only_physics_8_taps,tap_count,v1_mode.v.rel_L2,other,2.5732646628964906,dimensionless,CFD,raw_metric,modes_experiment/fresh_analysis/derived/a02_tap_count_summary.csv,accepted,Pressure-only + physics; 8 cylinder pressure taps.
A02,pressure_only_physics_8_taps,tap_count,v1_mode.v.amp_ratio,other,2.548801810105761,dimensionless,ideal 1,raw_metric,modes_experiment/fresh_analysis/derived/a02_tap_count_summary.csv,accepted,Pressure-only + physics; 8 cylinder pressure taps.
A02,pressure_only_physics_8_taps,tap_count,v1_mode.v.corr,other,0.2463796818175955,dimensionless,ideal 1,raw_metric,modes_experiment/fresh_analysis/derived/a02_tap_count_summary.csv,accepted,Pressure-only + physics; 8 cylinder pressure taps.
A02,pressure_only_physics_8_taps,tap_count,v1_mode.v.phase_deg,other,-45.85737285761865,degrees,ideal phase 0 deg,raw_metric,modes_experiment/fresh_analysis/derived/a02_tap_count_summary.csv,accepted,Pressure-only + physics; 8 cylinder pressure taps.
A02,pressure_only_physics_8_taps,tap_count,v1_mode.v.n,whole-domain,51654,count,region node count,raw_metric,modes_experiment/fresh_analysis/derived/a02_tap_count_summary.csv,accepted,Pressure-only + physics; 8 cylinder pressure taps.
A02,pressure_only_physics_8_taps,tap_count,v1_mode.v.rel_L2,whole-domain,1.007830545282121,dimensionless,CFD,raw_metric,modes_experiment/fresh_analysis/derived/a02_tap_count_summary.csv,accepted,Pressure-only + physics; 8 cylinder pressure taps.
A02,pressure_only_physics_8_taps,tap_count,v1_mode.v.amp_ratio,whole-domain,0.11433658673053135,dimensionless,ideal 1,raw_metric,modes_experiment/fresh_analysis/derived/a02_tap_count_summary.csv,accepted,Pressure-only + physics; 8 cylinder pressure taps.
A02,pressure_only_physics_8_taps,tap_count,v1_mode.v.corr,whole-domain,0.04344600294789235,dimensionless,ideal 1,raw_metric,modes_experiment/fresh_analysis/derived/a02_tap_count_summary.csv,accepted,Pressure-only + physics; 8 cylinder pressure taps.
A02,pressure_only_physics_8_taps,tap_count,v1_mode.v.phase_deg,whole-domain,105.46742715855312,degrees,ideal phase 0 deg,raw_metric,modes_experiment/fresh_analysis/derived/a02_tap_count_summary.csv,accepted,Pressure-only + physics; 8 cylinder pressure taps.
A02,pressure_only_physics_16_taps,tap_count,field.u.rel_L2,near-cylinder,0.053224727511405945,dimensionless,CFD,raw_metric,modes_experiment/fresh_analysis/derived/a02_tap_count_summary.csv,accepted,Pressure-only + physics; 16 cylinder pressure taps.
A02,pressure_only_physics_16_taps,tap_count,field.v.rel_L2,near-cylinder,0.11401001363992691,dimensionless,CFD,raw_metric,modes_experiment/fresh_analysis/derived/a02_tap_count_summary.csv,accepted,Pressure-only + physics; 16 cylinder pressure taps.
A02,pressure_only_physics_16_taps,tap_count,field.p.rel_L2,near-cylinder,0.01895841769874096,dimensionless,CFD,raw_metric,modes_experiment/fresh_analysis/derived/a02_tap_count_summary.csv,accepted,Pressure-only + physics; 16 cylinder pressure taps.
A02,pressure_only_physics_16_taps,tap_count,field.u.rel_L2,near-wake,0.2949351966381073,dimensionless,CFD,raw_metric,modes_experiment/fresh_analysis/derived/a02_tap_count_summary.csv,accepted,Pressure-only + physics; 16 cylinder pressure taps.
A02,pressure_only_physics_16_taps,tap_count,field.v.rel_L2,near-wake,1.1257730722427368,dimensionless,CFD,raw_metric,modes_experiment/fresh_analysis/derived/a02_tap_count_summary.csv,accepted,Pressure-only + physics; 16 cylinder pressure taps.
A02,pressure_only_physics_16_taps,tap_count,field.p.rel_L2,near-wake,0.6854112148284912,dimensionless,CFD,raw_metric,modes_experiment/fresh_analysis/derived/a02_tap_count_summary.csv,accepted,Pressure-only + physics; 16 cylinder pressure taps.
A02,pressure_only_physics_16_taps,tap_count,field.u.rel_L2,far-wake,0.5786994099617004,dimensionless,CFD,raw_metric,modes_experiment/fresh_analysis/derived/a02_tap_count_summary.csv,accepted,Pressure-only + physics; 16 cylinder pressure taps.
A02,pressure_only_physics_16_taps,tap_count,field.v.rel_L2,far-wake,1.0503432750701904,dimensionless,CFD,raw_metric,modes_experiment/fresh_analysis/derived/a02_tap_count_summary.csv,accepted,Pressure-only + physics; 16 cylinder pressure taps.
A02,pressure_only_physics_16_taps,tap_count,field.p.rel_L2,far-wake,2.7731873989105225,dimensionless,CFD,raw_metric,modes_experiment/fresh_analysis/derived/a02_tap_count_summary.csv,accepted,Pressure-only + physics; 16 cylinder pressure taps.
A02,pressure_only_physics_16_taps,tap_count,field.u.rel_L2,far-core,0.6747479438781738,dimensionless,CFD,raw_metric,modes_experiment/fresh_analysis/derived/a02_tap_count_summary.csv,accepted,Pressure-only + physics; 16 cylinder pressure taps.
A02,pressure_only_physics_16_taps,tap_count,field.v.rel_L2,far-core,1.0232127904891968,dimensionless,CFD,raw_metric,modes_experiment/fresh_analysis/derived/a02_tap_count_summary.csv,accepted,Pressure-only + physics; 16 cylinder pressure taps.
A02,pressure_only_physics_16_taps,tap_count,field.p.rel_L2,far-core,2.2428393363952637,dimensionless,CFD,raw_metric,modes_experiment/fresh_analysis/derived/a02_tap_count_summary.csv,accepted,Pressure-only + physics; 16 cylinder pressure taps.
A02,pressure_only_physics_16_taps,tap_count,field.u.rel_L2,other,0.06217988580465317,dimensionless,CFD,raw_metric,modes_experiment/fresh_analysis/derived/a02_tap_count_summary.csv,accepted,Pressure-only + physics; 16 cylinder pressure taps.
A02,pressure_only_physics_16_taps,tap_count,field.v.rel_L2,other,0.1882726401090622,dimensionless,CFD,raw_metric,modes_experiment/fresh_analysis/derived/a02_tap_count_summary.csv,accepted,Pressure-only + physics; 16 cylinder pressure taps.
A02,pressure_only_physics_16_taps,tap_count,field.p.rel_L2,other,0.345451682806015,dimensionless,CFD,raw_metric,modes_experiment/fresh_analysis/derived/a02_tap_count_summary.csv,accepted,Pressure-only + physics; 16 cylinder pressure taps.
A02,pressure_only_physics_16_taps,tap_count,field.u.rel_L2,whole-domain,0.40163329243659973,dimensionless,CFD,raw_metric,modes_experiment/fresh_analysis/derived/a02_tap_count_summary.csv,accepted,Pressure-only + physics; 16 cylinder pressure taps.
A02,pressure_only_physics_16_taps,tap_count,field.v.rel_L2,whole-domain,0.8465421199798584,dimensionless,CFD,raw_metric,modes_experiment/fresh_analysis/derived/a02_tap_count_summary.csv,accepted,Pressure-only + physics; 16 cylinder pressure taps.
A02,pressure_only_physics_16_taps,tap_count,field.p.rel_L2,whole-domain,0.6563698649406433,dimensionless,CFD,raw_metric,modes_experiment/fresh_analysis/derived/a02_tap_count_summary.csv,accepted,Pressure-only + physics; 16 cylinder pressure taps.
A02,pressure_only_physics_16_taps,tap_count,v1_mode.v.n,near-cylinder,13715,count,region node count,raw_metric,modes_experiment/fresh_analysis/derived/a02_tap_count_summary.csv,accepted,Pressure-only + physics; 16 cylinder pressure taps.
A02,pressure_only_physics_16_taps,tap_count,v1_mode.v.rel_L2,near-cylinder,0.7088253723176763,dimensionless,CFD,raw_metric,modes_experiment/fresh_analysis/derived/a02_tap_count_summary.csv,accepted,Pressure-only + physics; 16 cylinder pressure taps.
A02,pressure_only_physics_16_taps,tap_count,v1_mode.v.amp_ratio,near-cylinder,0.37231059009599216,dimensionless,ideal 1,raw_metric,modes_experiment/fresh_analysis/derived/a02_tap_count_summary.csv,accepted,Pressure-only + physics; 16 cylinder pressure taps.
A02,pressure_only_physics_16_taps,tap_count,v1_mode.v.corr,near-cylinder,0.8572082040636148,dimensionless,ideal 1,raw_metric,modes_experiment/fresh_analysis/derived/a02_tap_count_summary.csv,accepted,Pressure-only + physics; 16 cylinder pressure taps.
A02,pressure_only_physics_16_taps,tap_count,v1_mode.v.phase_deg,near-cylinder,4.664014512847771,degrees,ideal phase 0 deg,raw_metric,modes_experiment/fresh_analysis/derived/a02_tap_count_summary.csv,accepted,Pressure-only + physics; 16 cylinder pressure taps.
A02,pressure_only_physics_16_taps,tap_count,v1_mode.v.n,near-wake,15248,count,region node count,raw_metric,modes_experiment/fresh_analysis/derived/a02_tap_count_summary.csv,accepted,Pressure-only + physics; 16 cylinder pressure taps.
A02,pressure_only_physics_16_taps,tap_count,v1_mode.v.rel_L2,near-wake,1.0595320127381642,dimensionless,CFD,raw_metric,modes_experiment/fresh_analysis/derived/a02_tap_count_summary.csv,accepted,Pressure-only + physics; 16 cylinder pressure taps.
A02,pressure_only_physics_16_taps,tap_count,v1_mode.v.amp_ratio,near-wake,0.16826164604830984,dimensionless,ideal 1,raw_metric,modes_experiment/fresh_analysis/derived/a02_tap_count_summary.csv,accepted,Pressure-only + physics; 16 cylinder pressure taps.
A02,pressure_only_physics_16_taps,tap_count,v1_mode.v.corr,near-wake,0.36408852607231523,dimensionless,ideal 1,raw_metric,modes_experiment/fresh_analysis/derived/a02_tap_count_summary.csv,accepted,Pressure-only + physics; 16 cylinder pressure taps.
A02,pressure_only_physics_16_taps,tap_count,v1_mode.v.phase_deg,near-wake,140.31902767891327,degrees,ideal phase 0 deg,raw_metric,modes_experiment/fresh_analysis/derived/a02_tap_count_summary.csv,accepted,Pressure-only + physics; 16 cylinder pressure taps.
A02,pressure_only_physics_16_taps,tap_count,v1_mode.v.n,far-wake,16393,count,region node count,raw_metric,modes_experiment/fresh_analysis/derived/a02_tap_count_summary.csv,accepted,Pressure-only + physics; 16 cylinder pressure taps.
A02,pressure_only_physics_16_taps,tap_count,v1_mode.v.rel_L2,far-wake,0.993534721472441,dimensionless,CFD,raw_metric,modes_experiment/fresh_analysis/derived/a02_tap_count_summary.csv,accepted,Pressure-only + physics; 16 cylinder pressure taps.
A02,pressure_only_physics_16_taps,tap_count,v1_mode.v.amp_ratio,far-wake,0.11138574296058376,dimensionless,ideal 1,raw_metric,modes_experiment/fresh_analysis/derived/a02_tap_count_summary.csv,accepted,Pressure-only + physics; 16 cylinder pressure taps.
A02,pressure_only_physics_16_taps,tap_count,v1_mode.v.corr,far-wake,0.11988853283296688,dimensionless,ideal 1,raw_metric,modes_experiment/fresh_analysis/derived/a02_tap_count_summary.csv,accepted,Pressure-only + physics; 16 cylinder pressure taps.
A02,pressure_only_physics_16_taps,tap_count,v1_mode.v.phase_deg,far-wake,-18.715457983500176,degrees,ideal phase 0 deg,raw_metric,modes_experiment/fresh_analysis/derived/a02_tap_count_summary.csv,accepted,Pressure-only + physics; 16 cylinder pressure taps.
A02,pressure_only_physics_16_taps,tap_count,v1_mode.v.n,far-core,12460,count,region node count,raw_metric,modes_experiment/fresh_analysis/derived/a02_tap_count_summary.csv,accepted,Pressure-only + physics; 16 cylinder pressure taps.
A02,pressure_only_physics_16_taps,tap_count,v1_mode.v.rel_L2,far-core,0.9923024092308341,dimensionless,CFD,raw_metric,modes_experiment/fresh_analysis/derived/a02_tap_count_summary.csv,accepted,Pressure-only + physics; 16 cylinder pressure taps.
A02,pressure_only_physics_16_taps,tap_count,v1_mode.v.amp_ratio,far-core,0.09844119183470144,dimensionless,ideal 1,raw_metric,modes_experiment/fresh_analysis/derived/a02_tap_count_summary.csv,accepted,Pressure-only + physics; 16 cylinder pressure taps.
A02,pressure_only_physics_16_taps,tap_count,v1_mode.v.corr,far-core,0.13764491331642495,dimensionless,ideal 1,raw_metric,modes_experiment/fresh_analysis/derived/a02_tap_count_summary.csv,accepted,Pressure-only + physics; 16 cylinder pressure taps.
A02,pressure_only_physics_16_taps,tap_count,v1_mode.v.phase_deg,far-core,-22.557431678229662,degrees,ideal phase 0 deg,raw_metric,modes_experiment/fresh_analysis/derived/a02_tap_count_summary.csv,accepted,Pressure-only + physics; 16 cylinder pressure taps.
A02,pressure_only_physics_16_taps,tap_count,v1_mode.v.n,other,6298,count,region node count,raw_metric,modes_experiment/fresh_analysis/derived/a02_tap_count_summary.csv,accepted,Pressure-only + physics; 16 cylinder pressure taps.
A02,pressure_only_physics_16_taps,tap_count,v1_mode.v.rel_L2,other,3.489264177980177,dimensionless,CFD,raw_metric,modes_experiment/fresh_analysis/derived/a02_tap_count_summary.csv,accepted,Pressure-only + physics; 16 cylinder pressure taps.
A02,pressure_only_physics_16_taps,tap_count,v1_mode.v.amp_ratio,other,3.4921813271403224,dimensionless,ideal 1,raw_metric,modes_experiment/fresh_analysis/derived/a02_tap_count_summary.csv,accepted,Pressure-only + physics; 16 cylinder pressure taps.
A02,pressure_only_physics_16_taps,tap_count,v1_mode.v.corr,other,0.26994844949577573,dimensionless,ideal 1,raw_metric,modes_experiment/fresh_analysis/derived/a02_tap_count_summary.csv,accepted,Pressure-only + physics; 16 cylinder pressure taps.
A02,pressure_only_physics_16_taps,tap_count,v1_mode.v.phase_deg,other,-57.23543800568779,degrees,ideal phase 0 deg,raw_metric,modes_experiment/fresh_analysis/derived/a02_tap_count_summary.csv,accepted,Pressure-only + physics; 16 cylinder pressure taps.
A02,pressure_only_physics_16_taps,tap_count,v1_mode.v.n,whole-domain,51654,count,region node count,raw_metric,modes_experiment/fresh_analysis/derived/a02_tap_count_summary.csv,accepted,Pressure-only + physics; 16 cylinder pressure taps.
A02,pressure_only_physics_16_taps,tap_count,v1_mode.v.rel_L2,whole-domain,1.0133620664521357,dimensionless,CFD,raw_metric,modes_experiment/fresh_analysis/derived/a02_tap_count_summary.csv,accepted,Pressure-only + physics; 16 cylinder pressure taps.
A02,pressure_only_physics_16_taps,tap_count,v1_mode.v.amp_ratio,whole-domain,0.14799989297918,dimensionless,ideal 1,raw_metric,modes_experiment/fresh_analysis/derived/a02_tap_count_summary.csv,accepted,Pressure-only + physics; 16 cylinder pressure taps.
A02,pressure_only_physics_16_taps,tap_count,v1_mode.v.corr,whole-domain,0.06647303979127224,dimensionless,ideal 1,raw_metric,modes_experiment/fresh_analysis/derived/a02_tap_count_summary.csv,accepted,Pressure-only + physics; 16 cylinder pressure taps.
A02,pressure_only_physics_16_taps,tap_count,v1_mode.v.phase_deg,whole-domain,104.71736128331936,degrees,ideal phase 0 deg,raw_metric,modes_experiment/fresh_analysis/derived/a02_tap_count_summary.csv,accepted,Pressure-only + physics; 16 cylinder pressure taps.
A02,pressure_only_physics_32_taps,tap_count,field.u.rel_L2,near-cylinder,0.04342290014028549,dimensionless,CFD,raw_metric,modes_experiment/fresh_analysis/derived/a02_tap_count_summary.csv,accepted,Pressure-only + physics; 32 cylinder pressure taps.
A02,pressure_only_physics_32_taps,tap_count,field.v.rel_L2,near-cylinder,0.14143913984298706,dimensionless,CFD,raw_metric,modes_experiment/fresh_analysis/derived/a02_tap_count_summary.csv,accepted,Pressure-only + physics; 32 cylinder pressure taps.
A02,pressure_only_physics_32_taps,tap_count,field.p.rel_L2,near-cylinder,0.01867641694843769,dimensionless,CFD,raw_metric,modes_experiment/fresh_analysis/derived/a02_tap_count_summary.csv,accepted,Pressure-only + physics; 32 cylinder pressure taps.
A02,pressure_only_physics_32_taps,tap_count,field.u.rel_L2,near-wake,0.2727372944355011,dimensionless,CFD,raw_metric,modes_experiment/fresh_analysis/derived/a02_tap_count_summary.csv,accepted,Pressure-only + physics; 32 cylinder pressure taps.
A02,pressure_only_physics_32_taps,tap_count,field.v.rel_L2,near-wake,1.0366290807724,dimensionless,CFD,raw_metric,modes_experiment/fresh_analysis/derived/a02_tap_count_summary.csv,accepted,Pressure-only + physics; 32 cylinder pressure taps.
A02,pressure_only_physics_32_taps,tap_count,field.p.rel_L2,near-wake,0.6163440942764282,dimensionless,CFD,raw_metric,modes_experiment/fresh_analysis/derived/a02_tap_count_summary.csv,accepted,Pressure-only + physics; 32 cylinder pressure taps.
A02,pressure_only_physics_32_taps,tap_count,field.u.rel_L2,far-wake,0.5002196431159973,dimensionless,CFD,raw_metric,modes_experiment/fresh_analysis/derived/a02_tap_count_summary.csv,accepted,Pressure-only + physics; 32 cylinder pressure taps.
A02,pressure_only_physics_32_taps,tap_count,field.v.rel_L2,far-wake,1.0139986276626587,dimensionless,CFD,raw_metric,modes_experiment/fresh_analysis/derived/a02_tap_count_summary.csv,accepted,Pressure-only + physics; 32 cylinder pressure taps.
A02,pressure_only_physics_32_taps,tap_count,field.p.rel_L2,far-wake,2.3332183361053467,dimensionless,CFD,raw_metric,modes_experiment/fresh_analysis/derived/a02_tap_count_summary.csv,accepted,Pressure-only + physics; 32 cylinder pressure taps.
A02,pressure_only_physics_32_taps,tap_count,field.u.rel_L2,far-core,0.5826302766799927,dimensionless,CFD,raw_metric,modes_experiment/fresh_analysis/derived/a02_tap_count_summary.csv,accepted,Pressure-only + physics; 32 cylinder pressure taps.
A02,pressure_only_physics_32_taps,tap_count,field.v.rel_L2,far-core,1.0038522481918335,dimensionless,CFD,raw_metric,modes_experiment/fresh_analysis/derived/a02_tap_count_summary.csv,accepted,Pressure-only + physics; 32 cylinder pressure taps.
A02,pressure_only_physics_32_taps,tap_count,field.p.rel_L2,far-core,1.9013025760650635,dimensionless,CFD,raw_metric,modes_experiment/fresh_analysis/derived/a02_tap_count_summary.csv,accepted,Pressure-only + physics; 32 cylinder pressure taps.
A02,pressure_only_physics_32_taps,tap_count,field.u.rel_L2,other,0.06775574386119843,dimensionless,CFD,raw_metric,modes_experiment/fresh_analysis/derived/a02_tap_count_summary.csv,accepted,Pressure-only + physics; 32 cylinder pressure taps.
A02,pressure_only_physics_32_taps,tap_count,field.v.rel_L2,other,0.12204265594482422,dimensionless,CFD,raw_metric,modes_experiment/fresh_analysis/derived/a02_tap_count_summary.csv,accepted,Pressure-only + physics; 32 cylinder pressure taps.
A02,pressure_only_physics_32_taps,tap_count,field.p.rel_L2,other,0.19711746275424957,dimensionless,CFD,raw_metric,modes_experiment/fresh_analysis/derived/a02_tap_count_summary.csv,accepted,Pressure-only + physics; 32 cylinder pressure taps.
A02,pressure_only_physics_32_taps,tap_count,field.u.rel_L2,whole-domain,0.35252973437309265,dimensionless,CFD,raw_metric,modes_experiment/fresh_analysis/derived/a02_tap_count_summary.csv,accepted,Pressure-only + physics; 32 cylinder pressure taps.
A02,pressure_only_physics_32_taps,tap_count,field.v.rel_L2,whole-domain,0.8035315275192261,dimensionless,CFD,raw_metric,modes_experiment/fresh_analysis/derived/a02_tap_count_summary.csv,accepted,Pressure-only + physics; 32 cylinder pressure taps.
A02,pressure_only_physics_32_taps,tap_count,field.p.rel_L2,whole-domain,0.5622267723083496,dimensionless,CFD,raw_metric,modes_experiment/fresh_analysis/derived/a02_tap_count_summary.csv,accepted,Pressure-only + physics; 32 cylinder pressure taps.
A02,pressure_only_physics_32_taps,tap_count,v1_mode.v.n,near-cylinder,13715,count,region node count,raw_metric,modes_experiment/fresh_analysis/derived/a02_tap_count_summary.csv,accepted,Pressure-only + physics; 32 cylinder pressure taps.
A02,pressure_only_physics_32_taps,tap_count,v1_mode.v.rel_L2,near-cylinder,0.9109855202529975,dimensionless,CFD,raw_metric,modes_experiment/fresh_analysis/derived/a02_tap_count_summary.csv,accepted,Pressure-only + physics; 32 cylinder pressure taps.
A02,pressure_only_physics_32_taps,tap_count,v1_mode.v.amp_ratio,near-cylinder,0.2329956420896799,dimensionless,ideal 1,raw_metric,modes_experiment/fresh_analysis/derived/a02_tap_count_summary.csv,accepted,Pressure-only + physics; 32 cylinder pressure taps.
A02,pressure_only_physics_32_taps,tap_count,v1_mode.v.corr,near-cylinder,0.5901849294755548,dimensionless,ideal 1,raw_metric,modes_experiment/fresh_analysis/derived/a02_tap_count_summary.csv,accepted,Pressure-only + physics; 32 cylinder pressure taps.
A02,pressure_only_physics_32_taps,tap_count,v1_mode.v.phase_deg,near-cylinder,-35.322581399189,degrees,ideal phase 0 deg,raw_metric,modes_experiment/fresh_analysis/derived/a02_tap_count_summary.csv,accepted,Pressure-only + physics; 32 cylinder pressure taps.
A02,pressure_only_physics_32_taps,tap_count,v1_mode.v.n,near-wake,15248,count,region node count,raw_metric,modes_experiment/fresh_analysis/derived/a02_tap_count_summary.csv,accepted,Pressure-only + physics; 32 cylinder pressure taps.
A02,pressure_only_physics_32_taps,tap_count,v1_mode.v.rel_L2,near-wake,1.002758461783868,dimensionless,CFD,raw_metric,modes_experiment/fresh_analysis/derived/a02_tap_count_summary.csv,accepted,Pressure-only + physics; 32 cylinder pressure taps.
A02,pressure_only_physics_32_taps,tap_count,v1_mode.v.amp_ratio,near-wake,0.05354769742155542,dimensionless,ideal 1,raw_metric,modes_experiment/fresh_analysis/derived/a02_tap_count_summary.csv,accepted,Pressure-only + physics; 32 cylinder pressure taps.
A02,pressure_only_physics_32_taps,tap_count,v1_mode.v.corr,near-wake,0.08222242151454576,dimensionless,ideal 1,raw_metric,modes_experiment/fresh_analysis/derived/a02_tap_count_summary.csv,accepted,Pressure-only + physics; 32 cylinder pressure taps.
A02,pressure_only_physics_32_taps,tap_count,v1_mode.v.phase_deg,near-wake,107.56324823465752,degrees,ideal phase 0 deg,raw_metric,modes_experiment/fresh_analysis/derived/a02_tap_count_summary.csv,accepted,Pressure-only + physics; 32 cylinder pressure taps.
A02,pressure_only_physics_32_taps,tap_count,v1_mode.v.n,far-wake,16393,count,region node count,raw_metric,modes_experiment/fresh_analysis/derived/a02_tap_count_summary.csv,accepted,Pressure-only + physics; 32 cylinder pressure taps.
A02,pressure_only_physics_32_taps,tap_count,v1_mode.v.rel_L2,far-wake,0.9975692708101322,dimensionless,CFD,raw_metric,modes_experiment/fresh_analysis/derived/a02_tap_count_summary.csv,accepted,Pressure-only + physics; 32 cylinder pressure taps.
A02,pressure_only_physics_32_taps,tap_count,v1_mode.v.amp_ratio,far-wake,0.021598274531735875,dimensionless,ideal 1,raw_metric,modes_experiment/fresh_analysis/derived/a02_tap_count_summary.csv,accepted,Pressure-only + physics; 32 cylinder pressure taps.
A02,pressure_only_physics_32_taps,tap_count,v1_mode.v.corr,far-wake,0.1416338488100317,dimensionless,ideal 1,raw_metric,modes_experiment/fresh_analysis/derived/a02_tap_count_summary.csv,accepted,Pressure-only + physics; 32 cylinder pressure taps.
A02,pressure_only_physics_32_taps,tap_count,v1_mode.v.phase_deg,far-wake,29.554766401013815,degrees,ideal phase 0 deg,raw_metric,modes_experiment/fresh_analysis/derived/a02_tap_count_summary.csv,accepted,Pressure-only + physics; 32 cylinder pressure taps.
A02,pressure_only_physics_32_taps,tap_count,v1_mode.v.n,far-core,12460,count,region node count,raw_metric,modes_experiment/fresh_analysis/derived/a02_tap_count_summary.csv,accepted,Pressure-only + physics; 32 cylinder pressure taps.
A02,pressure_only_physics_32_taps,tap_count,v1_mode.v.rel_L2,far-core,0.997442441082733,dimensionless,CFD,raw_metric,modes_experiment/fresh_analysis/derived/a02_tap_count_summary.csv,accepted,Pressure-only + physics; 32 cylinder pressure taps.
A02,pressure_only_physics_32_taps,tap_count,v1_mode.v.amp_ratio,far-core,0.018948152768257277,dimensionless,ideal 1,raw_metric,modes_experiment/fresh_analysis/derived/a02_tap_count_summary.csv,accepted,Pressure-only + physics; 32 cylinder pressure taps.
A02,pressure_only_physics_32_taps,tap_count,v1_mode.v.corr,far-core,0.16035718037970534,dimensionless,ideal 1,raw_metric,modes_experiment/fresh_analysis/derived/a02_tap_count_summary.csv,accepted,Pressure-only + physics; 32 cylinder pressure taps.
A02,pressure_only_physics_32_taps,tap_count,v1_mode.v.phase_deg,far-core,25.877405514357914,degrees,ideal phase 0 deg,raw_metric,modes_experiment/fresh_analysis/derived/a02_tap_count_summary.csv,accepted,Pressure-only + physics; 32 cylinder pressure taps.
A02,pressure_only_physics_32_taps,tap_count,v1_mode.v.n,other,6298,count,region node count,raw_metric,modes_experiment/fresh_analysis/derived/a02_tap_count_summary.csv,accepted,Pressure-only + physics; 32 cylinder pressure taps.
A02,pressure_only_physics_32_taps,tap_count,v1_mode.v.rel_L2,other,1.0429656925989803,dimensionless,CFD,raw_metric,modes_experiment/fresh_analysis/derived/a02_tap_count_summary.csv,accepted,Pressure-only + physics; 32 cylinder pressure taps.
A02,pressure_only_physics_32_taps,tap_count,v1_mode.v.amp_ratio,other,1.214686575140202,dimensionless,ideal 1,raw_metric,modes_experiment/fresh_analysis/derived/a02_tap_count_summary.csv,accepted,Pressure-only + physics; 32 cylinder pressure taps.
A02,pressure_only_physics_32_taps,tap_count,v1_mode.v.corr,other,0.7087490409532666,dimensionless,ideal 1,raw_metric,modes_experiment/fresh_analysis/derived/a02_tap_count_summary.csv,accepted,Pressure-only + physics; 32 cylinder pressure taps.
A02,pressure_only_physics_32_taps,tap_count,v1_mode.v.phase_deg,other,36.298543210193266,degrees,ideal phase 0 deg,raw_metric,modes_experiment/fresh_analysis/derived/a02_tap_count_summary.csv,accepted,Pressure-only + physics; 32 cylinder pressure taps.
A02,pressure_only_physics_32_taps,tap_count,v1_mode.v.n,whole-domain,51654,count,region node count,raw_metric,modes_experiment/fresh_analysis/derived/a02_tap_count_summary.csv,accepted,Pressure-only + physics; 32 cylinder pressure taps.
A02,pressure_only_physics_32_taps,tap_count,v1_mode.v.rel_L2,whole-domain,0.9982590529322467,dimensionless,CFD,raw_metric,modes_experiment/fresh_analysis/derived/a02_tap_count_summary.csv,accepted,Pressure-only + physics; 32 cylinder pressure taps.
A02,pressure_only_physics_32_taps,tap_count,v1_mode.v.amp_ratio,whole-domain,0.047024170317109565,dimensionless,ideal 1,raw_metric,modes_experiment/fresh_analysis/derived/a02_tap_count_summary.csv,accepted,Pressure-only + physics; 32 cylinder pressure taps.
A02,pressure_only_physics_32_taps,tap_count,v1_mode.v.corr,whole-domain,0.06884213593908428,dimensionless,ideal 1,raw_metric,modes_experiment/fresh_analysis/derived/a02_tap_count_summary.csv,accepted,Pressure-only + physics; 32 cylinder pressure taps.
A02,pressure_only_physics_32_taps,tap_count,v1_mode.v.phase_deg,whole-domain,28.49546678561774,degrees,ideal phase 0 deg,raw_metric,modes_experiment/fresh_analysis/derived/a02_tap_count_summary.csv,accepted,Pressure-only + physics; 32 cylinder pressure taps.
A05,prior_physics_uniform_collocation,prior_collocation,field.u.rel_L2,near-cylinder,0.0592205636203289,dimensionless,CFD,raw_metric,modes_experiment/fresh_analysis/derived/a05_prior_collocation_summary.csv,accepted,"201-snapshot common-contract evaluation; v1 in the absolute-time convention (a perfect model scores rel_L2 0 and phase 0); optimizer effort 34643 L-BFGS evaluations, not a controlled budget."
A05,prior_physics_uniform_collocation,prior_collocation,field.v.rel_L2,near-cylinder,0.0647122859954834,dimensionless,CFD,raw_metric,modes_experiment/fresh_analysis/derived/a05_prior_collocation_summary.csv,accepted,"201-snapshot common-contract evaluation; v1 in the absolute-time convention (a perfect model scores rel_L2 0 and phase 0); optimizer effort 34643 L-BFGS evaluations, not a controlled budget."
A05,prior_physics_uniform_collocation,prior_collocation,field.p.rel_L2,near-cylinder,0.017133427783846855,dimensionless,CFD,raw_metric,modes_experiment/fresh_analysis/derived/a05_prior_collocation_summary.csv,accepted,"201-snapshot common-contract evaluation; v1 in the absolute-time convention (a perfect model scores rel_L2 0 and phase 0); optimizer effort 34643 L-BFGS evaluations, not a controlled budget."
A05,prior_physics_uniform_collocation,prior_collocation,field.u.rel_L2,near-wake,0.16433614492416382,dimensionless,CFD,raw_metric,modes_experiment/fresh_analysis/derived/a05_prior_collocation_summary.csv,accepted,"201-snapshot common-contract evaluation; v1 in the absolute-time convention (a perfect model scores rel_L2 0 and phase 0); optimizer effort 34643 L-BFGS evaluations, not a controlled budget."
A05,prior_physics_uniform_collocation,prior_collocation,field.v.rel_L2,near-wake,0.4852791726589203,dimensionless,CFD,raw_metric,modes_experiment/fresh_analysis/derived/a05_prior_collocation_summary.csv,accepted,"201-snapshot common-contract evaluation; v1 in the absolute-time convention (a perfect model scores rel_L2 0 and phase 0); optimizer effort 34643 L-BFGS evaluations, not a controlled budget."
A05,prior_physics_uniform_collocation,prior_collocation,field.p.rel_L2,near-wake,0.3067087233066559,dimensionless,CFD,raw_metric,modes_experiment/fresh_analysis/derived/a05_prior_collocation_summary.csv,accepted,"201-snapshot common-contract evaluation; v1 in the absolute-time convention (a perfect model scores rel_L2 0 and phase 0); optimizer effort 34643 L-BFGS evaluations, not a controlled budget."
A05,prior_physics_uniform_collocation,prior_collocation,field.u.rel_L2,far-wake,0.18780824542045593,dimensionless,CFD,raw_metric,modes_experiment/fresh_analysis/derived/a05_prior_collocation_summary.csv,accepted,"201-snapshot common-contract evaluation; v1 in the absolute-time convention (a perfect model scores rel_L2 0 and phase 0); optimizer effort 34643 L-BFGS evaluations, not a controlled budget."
A05,prior_physics_uniform_collocation,prior_collocation,field.v.rel_L2,far-wake,0.4490889012813568,dimensionless,CFD,raw_metric,modes_experiment/fresh_analysis/derived/a05_prior_collocation_summary.csv,accepted,"201-snapshot common-contract evaluation; v1 in the absolute-time convention (a perfect model scores rel_L2 0 and phase 0); optimizer effort 34643 L-BFGS evaluations, not a controlled budget."
A05,prior_physics_uniform_collocation,prior_collocation,field.p.rel_L2,far-wake,1.5653620958328247,dimensionless,CFD,raw_metric,modes_experiment/fresh_analysis/derived/a05_prior_collocation_summary.csv,accepted,"201-snapshot common-contract evaluation; v1 in the absolute-time convention (a perfect model scores rel_L2 0 and phase 0); optimizer effort 34643 L-BFGS evaluations, not a controlled budget."
A05,prior_physics_uniform_collocation,prior_collocation,field.u.rel_L2,far-core,0.2100825160741806,dimensionless,CFD,raw_metric,modes_experiment/fresh_analysis/derived/a05_prior_collocation_summary.csv,accepted,"201-snapshot common-contract evaluation; v1 in the absolute-time convention (a perfect model scores rel_L2 0 and phase 0); optimizer effort 34643 L-BFGS evaluations, not a controlled budget."
A05,prior_physics_uniform_collocation,prior_collocation,field.v.rel_L2,far-core,0.3913930058479309,dimensionless,CFD,raw_metric,modes_experiment/fresh_analysis/derived/a05_prior_collocation_summary.csv,accepted,"201-snapshot common-contract evaluation; v1 in the absolute-time convention (a perfect model scores rel_L2 0 and phase 0); optimizer effort 34643 L-BFGS evaluations, not a controlled budget."
A05,prior_physics_uniform_collocation,prior_collocation,field.p.rel_L2,far-core,1.276977300643921,dimensionless,CFD,raw_metric,modes_experiment/fresh_analysis/derived/a05_prior_collocation_summary.csv,accepted,"201-snapshot common-contract evaluation; v1 in the absolute-time convention (a perfect model scores rel_L2 0 and phase 0); optimizer effort 34643 L-BFGS evaluations, not a controlled budget."
A05,prior_physics_uniform_collocation,prior_collocation,field.u.rel_L2,other,0.11128376424312592,dimensionless,CFD,raw_metric,modes_experiment/fresh_analysis/derived/a05_prior_collocation_summary.csv,accepted,"201-snapshot common-contract evaluation; v1 in the absolute-time convention (a perfect model scores rel_L2 0 and phase 0); optimizer effort 34643 L-BFGS evaluations, not a controlled budget."
A05,prior_physics_uniform_collocation,prior_collocation,field.v.rel_L2,other,0.4498370885848999,dimensionless,CFD,raw_metric,modes_experiment/fresh_analysis/derived/a05_prior_collocation_summary.csv,accepted,"201-snapshot common-contract evaluation; v1 in the absolute-time convention (a perfect model scores rel_L2 0 and phase 0); optimizer effort 34643 L-BFGS evaluations, not a controlled budget."
A05,prior_physics_uniform_collocation,prior_collocation,field.p.rel_L2,other,0.680185079574585,dimensionless,CFD,raw_metric,modes_experiment/fresh_analysis/derived/a05_prior_collocation_summary.csv,accepted,"201-snapshot common-contract evaluation; v1 in the absolute-time convention (a perfect model scores rel_L2 0 and phase 0); optimizer effort 34643 L-BFGS evaluations, not a controlled budget."
A05,prior_physics_uniform_collocation,prior_collocation,field.u.rel_L2,whole-domain,0.16075393557548523,dimensionless,CFD,raw_metric,modes_experiment/fresh_analysis/derived/a05_prior_collocation_summary.csv,accepted,"201-snapshot common-contract evaluation; v1 in the absolute-time convention (a perfect model scores rel_L2 0 and phase 0); optimizer effort 34643 L-BFGS evaluations, not a controlled budget."
A05,prior_physics_uniform_collocation,prior_collocation,field.v.rel_L2,whole-domain,0.3884117901325226,dimensionless,CFD,raw_metric,modes_experiment/fresh_analysis/derived/a05_prior_collocation_summary.csv,accepted,"201-snapshot common-contract evaluation; v1 in the absolute-time convention (a perfect model scores rel_L2 0 and phase 0); optimizer effort 34643 L-BFGS evaluations, not a controlled budget."
A05,prior_physics_uniform_collocation,prior_collocation,field.p.rel_L2,whole-domain,0.37669020891189575,dimensionless,CFD,raw_metric,modes_experiment/fresh_analysis/derived/a05_prior_collocation_summary.csv,accepted,"201-snapshot common-contract evaluation; v1 in the absolute-time convention (a perfect model scores rel_L2 0 and phase 0); optimizer effort 34643 L-BFGS evaluations, not a controlled budget."
A05,prior_physics_uniform_collocation,prior_collocation,v1_mode.v.rel_L2,near-cylinder,0.3986498573379578,dimensionless,CFD,raw_metric,modes_experiment/fresh_analysis/derived/a05_prior_collocation_summary.csv,accepted,"201-snapshot common-contract evaluation; v1 in the absolute-time convention (a perfect model scores rel_L2 0 and phase 0); optimizer effort 34643 L-BFGS evaluations, not a controlled budget."
A05,prior_physics_uniform_collocation,prior_collocation,v1_mode.v.amp_ratio,near-cylinder,0.8003018055450682,dimensionless,ideal 1,raw_metric,modes_experiment/fresh_analysis/derived/a05_prior_collocation_summary.csv,accepted,"201-snapshot common-contract evaluation; v1 in the absolute-time convention (a perfect model scores rel_L2 0 and phase 0); optimizer effort 34643 L-BFGS evaluations, not a controlled budget."
A05,prior_physics_uniform_collocation,prior_collocation,v1_mode.v.corr,near-cylinder,0.9302835550571199,dimensionless,ideal 1,raw_metric,modes_experiment/fresh_analysis/derived/a05_prior_collocation_summary.csv,accepted,"201-snapshot common-contract evaluation; v1 in the absolute-time convention (a perfect model scores rel_L2 0 and phase 0); optimizer effort 34643 L-BFGS evaluations, not a controlled budget."
A05,prior_physics_uniform_collocation,prior_collocation,v1_mode.v.phase_deg,near-cylinder,5.735384414413716,degrees,ideal phase 0 deg (absolute-time convention),raw_metric,modes_experiment/fresh_analysis/derived/a05_prior_collocation_summary.csv,accepted,"201-snapshot common-contract evaluation; v1 in the absolute-time convention (a perfect model scores rel_L2 0 and phase 0); optimizer effort 34643 L-BFGS evaluations, not a controlled budget."
A05,prior_physics_uniform_collocation,prior_collocation,v1_mode.v.learned_contribution,near-cylinder,0.9735604090794119,dimensionless,analytical Karman prior alone,derived_metric,modes_experiment/fresh_analysis/derived/a05_prior_collocation_summary.csv; derived/a04_prior_only_metrics.json,accepted,"prior-alone rel_L2 minus arm rel_L2; positive means the network improved on the prior. 201-snapshot common-contract evaluation; v1 in the absolute-time convention (a perfect model scores rel_L2 0 and phase 0); optimizer effort 34643 L-BFGS evaluations, not a controlled budget."
A05,prior_physics_uniform_collocation,prior_collocation,v1_mode.v.rel_L2,near-wake,0.38383140890066564,dimensionless,CFD,raw_metric,modes_experiment/fresh_analysis/derived/a05_prior_collocation_summary.csv,accepted,"201-snapshot common-contract evaluation; v1 in the absolute-time convention (a perfect model scores rel_L2 0 and phase 0); optimizer effort 34643 L-BFGS evaluations, not a controlled budget."
A05,prior_physics_uniform_collocation,prior_collocation,v1_mode.v.amp_ratio,near-wake,0.8580118281696177,dimensionless,ideal 1,raw_metric,modes_experiment/fresh_analysis/derived/a05_prior_collocation_summary.csv,accepted,"201-snapshot common-contract evaluation; v1 in the absolute-time convention (a perfect model scores rel_L2 0 and phase 0); optimizer effort 34643 L-BFGS evaluations, not a controlled budget."
A05,prior_physics_uniform_collocation,prior_collocation,v1_mode.v.corr,near-wake,0.9267508026289287,dimensionless,ideal 1,raw_metric,modes_experiment/fresh_analysis/derived/a05_prior_collocation_summary.csv,accepted,"201-snapshot common-contract evaluation; v1 in the absolute-time convention (a perfect model scores rel_L2 0 and phase 0); optimizer effort 34643 L-BFGS evaluations, not a controlled budget."
A05,prior_physics_uniform_collocation,prior_collocation,v1_mode.v.phase_deg,near-wake,-2.4624810598168367,degrees,ideal phase 0 deg (absolute-time convention),raw_metric,modes_experiment/fresh_analysis/derived/a05_prior_collocation_summary.csv,accepted,"201-snapshot common-contract evaluation; v1 in the absolute-time convention (a perfect model scores rel_L2 0 and phase 0); optimizer effort 34643 L-BFGS evaluations, not a controlled budget."
A05,prior_physics_uniform_collocation,prior_collocation,v1_mode.v.learned_contribution,near-wake,0.3119909434000074,dimensionless,analytical Karman prior alone,derived_metric,modes_experiment/fresh_analysis/derived/a05_prior_collocation_summary.csv; derived/a04_prior_only_metrics.json,accepted,"prior-alone rel_L2 minus arm rel_L2; positive means the network improved on the prior. 201-snapshot common-contract evaluation; v1 in the absolute-time convention (a perfect model scores rel_L2 0 and phase 0); optimizer effort 34643 L-BFGS evaluations, not a controlled budget."
A05,prior_physics_uniform_collocation,prior_collocation,v1_mode.v.rel_L2,far-wake,0.29220088919846027,dimensionless,CFD,raw_metric,modes_experiment/fresh_analysis/derived/a05_prior_collocation_summary.csv,accepted,"201-snapshot common-contract evaluation; v1 in the absolute-time convention (a perfect model scores rel_L2 0 and phase 0); optimizer effort 34643 L-BFGS evaluations, not a controlled budget."
A05,prior_physics_uniform_collocation,prior_collocation,v1_mode.v.amp_ratio,far-wake,0.8405636591923411,dimensionless,ideal 1,raw_metric,modes_experiment/fresh_analysis/derived/a05_prior_collocation_summary.csv,accepted,"201-snapshot common-contract evaluation; v1 in the absolute-time convention (a perfect model scores rel_L2 0 and phase 0); optimizer effort 34643 L-BFGS evaluations, not a controlled budget."
A05,prior_physics_uniform_collocation,prior_collocation,v1_mode.v.corr,far-wake,0.9750197121464105,dimensionless,ideal 1,raw_metric,modes_experiment/fresh_analysis/derived/a05_prior_collocation_summary.csv,accepted,"201-snapshot common-contract evaluation; v1 in the absolute-time convention (a perfect model scores rel_L2 0 and phase 0); optimizer effort 34643 L-BFGS evaluations, not a controlled budget."
A05,prior_physics_uniform_collocation,prior_collocation,v1_mode.v.phase_deg,far-wake,-8.490988827110098,degrees,ideal phase 0 deg (absolute-time convention),raw_metric,modes_experiment/fresh_analysis/derived/a05_prior_collocation_summary.csv,accepted,"201-snapshot common-contract evaluation; v1 in the absolute-time convention (a perfect model scores rel_L2 0 and phase 0); optimizer effort 34643 L-BFGS evaluations, not a controlled budget."
A05,prior_physics_uniform_collocation,prior_collocation,v1_mode.v.learned_contribution,far-wake,-0.00717044609794959,dimensionless,analytical Karman prior alone,derived_metric,modes_experiment/fresh_analysis/derived/a05_prior_collocation_summary.csv; derived/a04_prior_only_metrics.json,accepted,"prior-alone rel_L2 minus arm rel_L2; positive means the network improved on the prior. 201-snapshot common-contract evaluation; v1 in the absolute-time convention (a perfect model scores rel_L2 0 and phase 0); optimizer effort 34643 L-BFGS evaluations, not a controlled budget."
A05,prior_physics_uniform_collocation,prior_collocation,v1_mode.v.rel_L2,far-core,0.28949597842624675,dimensionless,CFD,raw_metric,modes_experiment/fresh_analysis/derived/a05_prior_collocation_summary.csv,accepted,"201-snapshot common-contract evaluation; v1 in the absolute-time convention (a perfect model scores rel_L2 0 and phase 0); optimizer effort 34643 L-BFGS evaluations, not a controlled budget."
A05,prior_physics_uniform_collocation,prior_collocation,v1_mode.v.amp_ratio,far-core,0.8387517940246538,dimensionless,ideal 1,raw_metric,modes_experiment/fresh_analysis/derived/a05_prior_collocation_summary.csv,accepted,"201-snapshot common-contract evaluation; v1 in the absolute-time convention (a perfect model scores rel_L2 0 and phase 0); optimizer effort 34643 L-BFGS evaluations, not a controlled budget."
A05,prior_physics_uniform_collocation,prior_collocation,v1_mode.v.corr,far-core,0.9765788676166026,dimensionless,ideal 1,raw_metric,modes_experiment/fresh_analysis/derived/a05_prior_collocation_summary.csv,accepted,"201-snapshot common-contract evaluation; v1 in the absolute-time convention (a perfect model scores rel_L2 0 and phase 0); optimizer effort 34643 L-BFGS evaluations, not a controlled budget."
A05,prior_physics_uniform_collocation,prior_collocation,v1_mode.v.phase_deg,far-core,-8.622994311329833,degrees,ideal phase 0 deg (absolute-time convention),raw_metric,modes_experiment/fresh_analysis/derived/a05_prior_collocation_summary.csv,accepted,"201-snapshot common-contract evaluation; v1 in the absolute-time convention (a perfect model scores rel_L2 0 and phase 0); optimizer effort 34643 L-BFGS evaluations, not a controlled budget."
A05,prior_physics_uniform_collocation,prior_collocation,v1_mode.v.learned_contribution,far-core,-0.007567246742410272,dimensionless,analytical Karman prior alone,derived_metric,modes_experiment/fresh_analysis/derived/a05_prior_collocation_summary.csv; derived/a04_prior_only_metrics.json,accepted,"prior-alone rel_L2 minus arm rel_L2; positive means the network improved on the prior. 201-snapshot common-contract evaluation; v1 in the absolute-time convention (a perfect model scores rel_L2 0 and phase 0); optimizer effort 34643 L-BFGS evaluations, not a controlled budget."
A05,prior_physics_uniform_collocation,prior_collocation,v1_mode.v.rel_L2,other,11.281478849190037,dimensionless,CFD,raw_metric,modes_experiment/fresh_analysis/derived/a05_prior_collocation_summary.csv,accepted,"201-snapshot common-contract evaluation; v1 in the absolute-time convention (a perfect model scores rel_L2 0 and phase 0); optimizer effort 34643 L-BFGS evaluations, not a controlled budget."
A05,prior_physics_uniform_collocation,prior_collocation,v1_mode.v.amp_ratio,other,11.489159861210807,dimensionless,ideal 1,raw_metric,modes_experiment/fresh_analysis/derived/a05_prior_collocation_summary.csv,accepted,"201-snapshot common-contract evaluation; v1 in the absolute-time convention (a perfect model scores rel_L2 0 and phase 0); optimizer effort 34643 L-BFGS evaluations, not a controlled budget."
A05,prior_physics_uniform_collocation,prior_collocation,v1_mode.v.corr,other,0.35065447214748,dimensionless,ideal 1,raw_metric,modes_experiment/fresh_analysis/derived/a05_prior_collocation_summary.csv,accepted,"201-snapshot common-contract evaluation; v1 in the absolute-time convention (a perfect model scores rel_L2 0 and phase 0); optimizer effort 34643 L-BFGS evaluations, not a controlled budget."
A05,prior_physics_uniform_collocation,prior_collocation,v1_mode.v.phase_deg,other,-44.68182376443435,degrees,ideal phase 0 deg (absolute-time convention),raw_metric,modes_experiment/fresh_analysis/derived/a05_prior_collocation_summary.csv,accepted,"201-snapshot common-contract evaluation; v1 in the absolute-time convention (a perfect model scores rel_L2 0 and phase 0); optimizer effort 34643 L-BFGS evaluations, not a controlled budget."
A05,prior_physics_uniform_collocation,prior_collocation,v1_mode.v.learned_contribution,other,-10.417805204770348,dimensionless,analytical Karman prior alone,derived_metric,modes_experiment/fresh_analysis/derived/a05_prior_collocation_summary.csv; derived/a04_prior_only_metrics.json,accepted,"prior-alone rel_L2 minus arm rel_L2; positive means the network improved on the prior. 201-snapshot common-contract evaluation; v1 in the absolute-time convention (a perfect model scores rel_L2 0 and phase 0); optimizer effort 34643 L-BFGS evaluations, not a controlled budget."
A05,prior_physics_uniform_collocation,prior_collocation,v1_mode.v.rel_L2,whole-domain,0.37069515802150554,dimensionless,CFD,raw_metric,modes_experiment/fresh_analysis/derived/a05_prior_collocation_summary.csv,accepted,"201-snapshot common-contract evaluation; v1 in the absolute-time convention (a perfect model scores rel_L2 0 and phase 0); optimizer effort 34643 L-BFGS evaluations, not a controlled budget."
A05,prior_physics_uniform_collocation,prior_collocation,v1_mode.v.amp_ratio,whole-domain,0.8647728395492775,dimensionless,ideal 1,raw_metric,modes_experiment/fresh_analysis/derived/a05_prior_collocation_summary.csv,accepted,"201-snapshot common-contract evaluation; v1 in the absolute-time convention (a perfect model scores rel_L2 0 and phase 0); optimizer effort 34643 L-BFGS evaluations, not a controlled budget."
A05,prior_physics_uniform_collocation,prior_collocation,v1_mode.v.corr,whole-domain,0.9371953098193957,dimensionless,ideal 1,raw_metric,modes_experiment/fresh_analysis/derived/a05_prior_collocation_summary.csv,accepted,"201-snapshot common-contract evaluation; v1 in the absolute-time convention (a perfect model scores rel_L2 0 and phase 0); optimizer effort 34643 L-BFGS evaluations, not a controlled budget."
A05,prior_physics_uniform_collocation,prior_collocation,v1_mode.v.phase_deg,whole-domain,-6.52661607589164,degrees,ideal phase 0 deg (absolute-time convention),raw_metric,modes_experiment/fresh_analysis/derived/a05_prior_collocation_summary.csv,accepted,"201-snapshot common-contract evaluation; v1 in the absolute-time convention (a perfect model scores rel_L2 0 and phase 0); optimizer effort 34643 L-BFGS evaluations, not a controlled budget."
A05,prior_physics_uniform_collocation,prior_collocation,v1_mode.v.learned_contribution,whole-domain,0.1077727753314035,dimensionless,analytical Karman prior alone,derived_metric,modes_experiment/fresh_analysis/derived/a05_prior_collocation_summary.csv; derived/a04_prior_only_metrics.json,accepted,"prior-alone rel_L2 minus arm rel_L2; positive means the network improved on the prior. 201-snapshot common-contract evaluation; v1 in the absolute-time convention (a perfect model scores rel_L2 0 and phase 0); optimizer effort 34643 L-BFGS evaluations, not a controlled budget."
A05,prior_physics_wake_biased_grid,prior_collocation,field.u.rel_L2,near-cylinder,0.054044514894485474,dimensionless,CFD,raw_metric,modes_experiment/fresh_analysis/derived/a05_prior_collocation_summary.csv,accepted,"201-snapshot common-contract evaluation; v1 in the absolute-time convention (a perfect model scores rel_L2 0 and phase 0); optimizer effort 26129 L-BFGS evaluations, not a controlled budget."
A05,prior_physics_wake_biased_grid,prior_collocation,field.v.rel_L2,near-cylinder,0.07710184901952744,dimensionless,CFD,raw_metric,modes_experiment/fresh_analysis/derived/a05_prior_collocation_summary.csv,accepted,"201-snapshot common-contract evaluation; v1 in the absolute-time convention (a perfect model scores rel_L2 0 and phase 0); optimizer effort 26129 L-BFGS evaluations, not a controlled budget."
A05,prior_physics_wake_biased_grid,prior_collocation,field.p.rel_L2,near-cylinder,0.01637609302997589,dimensionless,CFD,raw_metric,modes_experiment/fresh_analysis/derived/a05_prior_collocation_summary.csv,accepted,"201-snapshot common-contract evaluation; v1 in the absolute-time convention (a perfect model scores rel_L2 0 and phase 0); optimizer effort 26129 L-BFGS evaluations, not a controlled budget."
A05,prior_physics_wake_biased_grid,prior_collocation,field.u.rel_L2,near-wake,0.35094743967056274,dimensionless,CFD,raw_metric,modes_experiment/fresh_analysis/derived/a05_prior_collocation_summary.csv,accepted,"201-snapshot common-contract evaluation; v1 in the absolute-time convention (a perfect model scores rel_L2 0 and phase 0); optimizer effort 26129 L-BFGS evaluations, not a controlled budget."
A05,prior_physics_wake_biased_grid,prior_collocation,field.v.rel_L2,near-wake,1.0423684120178223,dimensionless,CFD,raw_metric,modes_experiment/fresh_analysis/derived/a05_prior_collocation_summary.csv,accepted,"201-snapshot common-contract evaluation; v1 in the absolute-time convention (a perfect model scores rel_L2 0 and phase 0); optimizer effort 26129 L-BFGS evaluations, not a controlled budget."
A05,prior_physics_wake_biased_grid,prior_collocation,field.p.rel_L2,near-wake,0.9030953645706177,dimensionless,CFD,raw_metric,modes_experiment/fresh_analysis/derived/a05_prior_collocation_summary.csv,accepted,"201-snapshot common-contract evaluation; v1 in the absolute-time convention (a perfect model scores rel_L2 0 and phase 0); optimizer effort 26129 L-BFGS evaluations, not a controlled budget."
A05,prior_physics_wake_biased_grid,prior_collocation,field.u.rel_L2,far-wake,0.7970743179321289,dimensionless,CFD,raw_metric,modes_experiment/fresh_analysis/derived/a05_prior_collocation_summary.csv,accepted,"201-snapshot common-contract evaluation; v1 in the absolute-time convention (a perfect model scores rel_L2 0 and phase 0); optimizer effort 26129 L-BFGS evaluations, not a controlled budget."
A05,prior_physics_wake_biased_grid,prior_collocation,field.v.rel_L2,far-wake,1.1170227527618408,dimensionless,CFD,raw_metric,modes_experiment/fresh_analysis/derived/a05_prior_collocation_summary.csv,accepted,"201-snapshot common-contract evaluation; v1 in the absolute-time convention (a perfect model scores rel_L2 0 and phase 0); optimizer effort 26129 L-BFGS evaluations, not a controlled budget."
A05,prior_physics_wake_biased_grid,prior_collocation,field.p.rel_L2,far-wake,5.268115043640137,dimensionless,CFD,raw_metric,modes_experiment/fresh_analysis/derived/a05_prior_collocation_summary.csv,accepted,"201-snapshot common-contract evaluation; v1 in the absolute-time convention (a perfect model scores rel_L2 0 and phase 0); optimizer effort 26129 L-BFGS evaluations, not a controlled budget."
A05,prior_physics_wake_biased_grid,prior_collocation,field.u.rel_L2,far-core,0.8379988074302673,dimensionless,CFD,raw_metric,modes_experiment/fresh_analysis/derived/a05_prior_collocation_summary.csv,accepted,"201-snapshot common-contract evaluation; v1 in the absolute-time convention (a perfect model scores rel_L2 0 and phase 0); optimizer effort 26129 L-BFGS evaluations, not a controlled budget."
A05,prior_physics_wake_biased_grid,prior_collocation,field.v.rel_L2,far-core,0.7684069275856018,dimensionless,CFD,raw_metric,modes_experiment/fresh_analysis/derived/a05_prior_collocation_summary.csv,accepted,"201-snapshot common-contract evaluation; v1 in the absolute-time convention (a perfect model scores rel_L2 0 and phase 0); optimizer effort 26129 L-BFGS evaluations, not a controlled budget."
A05,prior_physics_wake_biased_grid,prior_collocation,field.p.rel_L2,far-core,4.034470558166504,dimensionless,CFD,raw_metric,modes_experiment/fresh_analysis/derived/a05_prior_collocation_summary.csv,accepted,"201-snapshot common-contract evaluation; v1 in the absolute-time convention (a perfect model scores rel_L2 0 and phase 0); optimizer effort 26129 L-BFGS evaluations, not a controlled budget."
A05,prior_physics_wake_biased_grid,prior_collocation,field.u.rel_L2,other,0.25685784220695496,dimensionless,CFD,raw_metric,modes_experiment/fresh_analysis/derived/a05_prior_collocation_summary.csv,accepted,"201-snapshot common-contract evaluation; v1 in the absolute-time convention (a perfect model scores rel_L2 0 and phase 0); optimizer effort 26129 L-BFGS evaluations, not a controlled budget."
A05,prior_physics_wake_biased_grid,prior_collocation,field.v.rel_L2,other,1.1279023885726929,dimensionless,CFD,raw_metric,modes_experiment/fresh_analysis/derived/a05_prior_collocation_summary.csv,accepted,"201-snapshot common-contract evaluation; v1 in the absolute-time convention (a perfect model scores rel_L2 0 and phase 0); optimizer effort 26129 L-BFGS evaluations, not a controlled budget."
A05,prior_physics_wake_biased_grid,prior_collocation,field.p.rel_L2,other,1.973976731300354,dimensionless,CFD,raw_metric,modes_experiment/fresh_analysis/derived/a05_prior_collocation_summary.csv,accepted,"201-snapshot common-contract evaluation; v1 in the absolute-time convention (a perfect model scores rel_L2 0 and phase 0); optimizer effort 26129 L-BFGS evaluations, not a controlled budget."
A05,prior_physics_wake_biased_grid,prior_collocation,field.u.rel_L2,whole-domain,0.5474520325660706,dimensionless,CFD,raw_metric,modes_experiment/fresh_analysis/derived/a05_prior_collocation_summary.csv,accepted,"201-snapshot common-contract evaluation; v1 in the absolute-time convention (a perfect model scores rel_L2 0 and phase 0); optimizer effort 26129 L-BFGS evaluations, not a controlled budget."
A05,prior_physics_wake_biased_grid,prior_collocation,field.v.rel_L2,whole-domain,0.9219823479652405,dimensionless,CFD,raw_metric,modes_experiment/fresh_analysis/derived/a05_prior_collocation_summary.csv,accepted,"201-snapshot common-contract evaluation; v1 in the absolute-time convention (a perfect model scores rel_L2 0 and phase 0); optimizer effort 26129 L-BFGS evaluations, not a controlled budget."
A05,prior_physics_wake_biased_grid,prior_collocation,field.p.rel_L2,whole-domain,1.2132055759429932,dimensionless,CFD,raw_metric,modes_experiment/fresh_analysis/derived/a05_prior_collocation_summary.csv,accepted,"201-snapshot common-contract evaluation; v1 in the absolute-time convention (a perfect model scores rel_L2 0 and phase 0); optimizer effort 26129 L-BFGS evaluations, not a controlled budget."
A05,prior_physics_wake_biased_grid,prior_collocation,v1_mode.v.rel_L2,near-cylinder,0.4596029594947871,dimensionless,CFD,raw_metric,modes_experiment/fresh_analysis/derived/a05_prior_collocation_summary.csv,accepted,"201-snapshot common-contract evaluation; v1 in the absolute-time convention (a perfect model scores rel_L2 0 and phase 0); optimizer effort 26129 L-BFGS evaluations, not a controlled budget."
A05,prior_physics_wake_biased_grid,prior_collocation,v1_mode.v.amp_ratio,near-cylinder,0.7611925592514187,dimensionless,ideal 1,raw_metric,modes_experiment/fresh_analysis/derived/a05_prior_collocation_summary.csv,accepted,"201-snapshot common-contract evaluation; v1 in the absolute-time convention (a perfect model scores rel_L2 0 and phase 0); optimizer effort 26129 L-BFGS evaluations, not a controlled budget."
A05,prior_physics_wake_biased_grid,prior_collocation,v1_mode.v.corr,near-cylinder,0.8987085136706103,dimensionless,ideal 1,raw_metric,modes_experiment/fresh_analysis/derived/a05_prior_collocation_summary.csv,accepted,"201-snapshot common-contract evaluation; v1 in the absolute-time convention (a perfect model scores rel_L2 0 and phase 0); optimizer effort 26129 L-BFGS evaluations, not a controlled budget."
A05,prior_physics_wake_biased_grid,prior_collocation,v1_mode.v.phase_deg,near-cylinder,0.07699006997074256,degrees,ideal phase 0 deg (absolute-time convention),raw_metric,modes_experiment/fresh_analysis/derived/a05_prior_collocation_summary.csv,accepted,"201-snapshot common-contract evaluation; v1 in the absolute-time convention (a perfect model scores rel_L2 0 and phase 0); optimizer effort 26129 L-BFGS evaluations, not a controlled budget."
A05,prior_physics_wake_biased_grid,prior_collocation,v1_mode.v.learned_contribution,near-cylinder,0.9126073069225826,dimensionless,analytical Karman prior alone,derived_metric,modes_experiment/fresh_analysis/derived/a05_prior_collocation_summary.csv; derived/a04_prior_only_metrics.json,accepted,"prior-alone rel_L2 minus arm rel_L2; positive means the network improved on the prior. 201-snapshot common-contract evaluation; v1 in the absolute-time convention (a perfect model scores rel_L2 0 and phase 0); optimizer effort 26129 L-BFGS evaluations, not a controlled budget."
A05,prior_physics_wake_biased_grid,prior_collocation,v1_mode.v.rel_L2,near-wake,0.6059411107000253,dimensionless,CFD,raw_metric,modes_experiment/fresh_analysis/derived/a05_prior_collocation_summary.csv,accepted,"201-snapshot common-contract evaluation; v1 in the absolute-time convention (a perfect model scores rel_L2 0 and phase 0); optimizer effort 26129 L-BFGS evaluations, not a controlled budget."
A05,prior_physics_wake_biased_grid,prior_collocation,v1_mode.v.amp_ratio,near-wake,0.7995230168803952,dimensionless,ideal 1,raw_metric,modes_experiment/fresh_analysis/derived/a05_prior_collocation_summary.csv,accepted,"201-snapshot common-contract evaluation; v1 in the absolute-time convention (a perfect model scores rel_L2 0 and phase 0); optimizer effort 26129 L-BFGS evaluations, not a controlled budget."
A05,prior_physics_wake_biased_grid,prior_collocation,v1_mode.v.corr,near-wake,0.817418359902086,dimensionless,ideal 1,raw_metric,modes_experiment/fresh_analysis/derived/a05_prior_collocation_summary.csv,accepted,"201-snapshot common-contract evaluation; v1 in the absolute-time convention (a perfect model scores rel_L2 0 and phase 0); optimizer effort 26129 L-BFGS evaluations, not a controlled budget."
A05,prior_physics_wake_biased_grid,prior_collocation,v1_mode.v.phase_deg,near-wake,-13.292289410334623,degrees,ideal phase 0 deg (absolute-time convention),raw_metric,modes_experiment/fresh_analysis/derived/a05_prior_collocation_summary.csv,accepted,"201-snapshot common-contract evaluation; v1 in the absolute-time convention (a perfect model scores rel_L2 0 and phase 0); optimizer effort 26129 L-BFGS evaluations, not a controlled budget."
A05,prior_physics_wake_biased_grid,prior_collocation,v1_mode.v.learned_contribution,near-wake,0.0898812416006477,dimensionless,analytical Karman prior alone,derived_metric,modes_experiment/fresh_analysis/derived/a05_prior_collocation_summary.csv; derived/a04_prior_only_metrics.json,accepted,"prior-alone rel_L2 minus arm rel_L2; positive means the network improved on the prior. 201-snapshot common-contract evaluation; v1 in the absolute-time convention (a perfect model scores rel_L2 0 and phase 0); optimizer effort 26129 L-BFGS evaluations, not a controlled budget."
A05,prior_physics_wake_biased_grid,prior_collocation,v1_mode.v.rel_L2,far-wake,0.5136868299854808,dimensionless,CFD,raw_metric,modes_experiment/fresh_analysis/derived/a05_prior_collocation_summary.csv,accepted,"201-snapshot common-contract evaluation; v1 in the absolute-time convention (a perfect model scores rel_L2 0 and phase 0); optimizer effort 26129 L-BFGS evaluations, not a controlled budget."
A05,prior_physics_wake_biased_grid,prior_collocation,v1_mode.v.amp_ratio,far-wake,0.627027485293899,dimensionless,ideal 1,raw_metric,modes_experiment/fresh_analysis/derived/a05_prior_collocation_summary.csv,accepted,"201-snapshot common-contract evaluation; v1 in the absolute-time convention (a perfect model scores rel_L2 0 and phase 0); optimizer effort 26129 L-BFGS evaluations, not a controlled budget."
A05,prior_physics_wake_biased_grid,prior_collocation,v1_mode.v.corr,far-wake,0.9278149315854635,dimensionless,ideal 1,raw_metric,modes_experiment/fresh_analysis/derived/a05_prior_collocation_summary.csv,accepted,"201-snapshot common-contract evaluation; v1 in the absolute-time convention (a perfect model scores rel_L2 0 and phase 0); optimizer effort 26129 L-BFGS evaluations, not a controlled budget."
A05,prior_physics_wake_biased_grid,prior_collocation,v1_mode.v.phase_deg,far-wake,-13.934669567207408,degrees,ideal phase 0 deg (absolute-time convention),raw_metric,modes_experiment/fresh_analysis/derived/a05_prior_collocation_summary.csv,accepted,"201-snapshot common-contract evaluation; v1 in the absolute-time convention (a perfect model scores rel_L2 0 and phase 0); optimizer effort 26129 L-BFGS evaluations, not a controlled budget."
A05,prior_physics_wake_biased_grid,prior_collocation,v1_mode.v.learned_contribution,far-wake,-0.2286563868849701,dimensionless,analytical Karman prior alone,derived_metric,modes_experiment/fresh_analysis/derived/a05_prior_collocation_summary.csv; derived/a04_prior_only_metrics.json,accepted,"prior-alone rel_L2 minus arm rel_L2; positive means the network improved on the prior. 201-snapshot common-contract evaluation; v1 in the absolute-time convention (a perfect model scores rel_L2 0 and phase 0); optimizer effort 26129 L-BFGS evaluations, not a controlled budget."
A05,prior_physics_wake_biased_grid,prior_collocation,v1_mode.v.rel_L2,far-core,0.5047257977454529,dimensionless,CFD,raw_metric,modes_experiment/fresh_analysis/derived/a05_prior_collocation_summary.csv,accepted,"201-snapshot common-contract evaluation; v1 in the absolute-time convention (a perfect model scores rel_L2 0 and phase 0); optimizer effort 26129 L-BFGS evaluations, not a controlled budget."
A05,prior_physics_wake_biased_grid,prior_collocation,v1_mode.v.amp_ratio,far-core,0.6137520942784017,dimensionless,ideal 1,raw_metric,modes_experiment/fresh_analysis/derived/a05_prior_collocation_summary.csv,accepted,"201-snapshot common-contract evaluation; v1 in the absolute-time convention (a perfect model scores rel_L2 0 and phase 0); optimizer effort 26129 L-BFGS evaluations, not a controlled budget."
A05,prior_physics_wake_biased_grid,prior_collocation,v1_mode.v.corr,far-core,0.9435658631248078,dimensionless,ideal 1,raw_metric,modes_experiment/fresh_analysis/derived/a05_prior_collocation_summary.csv,accepted,"201-snapshot common-contract evaluation; v1 in the absolute-time convention (a perfect model scores rel_L2 0 and phase 0); optimizer effort 26129 L-BFGS evaluations, not a controlled budget."
A05,prior_physics_wake_biased_grid,prior_collocation,v1_mode.v.phase_deg,far-core,-14.38001300625628,degrees,ideal phase 0 deg (absolute-time convention),raw_metric,modes_experiment/fresh_analysis/derived/a05_prior_collocation_summary.csv,accepted,"201-snapshot common-contract evaluation; v1 in the absolute-time convention (a perfect model scores rel_L2 0 and phase 0); optimizer effort 26129 L-BFGS evaluations, not a controlled budget."
A05,prior_physics_wake_biased_grid,prior_collocation,v1_mode.v.learned_contribution,far-core,-0.22279706606161642,dimensionless,analytical Karman prior alone,derived_metric,modes_experiment/fresh_analysis/derived/a05_prior_collocation_summary.csv; derived/a04_prior_only_metrics.json,accepted,"prior-alone rel_L2 minus arm rel_L2; positive means the network improved on the prior. 201-snapshot common-contract evaluation; v1 in the absolute-time convention (a perfect model scores rel_L2 0 and phase 0); optimizer effort 26129 L-BFGS evaluations, not a controlled budget."
A05,prior_physics_wake_biased_grid,prior_collocation,v1_mode.v.rel_L2,other,29.66090075720592,dimensionless,CFD,raw_metric,modes_experiment/fresh_analysis/derived/a05_prior_collocation_summary.csv,accepted,"201-snapshot common-contract evaluation; v1 in the absolute-time convention (a perfect model scores rel_L2 0 and phase 0); optimizer effort 26129 L-BFGS evaluations, not a controlled budget."
A05,prior_physics_wake_biased_grid,prior_collocation,v1_mode.v.amp_ratio,other,29.419353225552392,dimensionless,ideal 1,raw_metric,modes_experiment/fresh_analysis/derived/a05_prior_collocation_summary.csv,accepted,"201-snapshot common-contract evaluation; v1 in the absolute-time convention (a perfect model scores rel_L2 0 and phase 0); optimizer effort 26129 L-BFGS evaluations, not a controlled budget."
A05,prior_physics_wake_biased_grid,prior_collocation,v1_mode.v.corr,other,0.2282850031673042,dimensionless,ideal 1,raw_metric,modes_experiment/fresh_analysis/derived/a05_prior_collocation_summary.csv,accepted,"201-snapshot common-contract evaluation; v1 in the absolute-time convention (a perfect model scores rel_L2 0 and phase 0); optimizer effort 26129 L-BFGS evaluations, not a controlled budget."
A05,prior_physics_wake_biased_grid,prior_collocation,v1_mode.v.phase_deg,other,171.1115391133083,degrees,ideal phase 0 deg (absolute-time convention),raw_metric,modes_experiment/fresh_analysis/derived/a05_prior_collocation_summary.csv,accepted,"201-snapshot common-contract evaluation; v1 in the absolute-time convention (a perfect model scores rel_L2 0 and phase 0); optimizer effort 26129 L-BFGS evaluations, not a controlled budget."
A05,prior_physics_wake_biased_grid,prior_collocation,v1_mode.v.learned_contribution,other,-28.797227112786228,dimensionless,analytical Karman prior alone,derived_metric,modes_experiment/fresh_analysis/derived/a05_prior_collocation_summary.csv; derived/a04_prior_only_metrics.json,accepted,"prior-alone rel_L2 minus arm rel_L2; positive means the network improved on the prior. 201-snapshot common-contract evaluation; v1 in the absolute-time convention (a perfect model scores rel_L2 0 and phase 0); optimizer effort 26129 L-BFGS evaluations, not a controlled budget."
A05,prior_physics_wake_biased_grid,prior_collocation,v1_mode.v.rel_L2,whole-domain,0.7176282077754847,dimensionless,CFD,raw_metric,modes_experiment/fresh_analysis/derived/a05_prior_collocation_summary.csv,accepted,"201-snapshot common-contract evaluation; v1 in the absolute-time convention (a perfect model scores rel_L2 0 and phase 0); optimizer effort 26129 L-BFGS evaluations, not a controlled budget."
A05,prior_physics_wake_biased_grid,prior_collocation,v1_mode.v.amp_ratio,whole-domain,0.8296673715895008,dimensionless,ideal 1,raw_metric,modes_experiment/fresh_analysis/derived/a05_prior_collocation_summary.csv,accepted,"201-snapshot common-contract evaluation; v1 in the absolute-time convention (a perfect model scores rel_L2 0 and phase 0); optimizer effort 26129 L-BFGS evaluations, not a controlled budget."
A05,prior_physics_wake_biased_grid,prior_collocation,v1_mode.v.corr,whole-domain,0.7273653759519239,dimensionless,ideal 1,raw_metric,modes_experiment/fresh_analysis/derived/a05_prior_collocation_summary.csv,accepted,"201-snapshot common-contract evaluation; v1 in the absolute-time convention (a perfect model scores rel_L2 0 and phase 0); optimizer effort 26129 L-BFGS evaluations, not a controlled budget."
A05,prior_physics_wake_biased_grid,prior_collocation,v1_mode.v.phase_deg,whole-domain,-13.548113634238796,degrees,ideal phase 0 deg (absolute-time convention),raw_metric,modes_experiment/fresh_analysis/derived/a05_prior_collocation_summary.csv,accepted,"201-snapshot common-contract evaluation; v1 in the absolute-time convention (a perfect model scores rel_L2 0 and phase 0); optimizer effort 26129 L-BFGS evaluations, not a controlled budget."
A05,prior_physics_wake_biased_grid,prior_collocation,v1_mode.v.learned_contribution,whole-domain,-0.2391602744225757,dimensionless,analytical Karman prior alone,derived_metric,modes_experiment/fresh_analysis/derived/a05_prior_collocation_summary.csv; derived/a04_prior_only_metrics.json,accepted,"prior-alone rel_L2 minus arm rel_L2; positive means the network improved on the prior. 201-snapshot common-contract evaluation; v1 in the absolute-time convention (a perfect model scores rel_L2 0 and phase 0); optimizer effort 26129 L-BFGS evaluations, not a controlled budget."
A06,prior_physics_noise_00pct,pressure_noise,field.u.rel_L2,near-cylinder,0.0592205636203289,dimensionless,CFD,raw_metric,modes_experiment/fresh_analysis/derived/a06_pressure_noise_summary.csv,accepted,"201-snapshot common-contract evaluation; v1 in the absolute-time convention (a perfect model scores rel_L2 0 and phase 0); optimizer effort 34643 L-BFGS evaluations, not a controlled budget."
A06,prior_physics_noise_00pct,pressure_noise,field.v.rel_L2,near-cylinder,0.0647122859954834,dimensionless,CFD,raw_metric,modes_experiment/fresh_analysis/derived/a06_pressure_noise_summary.csv,accepted,"201-snapshot common-contract evaluation; v1 in the absolute-time convention (a perfect model scores rel_L2 0 and phase 0); optimizer effort 34643 L-BFGS evaluations, not a controlled budget."
A06,prior_physics_noise_00pct,pressure_noise,field.p.rel_L2,near-cylinder,0.017133427783846855,dimensionless,CFD,raw_metric,modes_experiment/fresh_analysis/derived/a06_pressure_noise_summary.csv,accepted,"201-snapshot common-contract evaluation; v1 in the absolute-time convention (a perfect model scores rel_L2 0 and phase 0); optimizer effort 34643 L-BFGS evaluations, not a controlled budget."
A06,prior_physics_noise_00pct,pressure_noise,field.u.rel_L2,near-wake,0.16433614492416382,dimensionless,CFD,raw_metric,modes_experiment/fresh_analysis/derived/a06_pressure_noise_summary.csv,accepted,"201-snapshot common-contract evaluation; v1 in the absolute-time convention (a perfect model scores rel_L2 0 and phase 0); optimizer effort 34643 L-BFGS evaluations, not a controlled budget."
A06,prior_physics_noise_00pct,pressure_noise,field.v.rel_L2,near-wake,0.4852791726589203,dimensionless,CFD,raw_metric,modes_experiment/fresh_analysis/derived/a06_pressure_noise_summary.csv,accepted,"201-snapshot common-contract evaluation; v1 in the absolute-time convention (a perfect model scores rel_L2 0 and phase 0); optimizer effort 34643 L-BFGS evaluations, not a controlled budget."
A06,prior_physics_noise_00pct,pressure_noise,field.p.rel_L2,near-wake,0.3067087233066559,dimensionless,CFD,raw_metric,modes_experiment/fresh_analysis/derived/a06_pressure_noise_summary.csv,accepted,"201-snapshot common-contract evaluation; v1 in the absolute-time convention (a perfect model scores rel_L2 0 and phase 0); optimizer effort 34643 L-BFGS evaluations, not a controlled budget."
A06,prior_physics_noise_00pct,pressure_noise,field.u.rel_L2,far-wake,0.18780824542045593,dimensionless,CFD,raw_metric,modes_experiment/fresh_analysis/derived/a06_pressure_noise_summary.csv,accepted,"201-snapshot common-contract evaluation; v1 in the absolute-time convention (a perfect model scores rel_L2 0 and phase 0); optimizer effort 34643 L-BFGS evaluations, not a controlled budget."
A06,prior_physics_noise_00pct,pressure_noise,field.v.rel_L2,far-wake,0.4490889012813568,dimensionless,CFD,raw_metric,modes_experiment/fresh_analysis/derived/a06_pressure_noise_summary.csv,accepted,"201-snapshot common-contract evaluation; v1 in the absolute-time convention (a perfect model scores rel_L2 0 and phase 0); optimizer effort 34643 L-BFGS evaluations, not a controlled budget."
A06,prior_physics_noise_00pct,pressure_noise,field.p.rel_L2,far-wake,1.5653620958328247,dimensionless,CFD,raw_metric,modes_experiment/fresh_analysis/derived/a06_pressure_noise_summary.csv,accepted,"201-snapshot common-contract evaluation; v1 in the absolute-time convention (a perfect model scores rel_L2 0 and phase 0); optimizer effort 34643 L-BFGS evaluations, not a controlled budget."
A06,prior_physics_noise_00pct,pressure_noise,field.u.rel_L2,far-core,0.2100825160741806,dimensionless,CFD,raw_metric,modes_experiment/fresh_analysis/derived/a06_pressure_noise_summary.csv,accepted,"201-snapshot common-contract evaluation; v1 in the absolute-time convention (a perfect model scores rel_L2 0 and phase 0); optimizer effort 34643 L-BFGS evaluations, not a controlled budget."
A06,prior_physics_noise_00pct,pressure_noise,field.v.rel_L2,far-core,0.3913930058479309,dimensionless,CFD,raw_metric,modes_experiment/fresh_analysis/derived/a06_pressure_noise_summary.csv,accepted,"201-snapshot common-contract evaluation; v1 in the absolute-time convention (a perfect model scores rel_L2 0 and phase 0); optimizer effort 34643 L-BFGS evaluations, not a controlled budget."
A06,prior_physics_noise_00pct,pressure_noise,field.p.rel_L2,far-core,1.276977300643921,dimensionless,CFD,raw_metric,modes_experiment/fresh_analysis/derived/a06_pressure_noise_summary.csv,accepted,"201-snapshot common-contract evaluation; v1 in the absolute-time convention (a perfect model scores rel_L2 0 and phase 0); optimizer effort 34643 L-BFGS evaluations, not a controlled budget."
A06,prior_physics_noise_00pct,pressure_noise,field.u.rel_L2,other,0.11128376424312592,dimensionless,CFD,raw_metric,modes_experiment/fresh_analysis/derived/a06_pressure_noise_summary.csv,accepted,"201-snapshot common-contract evaluation; v1 in the absolute-time convention (a perfect model scores rel_L2 0 and phase 0); optimizer effort 34643 L-BFGS evaluations, not a controlled budget."
A06,prior_physics_noise_00pct,pressure_noise,field.v.rel_L2,other,0.4498370885848999,dimensionless,CFD,raw_metric,modes_experiment/fresh_analysis/derived/a06_pressure_noise_summary.csv,accepted,"201-snapshot common-contract evaluation; v1 in the absolute-time convention (a perfect model scores rel_L2 0 and phase 0); optimizer effort 34643 L-BFGS evaluations, not a controlled budget."
A06,prior_physics_noise_00pct,pressure_noise,field.p.rel_L2,other,0.680185079574585,dimensionless,CFD,raw_metric,modes_experiment/fresh_analysis/derived/a06_pressure_noise_summary.csv,accepted,"201-snapshot common-contract evaluation; v1 in the absolute-time convention (a perfect model scores rel_L2 0 and phase 0); optimizer effort 34643 L-BFGS evaluations, not a controlled budget."
A06,prior_physics_noise_00pct,pressure_noise,field.u.rel_L2,whole-domain,0.16075393557548523,dimensionless,CFD,raw_metric,modes_experiment/fresh_analysis/derived/a06_pressure_noise_summary.csv,accepted,"201-snapshot common-contract evaluation; v1 in the absolute-time convention (a perfect model scores rel_L2 0 and phase 0); optimizer effort 34643 L-BFGS evaluations, not a controlled budget."
A06,prior_physics_noise_00pct,pressure_noise,field.v.rel_L2,whole-domain,0.3884117901325226,dimensionless,CFD,raw_metric,modes_experiment/fresh_analysis/derived/a06_pressure_noise_summary.csv,accepted,"201-snapshot common-contract evaluation; v1 in the absolute-time convention (a perfect model scores rel_L2 0 and phase 0); optimizer effort 34643 L-BFGS evaluations, not a controlled budget."
A06,prior_physics_noise_00pct,pressure_noise,field.p.rel_L2,whole-domain,0.37669020891189575,dimensionless,CFD,raw_metric,modes_experiment/fresh_analysis/derived/a06_pressure_noise_summary.csv,accepted,"201-snapshot common-contract evaluation; v1 in the absolute-time convention (a perfect model scores rel_L2 0 and phase 0); optimizer effort 34643 L-BFGS evaluations, not a controlled budget."
A06,prior_physics_noise_00pct,pressure_noise,v1_mode.v.rel_L2,near-cylinder,0.3986498573379578,dimensionless,CFD,raw_metric,modes_experiment/fresh_analysis/derived/a06_pressure_noise_summary.csv,accepted,"201-snapshot common-contract evaluation; v1 in the absolute-time convention (a perfect model scores rel_L2 0 and phase 0); optimizer effort 34643 L-BFGS evaluations, not a controlled budget."
A06,prior_physics_noise_00pct,pressure_noise,v1_mode.v.amp_ratio,near-cylinder,0.8003018055450682,dimensionless,ideal 1,raw_metric,modes_experiment/fresh_analysis/derived/a06_pressure_noise_summary.csv,accepted,"201-snapshot common-contract evaluation; v1 in the absolute-time convention (a perfect model scores rel_L2 0 and phase 0); optimizer effort 34643 L-BFGS evaluations, not a controlled budget."
A06,prior_physics_noise_00pct,pressure_noise,v1_mode.v.corr,near-cylinder,0.9302835550571199,dimensionless,ideal 1,raw_metric,modes_experiment/fresh_analysis/derived/a06_pressure_noise_summary.csv,accepted,"201-snapshot common-contract evaluation; v1 in the absolute-time convention (a perfect model scores rel_L2 0 and phase 0); optimizer effort 34643 L-BFGS evaluations, not a controlled budget."
A06,prior_physics_noise_00pct,pressure_noise,v1_mode.v.phase_deg,near-cylinder,5.735384414413716,degrees,ideal phase 0 deg (absolute-time convention),raw_metric,modes_experiment/fresh_analysis/derived/a06_pressure_noise_summary.csv,accepted,"201-snapshot common-contract evaluation; v1 in the absolute-time convention (a perfect model scores rel_L2 0 and phase 0); optimizer effort 34643 L-BFGS evaluations, not a controlled budget."
A06,prior_physics_noise_00pct,pressure_noise,v1_mode.v.learned_contribution,near-cylinder,0.9735604090794119,dimensionless,analytical Karman prior alone,derived_metric,modes_experiment/fresh_analysis/derived/a06_pressure_noise_summary.csv; derived/a04_prior_only_metrics.json,accepted,"prior-alone rel_L2 minus arm rel_L2; positive means the network improved on the prior. 201-snapshot common-contract evaluation; v1 in the absolute-time convention (a perfect model scores rel_L2 0 and phase 0); optimizer effort 34643 L-BFGS evaluations, not a controlled budget."
A06,prior_physics_noise_00pct,pressure_noise,v1_mode.v.rel_L2,near-wake,0.38383140890066564,dimensionless,CFD,raw_metric,modes_experiment/fresh_analysis/derived/a06_pressure_noise_summary.csv,accepted,"201-snapshot common-contract evaluation; v1 in the absolute-time convention (a perfect model scores rel_L2 0 and phase 0); optimizer effort 34643 L-BFGS evaluations, not a controlled budget."
A06,prior_physics_noise_00pct,pressure_noise,v1_mode.v.amp_ratio,near-wake,0.8580118281696177,dimensionless,ideal 1,raw_metric,modes_experiment/fresh_analysis/derived/a06_pressure_noise_summary.csv,accepted,"201-snapshot common-contract evaluation; v1 in the absolute-time convention (a perfect model scores rel_L2 0 and phase 0); optimizer effort 34643 L-BFGS evaluations, not a controlled budget."
A06,prior_physics_noise_00pct,pressure_noise,v1_mode.v.corr,near-wake,0.9267508026289287,dimensionless,ideal 1,raw_metric,modes_experiment/fresh_analysis/derived/a06_pressure_noise_summary.csv,accepted,"201-snapshot common-contract evaluation; v1 in the absolute-time convention (a perfect model scores rel_L2 0 and phase 0); optimizer effort 34643 L-BFGS evaluations, not a controlled budget."
A06,prior_physics_noise_00pct,pressure_noise,v1_mode.v.phase_deg,near-wake,-2.4624810598168367,degrees,ideal phase 0 deg (absolute-time convention),raw_metric,modes_experiment/fresh_analysis/derived/a06_pressure_noise_summary.csv,accepted,"201-snapshot common-contract evaluation; v1 in the absolute-time convention (a perfect model scores rel_L2 0 and phase 0); optimizer effort 34643 L-BFGS evaluations, not a controlled budget."
A06,prior_physics_noise_00pct,pressure_noise,v1_mode.v.learned_contribution,near-wake,0.3119909434000074,dimensionless,analytical Karman prior alone,derived_metric,modes_experiment/fresh_analysis/derived/a06_pressure_noise_summary.csv; derived/a04_prior_only_metrics.json,accepted,"prior-alone rel_L2 minus arm rel_L2; positive means the network improved on the prior. 201-snapshot common-contract evaluation; v1 in the absolute-time convention (a perfect model scores rel_L2 0 and phase 0); optimizer effort 34643 L-BFGS evaluations, not a controlled budget."
A06,prior_physics_noise_00pct,pressure_noise,v1_mode.v.rel_L2,far-wake,0.29220088919846027,dimensionless,CFD,raw_metric,modes_experiment/fresh_analysis/derived/a06_pressure_noise_summary.csv,accepted,"201-snapshot common-contract evaluation; v1 in the absolute-time convention (a perfect model scores rel_L2 0 and phase 0); optimizer effort 34643 L-BFGS evaluations, not a controlled budget."
A06,prior_physics_noise_00pct,pressure_noise,v1_mode.v.amp_ratio,far-wake,0.8405636591923411,dimensionless,ideal 1,raw_metric,modes_experiment/fresh_analysis/derived/a06_pressure_noise_summary.csv,accepted,"201-snapshot common-contract evaluation; v1 in the absolute-time convention (a perfect model scores rel_L2 0 and phase 0); optimizer effort 34643 L-BFGS evaluations, not a controlled budget."
A06,prior_physics_noise_00pct,pressure_noise,v1_mode.v.corr,far-wake,0.9750197121464105,dimensionless,ideal 1,raw_metric,modes_experiment/fresh_analysis/derived/a06_pressure_noise_summary.csv,accepted,"201-snapshot common-contract evaluation; v1 in the absolute-time convention (a perfect model scores rel_L2 0 and phase 0); optimizer effort 34643 L-BFGS evaluations, not a controlled budget."
A06,prior_physics_noise_00pct,pressure_noise,v1_mode.v.phase_deg,far-wake,-8.490988827110098,degrees,ideal phase 0 deg (absolute-time convention),raw_metric,modes_experiment/fresh_analysis/derived/a06_pressure_noise_summary.csv,accepted,"201-snapshot common-contract evaluation; v1 in the absolute-time convention (a perfect model scores rel_L2 0 and phase 0); optimizer effort 34643 L-BFGS evaluations, not a controlled budget."
A06,prior_physics_noise_00pct,pressure_noise,v1_mode.v.learned_contribution,far-wake,-0.00717044609794959,dimensionless,analytical Karman prior alone,derived_metric,modes_experiment/fresh_analysis/derived/a06_pressure_noise_summary.csv; derived/a04_prior_only_metrics.json,accepted,"prior-alone rel_L2 minus arm rel_L2; positive means the network improved on the prior. 201-snapshot common-contract evaluation; v1 in the absolute-time convention (a perfect model scores rel_L2 0 and phase 0); optimizer effort 34643 L-BFGS evaluations, not a controlled budget."
A06,prior_physics_noise_00pct,pressure_noise,v1_mode.v.rel_L2,far-core,0.28949597842624675,dimensionless,CFD,raw_metric,modes_experiment/fresh_analysis/derived/a06_pressure_noise_summary.csv,accepted,"201-snapshot common-contract evaluation; v1 in the absolute-time convention (a perfect model scores rel_L2 0 and phase 0); optimizer effort 34643 L-BFGS evaluations, not a controlled budget."
A06,prior_physics_noise_00pct,pressure_noise,v1_mode.v.amp_ratio,far-core,0.8387517940246538,dimensionless,ideal 1,raw_metric,modes_experiment/fresh_analysis/derived/a06_pressure_noise_summary.csv,accepted,"201-snapshot common-contract evaluation; v1 in the absolute-time convention (a perfect model scores rel_L2 0 and phase 0); optimizer effort 34643 L-BFGS evaluations, not a controlled budget."
A06,prior_physics_noise_00pct,pressure_noise,v1_mode.v.corr,far-core,0.9765788676166026,dimensionless,ideal 1,raw_metric,modes_experiment/fresh_analysis/derived/a06_pressure_noise_summary.csv,accepted,"201-snapshot common-contract evaluation; v1 in the absolute-time convention (a perfect model scores rel_L2 0 and phase 0); optimizer effort 34643 L-BFGS evaluations, not a controlled budget."
A06,prior_physics_noise_00pct,pressure_noise,v1_mode.v.phase_deg,far-core,-8.622994311329833,degrees,ideal phase 0 deg (absolute-time convention),raw_metric,modes_experiment/fresh_analysis/derived/a06_pressure_noise_summary.csv,accepted,"201-snapshot common-contract evaluation; v1 in the absolute-time convention (a perfect model scores rel_L2 0 and phase 0); optimizer effort 34643 L-BFGS evaluations, not a controlled budget."
A06,prior_physics_noise_00pct,pressure_noise,v1_mode.v.learned_contribution,far-core,-0.007567246742410272,dimensionless,analytical Karman prior alone,derived_metric,modes_experiment/fresh_analysis/derived/a06_pressure_noise_summary.csv; derived/a04_prior_only_metrics.json,accepted,"prior-alone rel_L2 minus arm rel_L2; positive means the network improved on the prior. 201-snapshot common-contract evaluation; v1 in the absolute-time convention (a perfect model scores rel_L2 0 and phase 0); optimizer effort 34643 L-BFGS evaluations, not a controlled budget."
A06,prior_physics_noise_00pct,pressure_noise,v1_mode.v.rel_L2,other,11.281478849190037,dimensionless,CFD,raw_metric,modes_experiment/fresh_analysis/derived/a06_pressure_noise_summary.csv,accepted,"201-snapshot common-contract evaluation; v1 in the absolute-time convention (a perfect model scores rel_L2 0 and phase 0); optimizer effort 34643 L-BFGS evaluations, not a controlled budget."
A06,prior_physics_noise_00pct,pressure_noise,v1_mode.v.amp_ratio,other,11.489159861210807,dimensionless,ideal 1,raw_metric,modes_experiment/fresh_analysis/derived/a06_pressure_noise_summary.csv,accepted,"201-snapshot common-contract evaluation; v1 in the absolute-time convention (a perfect model scores rel_L2 0 and phase 0); optimizer effort 34643 L-BFGS evaluations, not a controlled budget."
A06,prior_physics_noise_00pct,pressure_noise,v1_mode.v.corr,other,0.35065447214748,dimensionless,ideal 1,raw_metric,modes_experiment/fresh_analysis/derived/a06_pressure_noise_summary.csv,accepted,"201-snapshot common-contract evaluation; v1 in the absolute-time convention (a perfect model scores rel_L2 0 and phase 0); optimizer effort 34643 L-BFGS evaluations, not a controlled budget."
A06,prior_physics_noise_00pct,pressure_noise,v1_mode.v.phase_deg,other,-44.68182376443435,degrees,ideal phase 0 deg (absolute-time convention),raw_metric,modes_experiment/fresh_analysis/derived/a06_pressure_noise_summary.csv,accepted,"201-snapshot common-contract evaluation; v1 in the absolute-time convention (a perfect model scores rel_L2 0 and phase 0); optimizer effort 34643 L-BFGS evaluations, not a controlled budget."
A06,prior_physics_noise_00pct,pressure_noise,v1_mode.v.learned_contribution,other,-10.417805204770348,dimensionless,analytical Karman prior alone,derived_metric,modes_experiment/fresh_analysis/derived/a06_pressure_noise_summary.csv; derived/a04_prior_only_metrics.json,accepted,"prior-alone rel_L2 minus arm rel_L2; positive means the network improved on the prior. 201-snapshot common-contract evaluation; v1 in the absolute-time convention (a perfect model scores rel_L2 0 and phase 0); optimizer effort 34643 L-BFGS evaluations, not a controlled budget."
A06,prior_physics_noise_00pct,pressure_noise,v1_mode.v.rel_L2,whole-domain,0.37069515802150554,dimensionless,CFD,raw_metric,modes_experiment/fresh_analysis/derived/a06_pressure_noise_summary.csv,accepted,"201-snapshot common-contract evaluation; v1 in the absolute-time convention (a perfect model scores rel_L2 0 and phase 0); optimizer effort 34643 L-BFGS evaluations, not a controlled budget."
A06,prior_physics_noise_00pct,pressure_noise,v1_mode.v.amp_ratio,whole-domain,0.8647728395492775,dimensionless,ideal 1,raw_metric,modes_experiment/fresh_analysis/derived/a06_pressure_noise_summary.csv,accepted,"201-snapshot common-contract evaluation; v1 in the absolute-time convention (a perfect model scores rel_L2 0 and phase 0); optimizer effort 34643 L-BFGS evaluations, not a controlled budget."
A06,prior_physics_noise_00pct,pressure_noise,v1_mode.v.corr,whole-domain,0.9371953098193957,dimensionless,ideal 1,raw_metric,modes_experiment/fresh_analysis/derived/a06_pressure_noise_summary.csv,accepted,"201-snapshot common-contract evaluation; v1 in the absolute-time convention (a perfect model scores rel_L2 0 and phase 0); optimizer effort 34643 L-BFGS evaluations, not a controlled budget."
A06,prior_physics_noise_00pct,pressure_noise,v1_mode.v.phase_deg,whole-domain,-6.52661607589164,degrees,ideal phase 0 deg (absolute-time convention),raw_metric,modes_experiment/fresh_analysis/derived/a06_pressure_noise_summary.csv,accepted,"201-snapshot common-contract evaluation; v1 in the absolute-time convention (a perfect model scores rel_L2 0 and phase 0); optimizer effort 34643 L-BFGS evaluations, not a controlled budget."
A06,prior_physics_noise_00pct,pressure_noise,v1_mode.v.learned_contribution,whole-domain,0.1077727753314035,dimensionless,analytical Karman prior alone,derived_metric,modes_experiment/fresh_analysis/derived/a06_pressure_noise_summary.csv; derived/a04_prior_only_metrics.json,accepted,"prior-alone rel_L2 minus arm rel_L2; positive means the network improved on the prior. 201-snapshot common-contract evaluation; v1 in the absolute-time convention (a perfect model scores rel_L2 0 and phase 0); optimizer effort 34643 L-BFGS evaluations, not a controlled budget."
A06,prior_physics_noise_01pct,pressure_noise,field.u.rel_L2,near-cylinder,0.07373108714818954,dimensionless,CFD,raw_metric,modes_experiment/fresh_analysis/derived/a06_pressure_noise_summary.csv,accepted,"201-snapshot common-contract evaluation; v1 in the absolute-time convention (a perfect model scores rel_L2 0 and phase 0); optimizer effort 5376 L-BFGS evaluations, not a controlled budget."
A06,prior_physics_noise_01pct,pressure_noise,field.v.rel_L2,near-cylinder,0.10867218673229218,dimensionless,CFD,raw_metric,modes_experiment/fresh_analysis/derived/a06_pressure_noise_summary.csv,accepted,"201-snapshot common-contract evaluation; v1 in the absolute-time convention (a perfect model scores rel_L2 0 and phase 0); optimizer effort 5376 L-BFGS evaluations, not a controlled budget."
A06,prior_physics_noise_01pct,pressure_noise,field.p.rel_L2,near-cylinder,0.02000579424202442,dimensionless,CFD,raw_metric,modes_experiment/fresh_analysis/derived/a06_pressure_noise_summary.csv,accepted,"201-snapshot common-contract evaluation; v1 in the absolute-time convention (a perfect model scores rel_L2 0 and phase 0); optimizer effort 5376 L-BFGS evaluations, not a controlled budget."
A06,prior_physics_noise_01pct,pressure_noise,field.u.rel_L2,near-wake,0.17008616030216217,dimensionless,CFD,raw_metric,modes_experiment/fresh_analysis/derived/a06_pressure_noise_summary.csv,accepted,"201-snapshot common-contract evaluation; v1 in the absolute-time convention (a perfect model scores rel_L2 0 and phase 0); optimizer effort 5376 L-BFGS evaluations, not a controlled budget."
A06,prior_physics_noise_01pct,pressure_noise,field.v.rel_L2,near-wake,0.5298383235931396,dimensionless,CFD,raw_metric,modes_experiment/fresh_analysis/derived/a06_pressure_noise_summary.csv,accepted,"201-snapshot common-contract evaluation; v1 in the absolute-time convention (a perfect model scores rel_L2 0 and phase 0); optimizer effort 5376 L-BFGS evaluations, not a controlled budget."
A06,prior_physics_noise_01pct,pressure_noise,field.p.rel_L2,near-wake,0.3615548610687256,dimensionless,CFD,raw_metric,modes_experiment/fresh_analysis/derived/a06_pressure_noise_summary.csv,accepted,"201-snapshot common-contract evaluation; v1 in the absolute-time convention (a perfect model scores rel_L2 0 and phase 0); optimizer effort 5376 L-BFGS evaluations, not a controlled budget."
A06,prior_physics_noise_01pct,pressure_noise,field.u.rel_L2,far-wake,0.19777055084705353,dimensionless,CFD,raw_metric,modes_experiment/fresh_analysis/derived/a06_pressure_noise_summary.csv,accepted,"201-snapshot common-contract evaluation; v1 in the absolute-time convention (a perfect model scores rel_L2 0 and phase 0); optimizer effort 5376 L-BFGS evaluations, not a controlled budget."
A06,prior_physics_noise_01pct,pressure_noise,field.v.rel_L2,far-wake,0.45726364850997925,dimensionless,CFD,raw_metric,modes_experiment/fresh_analysis/derived/a06_pressure_noise_summary.csv,accepted,"201-snapshot common-contract evaluation; v1 in the absolute-time convention (a perfect model scores rel_L2 0 and phase 0); optimizer effort 5376 L-BFGS evaluations, not a controlled budget."
A06,prior_physics_noise_01pct,pressure_noise,field.p.rel_L2,far-wake,1.0677814483642578,dimensionless,CFD,raw_metric,modes_experiment/fresh_analysis/derived/a06_pressure_noise_summary.csv,accepted,"201-snapshot common-contract evaluation; v1 in the absolute-time convention (a perfect model scores rel_L2 0 and phase 0); optimizer effort 5376 L-BFGS evaluations, not a controlled budget."
A06,prior_physics_noise_01pct,pressure_noise,field.u.rel_L2,far-core,0.2304695099592209,dimensionless,CFD,raw_metric,modes_experiment/fresh_analysis/derived/a06_pressure_noise_summary.csv,accepted,"201-snapshot common-contract evaluation; v1 in the absolute-time convention (a perfect model scores rel_L2 0 and phase 0); optimizer effort 5376 L-BFGS evaluations, not a controlled budget."
A06,prior_physics_noise_01pct,pressure_noise,field.v.rel_L2,far-core,0.4294816255569458,dimensionless,CFD,raw_metric,modes_experiment/fresh_analysis/derived/a06_pressure_noise_summary.csv,accepted,"201-snapshot common-contract evaluation; v1 in the absolute-time convention (a perfect model scores rel_L2 0 and phase 0); optimizer effort 5376 L-BFGS evaluations, not a controlled budget."
A06,prior_physics_noise_01pct,pressure_noise,field.p.rel_L2,far-core,0.9905796647071838,dimensionless,CFD,raw_metric,modes_experiment/fresh_analysis/derived/a06_pressure_noise_summary.csv,accepted,"201-snapshot common-contract evaluation; v1 in the absolute-time convention (a perfect model scores rel_L2 0 and phase 0); optimizer effort 5376 L-BFGS evaluations, not a controlled budget."
A06,prior_physics_noise_01pct,pressure_noise,field.u.rel_L2,other,0.0572129525244236,dimensionless,CFD,raw_metric,modes_experiment/fresh_analysis/derived/a06_pressure_noise_summary.csv,accepted,"201-snapshot common-contract evaluation; v1 in the absolute-time convention (a perfect model scores rel_L2 0 and phase 0); optimizer effort 5376 L-BFGS evaluations, not a controlled budget."
A06,prior_physics_noise_01pct,pressure_noise,field.v.rel_L2,other,0.3909766674041748,dimensionless,CFD,raw_metric,modes_experiment/fresh_analysis/derived/a06_pressure_noise_summary.csv,accepted,"201-snapshot common-contract evaluation; v1 in the absolute-time convention (a perfect model scores rel_L2 0 and phase 0); optimizer effort 5376 L-BFGS evaluations, not a controlled budget."
A06,prior_physics_noise_01pct,pressure_noise,field.p.rel_L2,other,0.40695708990097046,dimensionless,CFD,raw_metric,modes_experiment/fresh_analysis/derived/a06_pressure_noise_summary.csv,accepted,"201-snapshot common-contract evaluation; v1 in the absolute-time convention (a perfect model scores rel_L2 0 and phase 0); optimizer effort 5376 L-BFGS evaluations, not a controlled budget."
A06,prior_physics_noise_01pct,pressure_noise,field.u.rel_L2,whole-domain,0.16344581544399261,dimensionless,CFD,raw_metric,modes_experiment/fresh_analysis/derived/a06_pressure_noise_summary.csv,accepted,"201-snapshot common-contract evaluation; v1 in the absolute-time convention (a perfect model scores rel_L2 0 and phase 0); optimizer effort 5376 L-BFGS evaluations, not a controlled budget."
A06,prior_physics_noise_01pct,pressure_noise,field.v.rel_L2,whole-domain,0.4013257622718811,dimensionless,CFD,raw_metric,modes_experiment/fresh_analysis/derived/a06_pressure_noise_summary.csv,accepted,"201-snapshot common-contract evaluation; v1 in the absolute-time convention (a perfect model scores rel_L2 0 and phase 0); optimizer effort 5376 L-BFGS evaluations, not a controlled budget."
A06,prior_physics_noise_01pct,pressure_noise,field.p.rel_L2,whole-domain,0.296927809715271,dimensionless,CFD,raw_metric,modes_experiment/fresh_analysis/derived/a06_pressure_noise_summary.csv,accepted,"201-snapshot common-contract evaluation; v1 in the absolute-time convention (a perfect model scores rel_L2 0 and phase 0); optimizer effort 5376 L-BFGS evaluations, not a controlled budget."
A06,prior_physics_noise_01pct,pressure_noise,v1_mode.v.rel_L2,near-cylinder,0.6999103834236227,dimensionless,CFD,raw_metric,modes_experiment/fresh_analysis/derived/a06_pressure_noise_summary.csv,accepted,"201-snapshot common-contract evaluation; v1 in the absolute-time convention (a perfect model scores rel_L2 0 and phase 0); optimizer effort 5376 L-BFGS evaluations, not a controlled budget."
A06,prior_physics_noise_01pct,pressure_noise,v1_mode.v.amp_ratio,near-cylinder,0.6084748092946866,dimensionless,ideal 1,raw_metric,modes_experiment/fresh_analysis/derived/a06_pressure_noise_summary.csv,accepted,"201-snapshot common-contract evaluation; v1 in the absolute-time convention (a perfect model scores rel_L2 0 and phase 0); optimizer effort 5376 L-BFGS evaluations, not a controlled budget."
A06,prior_physics_noise_01pct,pressure_noise,v1_mode.v.corr,near-cylinder,0.7518662120288071,dimensionless,ideal 1,raw_metric,modes_experiment/fresh_analysis/derived/a06_pressure_noise_summary.csv,accepted,"201-snapshot common-contract evaluation; v1 in the absolute-time convention (a perfect model scores rel_L2 0 and phase 0); optimizer effort 5376 L-BFGS evaluations, not a controlled budget."
A06,prior_physics_noise_01pct,pressure_noise,v1_mode.v.phase_deg,near-cylinder,-15.81065529549928,degrees,ideal phase 0 deg (absolute-time convention),raw_metric,modes_experiment/fresh_analysis/derived/a06_pressure_noise_summary.csv,accepted,"201-snapshot common-contract evaluation; v1 in the absolute-time convention (a perfect model scores rel_L2 0 and phase 0); optimizer effort 5376 L-BFGS evaluations, not a controlled budget."
A06,prior_physics_noise_01pct,pressure_noise,v1_mode.v.learned_contribution,near-cylinder,0.672299882993747,dimensionless,analytical Karman prior alone,derived_metric,modes_experiment/fresh_analysis/derived/a06_pressure_noise_summary.csv; derived/a04_prior_only_metrics.json,accepted,"prior-alone rel_L2 minus arm rel_L2; positive means the network improved on the prior. 201-snapshot common-contract evaluation; v1 in the absolute-time convention (a perfect model scores rel_L2 0 and phase 0); optimizer effort 5376 L-BFGS evaluations, not a controlled budget."
A06,prior_physics_noise_01pct,pressure_noise,v1_mode.v.rel_L2,near-wake,0.44878696617869035,dimensionless,CFD,raw_metric,modes_experiment/fresh_analysis/derived/a06_pressure_noise_summary.csv,accepted,"201-snapshot common-contract evaluation; v1 in the absolute-time convention (a perfect model scores rel_L2 0 and phase 0); optimizer effort 5376 L-BFGS evaluations, not a controlled budget."
A06,prior_physics_noise_01pct,pressure_noise,v1_mode.v.amp_ratio,near-wake,0.8928871173386282,dimensionless,ideal 1,raw_metric,modes_experiment/fresh_analysis/derived/a06_pressure_noise_summary.csv,accepted,"201-snapshot common-contract evaluation; v1 in the absolute-time convention (a perfect model scores rel_L2 0 and phase 0); optimizer effort 5376 L-BFGS evaluations, not a controlled budget."
A06,prior_physics_noise_01pct,pressure_noise,v1_mode.v.corr,near-wake,0.9304627814251119,dimensionless,ideal 1,raw_metric,modes_experiment/fresh_analysis/derived/a06_pressure_noise_summary.csv,accepted,"201-snapshot common-contract evaluation; v1 in the absolute-time convention (a perfect model scores rel_L2 0 and phase 0); optimizer effort 5376 L-BFGS evaluations, not a controlled budget."
A06,prior_physics_noise_01pct,pressure_noise,v1_mode.v.phase_deg,near-wake,-16.173148811783793,degrees,ideal phase 0 deg (absolute-time convention),raw_metric,modes_experiment/fresh_analysis/derived/a06_pressure_noise_summary.csv,accepted,"201-snapshot common-contract evaluation; v1 in the absolute-time convention (a perfect model scores rel_L2 0 and phase 0); optimizer effort 5376 L-BFGS evaluations, not a controlled budget."
A06,prior_physics_noise_01pct,pressure_noise,v1_mode.v.learned_contribution,near-wake,0.24703538612198267,dimensionless,analytical Karman prior alone,derived_metric,modes_experiment/fresh_analysis/derived/a06_pressure_noise_summary.csv; derived/a04_prior_only_metrics.json,accepted,"prior-alone rel_L2 minus arm rel_L2; positive means the network improved on the prior. 201-snapshot common-contract evaluation; v1 in the absolute-time convention (a perfect model scores rel_L2 0 and phase 0); optimizer effort 5376 L-BFGS evaluations, not a controlled budget."
A06,prior_physics_noise_01pct,pressure_noise,v1_mode.v.rel_L2,far-wake,0.32750394083486484,dimensionless,CFD,raw_metric,modes_experiment/fresh_analysis/derived/a06_pressure_noise_summary.csv,accepted,"201-snapshot common-contract evaluation; v1 in the absolute-time convention (a perfect model scores rel_L2 0 and phase 0); optimizer effort 5376 L-BFGS evaluations, not a controlled budget."
A06,prior_physics_noise_01pct,pressure_noise,v1_mode.v.amp_ratio,far-wake,0.8113977736232508,dimensionless,ideal 1,raw_metric,modes_experiment/fresh_analysis/derived/a06_pressure_noise_summary.csv,accepted,"201-snapshot common-contract evaluation; v1 in the absolute-time convention (a perfect model scores rel_L2 0 and phase 0); optimizer effort 5376 L-BFGS evaluations, not a controlled budget."
A06,prior_physics_noise_01pct,pressure_noise,v1_mode.v.corr,far-wake,0.9676859042948462,dimensionless,ideal 1,raw_metric,modes_experiment/fresh_analysis/derived/a06_pressure_noise_summary.csv,accepted,"201-snapshot common-contract evaluation; v1 in the absolute-time convention (a perfect model scores rel_L2 0 and phase 0); optimizer effort 5376 L-BFGS evaluations, not a controlled budget."
A06,prior_physics_noise_01pct,pressure_noise,v1_mode.v.phase_deg,far-wake,-8.98019266938192,degrees,ideal phase 0 deg (absolute-time convention),raw_metric,modes_experiment/fresh_analysis/derived/a06_pressure_noise_summary.csv,accepted,"201-snapshot common-contract evaluation; v1 in the absolute-time convention (a perfect model scores rel_L2 0 and phase 0); optimizer effort 5376 L-BFGS evaluations, not a controlled budget."
A06,prior_physics_noise_01pct,pressure_noise,v1_mode.v.learned_contribution,far-wake,-0.04247349773435416,dimensionless,analytical Karman prior alone,derived_metric,modes_experiment/fresh_analysis/derived/a06_pressure_noise_summary.csv; derived/a04_prior_only_metrics.json,accepted,"prior-alone rel_L2 minus arm rel_L2; positive means the network improved on the prior. 201-snapshot common-contract evaluation; v1 in the absolute-time convention (a perfect model scores rel_L2 0 and phase 0); optimizer effort 5376 L-BFGS evaluations, not a controlled budget."
A06,prior_physics_noise_01pct,pressure_noise,v1_mode.v.rel_L2,far-core,0.3249072452981911,dimensionless,CFD,raw_metric,modes_experiment/fresh_analysis/derived/a06_pressure_noise_summary.csv,accepted,"201-snapshot common-contract evaluation; v1 in the absolute-time convention (a perfect model scores rel_L2 0 and phase 0); optimizer effort 5376 L-BFGS evaluations, not a controlled budget."
A06,prior_physics_noise_01pct,pressure_noise,v1_mode.v.amp_ratio,far-core,0.8110603267772551,dimensionless,ideal 1,raw_metric,modes_experiment/fresh_analysis/derived/a06_pressure_noise_summary.csv,accepted,"201-snapshot common-contract evaluation; v1 in the absolute-time convention (a perfect model scores rel_L2 0 and phase 0); optimizer effort 5376 L-BFGS evaluations, not a controlled budget."
A06,prior_physics_noise_01pct,pressure_noise,v1_mode.v.corr,far-core,0.9693862586189862,dimensionless,ideal 1,raw_metric,modes_experiment/fresh_analysis/derived/a06_pressure_noise_summary.csv,accepted,"201-snapshot common-contract evaluation; v1 in the absolute-time convention (a perfect model scores rel_L2 0 and phase 0); optimizer effort 5376 L-BFGS evaluations, not a controlled budget."
A06,prior_physics_noise_01pct,pressure_noise,v1_mode.v.phase_deg,far-core,-9.195351535111259,degrees,ideal phase 0 deg (absolute-time convention),raw_metric,modes_experiment/fresh_analysis/derived/a06_pressure_noise_summary.csv,accepted,"201-snapshot common-contract evaluation; v1 in the absolute-time convention (a perfect model scores rel_L2 0 and phase 0); optimizer effort 5376 L-BFGS evaluations, not a controlled budget."
A06,prior_physics_noise_01pct,pressure_noise,v1_mode.v.learned_contribution,far-core,-0.04297851361435462,dimensionless,analytical Karman prior alone,derived_metric,modes_experiment/fresh_analysis/derived/a06_pressure_noise_summary.csv; derived/a04_prior_only_metrics.json,accepted,"prior-alone rel_L2 minus arm rel_L2; positive means the network improved on the prior. 201-snapshot common-contract evaluation; v1 in the absolute-time convention (a perfect model scores rel_L2 0 and phase 0); optimizer effort 5376 L-BFGS evaluations, not a controlled budget."
A06,prior_physics_noise_01pct,pressure_noise,v1_mode.v.rel_L2,other,9.978337335012958,dimensionless,CFD,raw_metric,modes_experiment/fresh_analysis/derived/a06_pressure_noise_summary.csv,accepted,"201-snapshot common-contract evaluation; v1 in the absolute-time convention (a perfect model scores rel_L2 0 and phase 0); optimizer effort 5376 L-BFGS evaluations, not a controlled budget."
A06,prior_physics_noise_01pct,pressure_noise,v1_mode.v.amp_ratio,other,10.364851180213302,dimensionless,ideal 1,raw_metric,modes_experiment/fresh_analysis/derived/a06_pressure_noise_summary.csv,accepted,"201-snapshot common-contract evaluation; v1 in the absolute-time convention (a perfect model scores rel_L2 0 and phase 0); optimizer effort 5376 L-BFGS evaluations, not a controlled budget."
A06,prior_physics_noise_01pct,pressure_noise,v1_mode.v.corr,other,0.47685145370807236,dimensionless,ideal 1,raw_metric,modes_experiment/fresh_analysis/derived/a06_pressure_noise_summary.csv,accepted,"201-snapshot common-contract evaluation; v1 in the absolute-time convention (a perfect model scores rel_L2 0 and phase 0); optimizer effort 5376 L-BFGS evaluations, not a controlled budget."
A06,prior_physics_noise_01pct,pressure_noise,v1_mode.v.phase_deg,other,26.284745229539226,degrees,ideal phase 0 deg (absolute-time convention),raw_metric,modes_experiment/fresh_analysis/derived/a06_pressure_noise_summary.csv,accepted,"201-snapshot common-contract evaluation; v1 in the absolute-time convention (a perfect model scores rel_L2 0 and phase 0); optimizer effort 5376 L-BFGS evaluations, not a controlled budget."
A06,prior_physics_noise_01pct,pressure_noise,v1_mode.v.learned_contribution,other,-9.114663690593268,dimensionless,analytical Karman prior alone,derived_metric,modes_experiment/fresh_analysis/derived/a06_pressure_noise_summary.csv; derived/a04_prior_only_metrics.json,accepted,"prior-alone rel_L2 minus arm rel_L2; positive means the network improved on the prior. 201-snapshot common-contract evaluation; v1 in the absolute-time convention (a perfect model scores rel_L2 0 and phase 0); optimizer effort 5376 L-BFGS evaluations, not a controlled budget."
A06,prior_physics_noise_01pct,pressure_noise,v1_mode.v.rel_L2,whole-domain,0.40752948311166604,dimensionless,CFD,raw_metric,modes_experiment/fresh_analysis/derived/a06_pressure_noise_summary.csv,accepted,"201-snapshot common-contract evaluation; v1 in the absolute-time convention (a perfect model scores rel_L2 0 and phase 0); optimizer effort 5376 L-BFGS evaluations, not a controlled budget."
A06,prior_physics_noise_01pct,pressure_noise,v1_mode.v.amp_ratio,whole-domain,0.8516581303594639,dimensionless,ideal 1,raw_metric,modes_experiment/fresh_analysis/derived/a06_pressure_noise_summary.csv,accepted,"201-snapshot common-contract evaluation; v1 in the absolute-time convention (a perfect model scores rel_L2 0 and phase 0); optimizer effort 5376 L-BFGS evaluations, not a controlled budget."
A06,prior_physics_noise_01pct,pressure_noise,v1_mode.v.corr,whole-domain,0.9336156017305978,dimensionless,ideal 1,raw_metric,modes_experiment/fresh_analysis/derived/a06_pressure_noise_summary.csv,accepted,"201-snapshot common-contract evaluation; v1 in the absolute-time convention (a perfect model scores rel_L2 0 and phase 0); optimizer effort 5376 L-BFGS evaluations, not a controlled budget."
A06,prior_physics_noise_01pct,pressure_noise,v1_mode.v.phase_deg,whole-domain,-11.331940087529448,degrees,ideal phase 0 deg (absolute-time convention),raw_metric,modes_experiment/fresh_analysis/derived/a06_pressure_noise_summary.csv,accepted,"201-snapshot common-contract evaluation; v1 in the absolute-time convention (a perfect model scores rel_L2 0 and phase 0); optimizer effort 5376 L-BFGS evaluations, not a controlled budget."
A06,prior_physics_noise_01pct,pressure_noise,v1_mode.v.learned_contribution,whole-domain,0.07093845024124301,dimensionless,analytical Karman prior alone,derived_metric,modes_experiment/fresh_analysis/derived/a06_pressure_noise_summary.csv; derived/a04_prior_only_metrics.json,accepted,"prior-alone rel_L2 minus arm rel_L2; positive means the network improved on the prior. 201-snapshot common-contract evaluation; v1 in the absolute-time convention (a perfect model scores rel_L2 0 and phase 0); optimizer effort 5376 L-BFGS evaluations, not a controlled budget."
A06,prior_physics_noise_05pct,pressure_noise,field.u.rel_L2,near-cylinder,0.06289372593164444,dimensionless,CFD,raw_metric,modes_experiment/fresh_analysis/derived/a06_pressure_noise_summary.csv,accepted,"201-snapshot common-contract evaluation; v1 in the absolute-time convention (a perfect model scores rel_L2 0 and phase 0); optimizer effort 12047 L-BFGS evaluations, not a controlled budget."
A06,prior_physics_noise_05pct,pressure_noise,field.v.rel_L2,near-cylinder,0.09839047491550446,dimensionless,CFD,raw_metric,modes_experiment/fresh_analysis/derived/a06_pressure_noise_summary.csv,accepted,"201-snapshot common-contract evaluation; v1 in the absolute-time convention (a perfect model scores rel_L2 0 and phase 0); optimizer effort 12047 L-BFGS evaluations, not a controlled budget."
A06,prior_physics_noise_05pct,pressure_noise,field.p.rel_L2,near-cylinder,0.017139922827482224,dimensionless,CFD,raw_metric,modes_experiment/fresh_analysis/derived/a06_pressure_noise_summary.csv,accepted,"201-snapshot common-contract evaluation; v1 in the absolute-time convention (a perfect model scores rel_L2 0 and phase 0); optimizer effort 12047 L-BFGS evaluations, not a controlled budget."
A06,prior_physics_noise_05pct,pressure_noise,field.u.rel_L2,near-wake,0.15660448372364044,dimensionless,CFD,raw_metric,modes_experiment/fresh_analysis/derived/a06_pressure_noise_summary.csv,accepted,"201-snapshot common-contract evaluation; v1 in the absolute-time convention (a perfect model scores rel_L2 0 and phase 0); optimizer effort 12047 L-BFGS evaluations, not a controlled budget."
A06,prior_physics_noise_05pct,pressure_noise,field.v.rel_L2,near-wake,0.5128588080406189,dimensionless,CFD,raw_metric,modes_experiment/fresh_analysis/derived/a06_pressure_noise_summary.csv,accepted,"201-snapshot common-contract evaluation; v1 in the absolute-time convention (a perfect model scores rel_L2 0 and phase 0); optimizer effort 12047 L-BFGS evaluations, not a controlled budget."
A06,prior_physics_noise_05pct,pressure_noise,field.p.rel_L2,near-wake,0.35345929861068726,dimensionless,CFD,raw_metric,modes_experiment/fresh_analysis/derived/a06_pressure_noise_summary.csv,accepted,"201-snapshot common-contract evaluation; v1 in the absolute-time convention (a perfect model scores rel_L2 0 and phase 0); optimizer effort 12047 L-BFGS evaluations, not a controlled budget."
A06,prior_physics_noise_05pct,pressure_noise,field.u.rel_L2,far-wake,0.17741991579532623,dimensionless,CFD,raw_metric,modes_experiment/fresh_analysis/derived/a06_pressure_noise_summary.csv,accepted,"201-snapshot common-contract evaluation; v1 in the absolute-time convention (a perfect model scores rel_L2 0 and phase 0); optimizer effort 12047 L-BFGS evaluations, not a controlled budget."
A06,prior_physics_noise_05pct,pressure_noise,field.v.rel_L2,far-wake,0.4179736375808716,dimensionless,CFD,raw_metric,modes_experiment/fresh_analysis/derived/a06_pressure_noise_summary.csv,accepted,"201-snapshot common-contract evaluation; v1 in the absolute-time convention (a perfect model scores rel_L2 0 and phase 0); optimizer effort 12047 L-BFGS evaluations, not a controlled budget."
A06,prior_physics_noise_05pct,pressure_noise,field.p.rel_L2,far-wake,1.1285940408706665,dimensionless,CFD,raw_metric,modes_experiment/fresh_analysis/derived/a06_pressure_noise_summary.csv,accepted,"201-snapshot common-contract evaluation; v1 in the absolute-time convention (a perfect model scores rel_L2 0 and phase 0); optimizer effort 12047 L-BFGS evaluations, not a controlled budget."
A06,prior_physics_noise_05pct,pressure_noise,field.u.rel_L2,far-core,0.2050587683916092,dimensionless,CFD,raw_metric,modes_experiment/fresh_analysis/derived/a06_pressure_noise_summary.csv,accepted,"201-snapshot common-contract evaluation; v1 in the absolute-time convention (a perfect model scores rel_L2 0 and phase 0); optimizer effort 12047 L-BFGS evaluations, not a controlled budget."
A06,prior_physics_noise_05pct,pressure_noise,field.v.rel_L2,far-core,0.39045074582099915,dimensionless,CFD,raw_metric,modes_experiment/fresh_analysis/derived/a06_pressure_noise_summary.csv,accepted,"201-snapshot common-contract evaluation; v1 in the absolute-time convention (a perfect model scores rel_L2 0 and phase 0); optimizer effort 12047 L-BFGS evaluations, not a controlled budget."
A06,prior_physics_noise_05pct,pressure_noise,field.p.rel_L2,far-core,1.018853783607483,dimensionless,CFD,raw_metric,modes_experiment/fresh_analysis/derived/a06_pressure_noise_summary.csv,accepted,"201-snapshot common-contract evaluation; v1 in the absolute-time convention (a perfect model scores rel_L2 0 and phase 0); optimizer effort 12047 L-BFGS evaluations, not a controlled budget."
A06,prior_physics_noise_05pct,pressure_noise,field.u.rel_L2,other,0.0621359720826149,dimensionless,CFD,raw_metric,modes_experiment/fresh_analysis/derived/a06_pressure_noise_summary.csv,accepted,"201-snapshot common-contract evaluation; v1 in the absolute-time convention (a perfect model scores rel_L2 0 and phase 0); optimizer effort 12047 L-BFGS evaluations, not a controlled budget."
A06,prior_physics_noise_05pct,pressure_noise,field.v.rel_L2,other,0.41323941946029663,dimensionless,CFD,raw_metric,modes_experiment/fresh_analysis/derived/a06_pressure_noise_summary.csv,accepted,"201-snapshot common-contract evaluation; v1 in the absolute-time convention (a perfect model scores rel_L2 0 and phase 0); optimizer effort 12047 L-BFGS evaluations, not a controlled budget."
A06,prior_physics_noise_05pct,pressure_noise,field.p.rel_L2,other,0.4176536500453949,dimensionless,CFD,raw_metric,modes_experiment/fresh_analysis/derived/a06_pressure_noise_summary.csv,accepted,"201-snapshot common-contract evaluation; v1 in the absolute-time convention (a perfect model scores rel_L2 0 and phase 0); optimizer effort 12047 L-BFGS evaluations, not a controlled budget."
A06,prior_physics_noise_05pct,pressure_noise,field.u.rel_L2,whole-domain,0.14874812960624695,dimensionless,CFD,raw_metric,modes_experiment/fresh_analysis/derived/a06_pressure_noise_summary.csv,accepted,"201-snapshot common-contract evaluation; v1 in the absolute-time convention (a perfect model scores rel_L2 0 and phase 0); optimizer effort 12047 L-BFGS evaluations, not a controlled budget."
A06,prior_physics_noise_05pct,pressure_noise,field.v.rel_L2,whole-domain,0.3803679943084717,dimensionless,CFD,raw_metric,modes_experiment/fresh_analysis/derived/a06_pressure_noise_summary.csv,accepted,"201-snapshot common-contract evaluation; v1 in the absolute-time convention (a perfect model scores rel_L2 0 and phase 0); optimizer effort 12047 L-BFGS evaluations, not a controlled budget."
A06,prior_physics_noise_05pct,pressure_noise,field.p.rel_L2,whole-domain,0.3033050000667572,dimensionless,CFD,raw_metric,modes_experiment/fresh_analysis/derived/a06_pressure_noise_summary.csv,accepted,"201-snapshot common-contract evaluation; v1 in the absolute-time convention (a perfect model scores rel_L2 0 and phase 0); optimizer effort 12047 L-BFGS evaluations, not a controlled budget."
A06,prior_physics_noise_05pct,pressure_noise,v1_mode.v.rel_L2,near-cylinder,0.6544942735235596,dimensionless,CFD,raw_metric,modes_experiment/fresh_analysis/derived/a06_pressure_noise_summary.csv,accepted,"201-snapshot common-contract evaluation; v1 in the absolute-time convention (a perfect model scores rel_L2 0 and phase 0); optimizer effort 12047 L-BFGS evaluations, not a controlled budget."
A06,prior_physics_noise_05pct,pressure_noise,v1_mode.v.amp_ratio,near-cylinder,0.6579906034251627,dimensionless,ideal 1,raw_metric,modes_experiment/fresh_analysis/derived/a06_pressure_noise_summary.csv,accepted,"201-snapshot common-contract evaluation; v1 in the absolute-time convention (a perfect model scores rel_L2 0 and phase 0); optimizer effort 12047 L-BFGS evaluations, not a controlled budget."
A06,prior_physics_noise_05pct,pressure_noise,v1_mode.v.corr,near-cylinder,0.7769054187135748,dimensionless,ideal 1,raw_metric,modes_experiment/fresh_analysis/derived/a06_pressure_noise_summary.csv,accepted,"201-snapshot common-contract evaluation; v1 in the absolute-time convention (a perfect model scores rel_L2 0 and phase 0); optimizer effort 12047 L-BFGS evaluations, not a controlled budget."
A06,prior_physics_noise_05pct,pressure_noise,v1_mode.v.phase_deg,near-cylinder,-10.708296256981402,degrees,ideal phase 0 deg (absolute-time convention),raw_metric,modes_experiment/fresh_analysis/derived/a06_pressure_noise_summary.csv,accepted,"201-snapshot common-contract evaluation; v1 in the absolute-time convention (a perfect model scores rel_L2 0 and phase 0); optimizer effort 12047 L-BFGS evaluations, not a controlled budget."
A06,prior_physics_noise_05pct,pressure_noise,v1_mode.v.learned_contribution,near-cylinder,0.71771599289381,dimensionless,analytical Karman prior alone,derived_metric,modes_experiment/fresh_analysis/derived/a06_pressure_noise_summary.csv; derived/a04_prior_only_metrics.json,accepted,"prior-alone rel_L2 minus arm rel_L2; positive means the network improved on the prior. 201-snapshot common-contract evaluation; v1 in the absolute-time convention (a perfect model scores rel_L2 0 and phase 0); optimizer effort 12047 L-BFGS evaluations, not a controlled budget."
A06,prior_physics_noise_05pct,pressure_noise,v1_mode.v.rel_L2,near-wake,0.4553615305680055,dimensionless,CFD,raw_metric,modes_experiment/fresh_analysis/derived/a06_pressure_noise_summary.csv,accepted,"201-snapshot common-contract evaluation; v1 in the absolute-time convention (a perfect model scores rel_L2 0 and phase 0); optimizer effort 12047 L-BFGS evaluations, not a controlled budget."
A06,prior_physics_noise_05pct,pressure_noise,v1_mode.v.amp_ratio,near-wake,0.9266840978207586,dimensionless,ideal 1,raw_metric,modes_experiment/fresh_analysis/derived/a06_pressure_noise_summary.csv,accepted,"201-snapshot common-contract evaluation; v1 in the absolute-time convention (a perfect model scores rel_L2 0 and phase 0); optimizer effort 12047 L-BFGS evaluations, not a controlled budget."
A06,prior_physics_noise_05pct,pressure_noise,v1_mode.v.corr,near-wake,0.9363587299680133,dimensionless,ideal 1,raw_metric,modes_experiment/fresh_analysis/derived/a06_pressure_noise_summary.csv,accepted,"201-snapshot common-contract evaluation; v1 in the absolute-time convention (a perfect model scores rel_L2 0 and phase 0); optimizer effort 12047 L-BFGS evaluations, not a controlled budget."
A06,prior_physics_noise_05pct,pressure_noise,v1_mode.v.phase_deg,near-wake,-17.90260771410457,degrees,ideal phase 0 deg (absolute-time convention),raw_metric,modes_experiment/fresh_analysis/derived/a06_pressure_noise_summary.csv,accepted,"201-snapshot common-contract evaluation; v1 in the absolute-time convention (a perfect model scores rel_L2 0 and phase 0); optimizer effort 12047 L-BFGS evaluations, not a controlled budget."
A06,prior_physics_noise_05pct,pressure_noise,v1_mode.v.learned_contribution,near-wake,0.24046082173266753,dimensionless,analytical Karman prior alone,derived_metric,modes_experiment/fresh_analysis/derived/a06_pressure_noise_summary.csv; derived/a04_prior_only_metrics.json,accepted,"prior-alone rel_L2 minus arm rel_L2; positive means the network improved on the prior. 201-snapshot common-contract evaluation; v1 in the absolute-time convention (a perfect model scores rel_L2 0 and phase 0); optimizer effort 12047 L-BFGS evaluations, not a controlled budget."
A06,prior_physics_noise_05pct,pressure_noise,v1_mode.v.rel_L2,far-wake,0.2794755820666644,dimensionless,CFD,raw_metric,modes_experiment/fresh_analysis/derived/a06_pressure_noise_summary.csv,accepted,"201-snapshot common-contract evaluation; v1 in the absolute-time convention (a perfect model scores rel_L2 0 and phase 0); optimizer effort 12047 L-BFGS evaluations, not a controlled budget."
A06,prior_physics_noise_05pct,pressure_noise,v1_mode.v.amp_ratio,far-wake,0.875904817655558,dimensionless,ideal 1,raw_metric,modes_experiment/fresh_analysis/derived/a06_pressure_noise_summary.csv,accepted,"201-snapshot common-contract evaluation; v1 in the absolute-time convention (a perfect model scores rel_L2 0 and phase 0); optimizer effort 12047 L-BFGS evaluations, not a controlled budget."
A06,prior_physics_noise_05pct,pressure_noise,v1_mode.v.corr,far-wake,0.9764000442348895,dimensionless,ideal 1,raw_metric,modes_experiment/fresh_analysis/derived/a06_pressure_noise_summary.csv,accepted,"201-snapshot common-contract evaluation; v1 in the absolute-time convention (a perfect model scores rel_L2 0 and phase 0); optimizer effort 12047 L-BFGS evaluations, not a controlled budget."
A06,prior_physics_noise_05pct,pressure_noise,v1_mode.v.phase_deg,far-wake,-9.065218383461948,degrees,ideal phase 0 deg (absolute-time convention),raw_metric,modes_experiment/fresh_analysis/derived/a06_pressure_noise_summary.csv,accepted,"201-snapshot common-contract evaluation; v1 in the absolute-time convention (a perfect model scores rel_L2 0 and phase 0); optimizer effort 12047 L-BFGS evaluations, not a controlled budget."
A06,prior_physics_noise_05pct,pressure_noise,v1_mode.v.learned_contribution,far-wake,0.005554861033846281,dimensionless,analytical Karman prior alone,derived_metric,modes_experiment/fresh_analysis/derived/a06_pressure_noise_summary.csv; derived/a04_prior_only_metrics.json,accepted,"prior-alone rel_L2 minus arm rel_L2; positive means the network improved on the prior. 201-snapshot common-contract evaluation; v1 in the absolute-time convention (a perfect model scores rel_L2 0 and phase 0); optimizer effort 12047 L-BFGS evaluations, not a controlled budget."
A06,prior_physics_noise_05pct,pressure_noise,v1_mode.v.rel_L2,far-core,0.27761348481092896,dimensionless,CFD,raw_metric,modes_experiment/fresh_analysis/derived/a06_pressure_noise_summary.csv,accepted,"201-snapshot common-contract evaluation; v1 in the absolute-time convention (a perfect model scores rel_L2 0 and phase 0); optimizer effort 12047 L-BFGS evaluations, not a controlled budget."
A06,prior_physics_noise_05pct,pressure_noise,v1_mode.v.amp_ratio,far-core,0.8757066245469506,dimensionless,ideal 1,raw_metric,modes_experiment/fresh_analysis/derived/a06_pressure_noise_summary.csv,accepted,"201-snapshot common-contract evaluation; v1 in the absolute-time convention (a perfect model scores rel_L2 0 and phase 0); optimizer effort 12047 L-BFGS evaluations, not a controlled budget."
A06,prior_physics_noise_05pct,pressure_noise,v1_mode.v.corr,far-core,0.9775554934848204,dimensionless,ideal 1,raw_metric,modes_experiment/fresh_analysis/derived/a06_pressure_noise_summary.csv,accepted,"201-snapshot common-contract evaluation; v1 in the absolute-time convention (a perfect model scores rel_L2 0 and phase 0); optimizer effort 12047 L-BFGS evaluations, not a controlled budget."
A06,prior_physics_noise_05pct,pressure_noise,v1_mode.v.phase_deg,far-core,-9.259827576240536,degrees,ideal phase 0 deg (absolute-time convention),raw_metric,modes_experiment/fresh_analysis/derived/a06_pressure_noise_summary.csv,accepted,"201-snapshot common-contract evaluation; v1 in the absolute-time convention (a perfect model scores rel_L2 0 and phase 0); optimizer effort 12047 L-BFGS evaluations, not a controlled budget."
A06,prior_physics_noise_05pct,pressure_noise,v1_mode.v.learned_contribution,far-core,0.004315246872907519,dimensionless,analytical Karman prior alone,derived_metric,modes_experiment/fresh_analysis/derived/a06_pressure_noise_summary.csv; derived/a04_prior_only_metrics.json,accepted,"prior-alone rel_L2 minus arm rel_L2; positive means the network improved on the prior. 201-snapshot common-contract evaluation; v1 in the absolute-time convention (a perfect model scores rel_L2 0 and phase 0); optimizer effort 12047 L-BFGS evaluations, not a controlled budget."
A06,prior_physics_noise_05pct,pressure_noise,v1_mode.v.rel_L2,other,10.617562860298005,dimensionless,CFD,raw_metric,modes_experiment/fresh_analysis/derived/a06_pressure_noise_summary.csv,accepted,"201-snapshot common-contract evaluation; v1 in the absolute-time convention (a perfect model scores rel_L2 0 and phase 0); optimizer effort 12047 L-BFGS evaluations, not a controlled budget."
A06,prior_physics_noise_05pct,pressure_noise,v1_mode.v.amp_ratio,other,11.00489351603509,dimensionless,ideal 1,raw_metric,modes_experiment/fresh_analysis/derived/a06_pressure_noise_summary.csv,accepted,"201-snapshot common-contract evaluation; v1 in the absolute-time convention (a perfect model scores rel_L2 0 and phase 0); optimizer effort 12047 L-BFGS evaluations, not a controlled budget."
A06,prior_physics_noise_05pct,pressure_noise,v1_mode.v.corr,other,0.4559837850404911,dimensionless,ideal 1,raw_metric,modes_experiment/fresh_analysis/derived/a06_pressure_noise_summary.csv,accepted,"201-snapshot common-contract evaluation; v1 in the absolute-time convention (a perfect model scores rel_L2 0 and phase 0); optimizer effort 12047 L-BFGS evaluations, not a controlled budget."
A06,prior_physics_noise_05pct,pressure_noise,v1_mode.v.phase_deg,other,20.911757976022788,degrees,ideal phase 0 deg (absolute-time convention),raw_metric,modes_experiment/fresh_analysis/derived/a06_pressure_noise_summary.csv,accepted,"201-snapshot common-contract evaluation; v1 in the absolute-time convention (a perfect model scores rel_L2 0 and phase 0); optimizer effort 12047 L-BFGS evaluations, not a controlled budget."
A06,prior_physics_noise_05pct,pressure_noise,v1_mode.v.learned_contribution,other,-9.753889215878315,dimensionless,analytical Karman prior alone,derived_metric,modes_experiment/fresh_analysis/derived/a06_pressure_noise_summary.csv; derived/a04_prior_only_metrics.json,accepted,"prior-alone rel_L2 minus arm rel_L2; positive means the network improved on the prior. 201-snapshot common-contract evaluation; v1 in the absolute-time convention (a perfect model scores rel_L2 0 and phase 0); optimizer effort 12047 L-BFGS evaluations, not a controlled budget."
A06,prior_physics_noise_05pct,pressure_noise,v1_mode.v.rel_L2,whole-domain,0.38843130799860315,dimensionless,CFD,raw_metric,modes_experiment/fresh_analysis/derived/a06_pressure_noise_summary.csv,accepted,"201-snapshot common-contract evaluation; v1 in the absolute-time convention (a perfect model scores rel_L2 0 and phase 0); optimizer effort 12047 L-BFGS evaluations, not a controlled budget."
A06,prior_physics_noise_05pct,pressure_noise,v1_mode.v.amp_ratio,whole-domain,0.9067116131268358,dimensionless,ideal 1,raw_metric,modes_experiment/fresh_analysis/derived/a06_pressure_noise_summary.csv,accepted,"201-snapshot common-contract evaluation; v1 in the absolute-time convention (a perfect model scores rel_L2 0 and phase 0); optimizer effort 12047 L-BFGS evaluations, not a controlled budget."
A06,prior_physics_noise_05pct,pressure_noise,v1_mode.v.corr,whole-domain,0.9416613123486878,dimensionless,ideal 1,raw_metric,modes_experiment/fresh_analysis/derived/a06_pressure_noise_summary.csv,accepted,"201-snapshot common-contract evaluation; v1 in the absolute-time convention (a perfect model scores rel_L2 0 and phase 0); optimizer effort 12047 L-BFGS evaluations, not a controlled budget."
A06,prior_physics_noise_05pct,pressure_noise,v1_mode.v.phase_deg,whole-domain,-11.848588395796424,degrees,ideal phase 0 deg (absolute-time convention),raw_metric,modes_experiment/fresh_analysis/derived/a06_pressure_noise_summary.csv,accepted,"201-snapshot common-contract evaluation; v1 in the absolute-time convention (a perfect model scores rel_L2 0 and phase 0); optimizer effort 12047 L-BFGS evaluations, not a controlled budget."
A06,prior_physics_noise_05pct,pressure_noise,v1_mode.v.learned_contribution,whole-domain,0.0900366253543059,dimensionless,analytical Karman prior alone,derived_metric,modes_experiment/fresh_analysis/derived/a06_pressure_noise_summary.csv; derived/a04_prior_only_metrics.json,accepted,"prior-alone rel_L2 minus arm rel_L2; positive means the network improved on the prior. 201-snapshot common-contract evaluation; v1 in the absolute-time convention (a perfect model scores rel_L2 0 and phase 0); optimizer effort 12047 L-BFGS evaluations, not a controlled budget."
A06,prior_physics_noise_10pct,pressure_noise,field.u.rel_L2,near-cylinder,0.09370756894350052,dimensionless,CFD,raw_metric,modes_experiment/fresh_analysis/derived/a06_pressure_noise_summary.csv,accepted,"201-snapshot common-contract evaluation; v1 in the absolute-time convention (a perfect model scores rel_L2 0 and phase 0); optimizer effort 3156 L-BFGS evaluations, not a controlled budget."
A06,prior_physics_noise_10pct,pressure_noise,field.v.rel_L2,near-cylinder,0.13249947130680084,dimensionless,CFD,raw_metric,modes_experiment/fresh_analysis/derived/a06_pressure_noise_summary.csv,accepted,"201-snapshot common-contract evaluation; v1 in the absolute-time convention (a perfect model scores rel_L2 0 and phase 0); optimizer effort 3156 L-BFGS evaluations, not a controlled budget."
A06,prior_physics_noise_10pct,pressure_noise,field.p.rel_L2,near-cylinder,0.02617809548974037,dimensionless,CFD,raw_metric,modes_experiment/fresh_analysis/derived/a06_pressure_noise_summary.csv,accepted,"201-snapshot common-contract evaluation; v1 in the absolute-time convention (a perfect model scores rel_L2 0 and phase 0); optimizer effort 3156 L-BFGS evaluations, not a controlled budget."
A06,prior_physics_noise_10pct,pressure_noise,field.u.rel_L2,near-wake,0.1566605120897293,dimensionless,CFD,raw_metric,modes_experiment/fresh_analysis/derived/a06_pressure_noise_summary.csv,accepted,"201-snapshot common-contract evaluation; v1 in the absolute-time convention (a perfect model scores rel_L2 0 and phase 0); optimizer effort 3156 L-BFGS evaluations, not a controlled budget."
A06,prior_physics_noise_10pct,pressure_noise,field.v.rel_L2,near-wake,0.532444953918457,dimensionless,CFD,raw_metric,modes_experiment/fresh_analysis/derived/a06_pressure_noise_summary.csv,accepted,"201-snapshot common-contract evaluation; v1 in the absolute-time convention (a perfect model scores rel_L2 0 and phase 0); optimizer effort 3156 L-BFGS evaluations, not a controlled budget."
A06,prior_physics_noise_10pct,pressure_noise,field.p.rel_L2,near-wake,0.35618773102760315,dimensionless,CFD,raw_metric,modes_experiment/fresh_analysis/derived/a06_pressure_noise_summary.csv,accepted,"201-snapshot common-contract evaluation; v1 in the absolute-time convention (a perfect model scores rel_L2 0 and phase 0); optimizer effort 3156 L-BFGS evaluations, not a controlled budget."
A06,prior_physics_noise_10pct,pressure_noise,field.u.rel_L2,far-wake,0.16219256818294525,dimensionless,CFD,raw_metric,modes_experiment/fresh_analysis/derived/a06_pressure_noise_summary.csv,accepted,"201-snapshot common-contract evaluation; v1 in the absolute-time convention (a perfect model scores rel_L2 0 and phase 0); optimizer effort 3156 L-BFGS evaluations, not a controlled budget."
A06,prior_physics_noise_10pct,pressure_noise,field.v.rel_L2,far-wake,0.3795958459377289,dimensionless,CFD,raw_metric,modes_experiment/fresh_analysis/derived/a06_pressure_noise_summary.csv,accepted,"201-snapshot common-contract evaluation; v1 in the absolute-time convention (a perfect model scores rel_L2 0 and phase 0); optimizer effort 3156 L-BFGS evaluations, not a controlled budget."
A06,prior_physics_noise_10pct,pressure_noise,field.p.rel_L2,far-wake,0.8997705578804016,dimensionless,CFD,raw_metric,modes_experiment/fresh_analysis/derived/a06_pressure_noise_summary.csv,accepted,"201-snapshot common-contract evaluation; v1 in the absolute-time convention (a perfect model scores rel_L2 0 and phase 0); optimizer effort 3156 L-BFGS evaluations, not a controlled budget."
A06,prior_physics_noise_10pct,pressure_noise,field.u.rel_L2,far-core,0.1878928542137146,dimensionless,CFD,raw_metric,modes_experiment/fresh_analysis/derived/a06_pressure_noise_summary.csv,accepted,"201-snapshot common-contract evaluation; v1 in the absolute-time convention (a perfect model scores rel_L2 0 and phase 0); optimizer effort 3156 L-BFGS evaluations, not a controlled budget."
A06,prior_physics_noise_10pct,pressure_noise,field.v.rel_L2,far-core,0.3712204396724701,dimensionless,CFD,raw_metric,modes_experiment/fresh_analysis/derived/a06_pressure_noise_summary.csv,accepted,"201-snapshot common-contract evaluation; v1 in the absolute-time convention (a perfect model scores rel_L2 0 and phase 0); optimizer effort 3156 L-BFGS evaluations, not a controlled budget."
A06,prior_physics_noise_10pct,pressure_noise,field.p.rel_L2,far-core,0.8129088878631592,dimensionless,CFD,raw_metric,modes_experiment/fresh_analysis/derived/a06_pressure_noise_summary.csv,accepted,"201-snapshot common-contract evaluation; v1 in the absolute-time convention (a perfect model scores rel_L2 0 and phase 0); optimizer effort 3156 L-BFGS evaluations, not a controlled budget."
A06,prior_physics_noise_10pct,pressure_noise,field.u.rel_L2,other,0.04985698312520981,dimensionless,CFD,raw_metric,modes_experiment/fresh_analysis/derived/a06_pressure_noise_summary.csv,accepted,"201-snapshot common-contract evaluation; v1 in the absolute-time convention (a perfect model scores rel_L2 0 and phase 0); optimizer effort 3156 L-BFGS evaluations, not a controlled budget."
A06,prior_physics_noise_10pct,pressure_noise,field.v.rel_L2,other,0.3529984951019287,dimensionless,CFD,raw_metric,modes_experiment/fresh_analysis/derived/a06_pressure_noise_summary.csv,accepted,"201-snapshot common-contract evaluation; v1 in the absolute-time convention (a perfect model scores rel_L2 0 and phase 0); optimizer effort 3156 L-BFGS evaluations, not a controlled budget."
A06,prior_physics_noise_10pct,pressure_noise,field.p.rel_L2,other,0.42527011036872864,dimensionless,CFD,raw_metric,modes_experiment/fresh_analysis/derived/a06_pressure_noise_summary.csv,accepted,"201-snapshot common-contract evaluation; v1 in the absolute-time convention (a perfect model scores rel_L2 0 and phase 0); optimizer effort 3156 L-BFGS evaluations, not a controlled budget."
A06,prior_physics_noise_10pct,pressure_noise,field.u.rel_L2,whole-domain,0.14260299503803253,dimensionless,CFD,raw_metric,modes_experiment/fresh_analysis/derived/a06_pressure_noise_summary.csv,accepted,"201-snapshot common-contract evaluation; v1 in the absolute-time convention (a perfect model scores rel_L2 0 and phase 0); optimizer effort 3156 L-BFGS evaluations, not a controlled budget."
A06,prior_physics_noise_10pct,pressure_noise,field.v.rel_L2,whole-domain,0.36724621057510376,dimensionless,CFD,raw_metric,modes_experiment/fresh_analysis/derived/a06_pressure_noise_summary.csv,accepted,"201-snapshot common-contract evaluation; v1 in the absolute-time convention (a perfect model scores rel_L2 0 and phase 0); optimizer effort 3156 L-BFGS evaluations, not a controlled budget."
A06,prior_physics_noise_10pct,pressure_noise,field.p.rel_L2,whole-domain,0.2745418846607208,dimensionless,CFD,raw_metric,modes_experiment/fresh_analysis/derived/a06_pressure_noise_summary.csv,accepted,"201-snapshot common-contract evaluation; v1 in the absolute-time convention (a perfect model scores rel_L2 0 and phase 0); optimizer effort 3156 L-BFGS evaluations, not a controlled budget."
A06,prior_physics_noise_10pct,pressure_noise,v1_mode.v.rel_L2,near-cylinder,0.7895757607677257,dimensionless,CFD,raw_metric,modes_experiment/fresh_analysis/derived/a06_pressure_noise_summary.csv,accepted,"201-snapshot common-contract evaluation; v1 in the absolute-time convention (a perfect model scores rel_L2 0 and phase 0); optimizer effort 3156 L-BFGS evaluations, not a controlled budget."
A06,prior_physics_noise_10pct,pressure_noise,v1_mode.v.amp_ratio,near-cylinder,0.5842884424809394,dimensionless,ideal 1,raw_metric,modes_experiment/fresh_analysis/derived/a06_pressure_noise_summary.csv,accepted,"201-snapshot common-contract evaluation; v1 in the absolute-time convention (a perfect model scores rel_L2 0 and phase 0); optimizer effort 3156 L-BFGS evaluations, not a controlled budget."
A06,prior_physics_noise_10pct,pressure_noise,v1_mode.v.corr,near-cylinder,0.7122371534716474,dimensionless,ideal 1,raw_metric,modes_experiment/fresh_analysis/derived/a06_pressure_noise_summary.csv,accepted,"201-snapshot common-contract evaluation; v1 in the absolute-time convention (a perfect model scores rel_L2 0 and phase 0); optimizer effort 3156 L-BFGS evaluations, not a controlled budget."
A06,prior_physics_noise_10pct,pressure_noise,v1_mode.v.phase_deg,near-cylinder,-30.38780418028048,degrees,ideal phase 0 deg (absolute-time convention),raw_metric,modes_experiment/fresh_analysis/derived/a06_pressure_noise_summary.csv,accepted,"201-snapshot common-contract evaluation; v1 in the absolute-time convention (a perfect model scores rel_L2 0 and phase 0); optimizer effort 3156 L-BFGS evaluations, not a controlled budget."
A06,prior_physics_noise_10pct,pressure_noise,v1_mode.v.learned_contribution,near-cylinder,0.5826345056496439,dimensionless,analytical Karman prior alone,derived_metric,modes_experiment/fresh_analysis/derived/a06_pressure_noise_summary.csv; derived/a04_prior_only_metrics.json,accepted,"prior-alone rel_L2 minus arm rel_L2; positive means the network improved on the prior. 201-snapshot common-contract evaluation; v1 in the absolute-time convention (a perfect model scores rel_L2 0 and phase 0); optimizer effort 3156 L-BFGS evaluations, not a controlled budget."
A06,prior_physics_noise_10pct,pressure_noise,v1_mode.v.rel_L2,near-wake,0.502112675552949,dimensionless,CFD,raw_metric,modes_experiment/fresh_analysis/derived/a06_pressure_noise_summary.csv,accepted,"201-snapshot common-contract evaluation; v1 in the absolute-time convention (a perfect model scores rel_L2 0 and phase 0); optimizer effort 3156 L-BFGS evaluations, not a controlled budget."
A06,prior_physics_noise_10pct,pressure_noise,v1_mode.v.amp_ratio,near-wake,0.8703991366700872,dimensionless,ideal 1,raw_metric,modes_experiment/fresh_analysis/derived/a06_pressure_noise_summary.csv,accepted,"201-snapshot common-contract evaluation; v1 in the absolute-time convention (a perfect model scores rel_L2 0 and phase 0); optimizer effort 3156 L-BFGS evaluations, not a controlled budget."
A06,prior_physics_noise_10pct,pressure_noise,v1_mode.v.corr,near-wake,0.9338909808746328,dimensionless,ideal 1,raw_metric,modes_experiment/fresh_analysis/derived/a06_pressure_noise_summary.csv,accepted,"201-snapshot common-contract evaluation; v1 in the absolute-time convention (a perfect model scores rel_L2 0 and phase 0); optimizer effort 3156 L-BFGS evaluations, not a controlled budget."
A06,prior_physics_noise_10pct,pressure_noise,v1_mode.v.phase_deg,near-wake,-22.17432822177604,degrees,ideal phase 0 deg (absolute-time convention),raw_metric,modes_experiment/fresh_analysis/derived/a06_pressure_noise_summary.csv,accepted,"201-snapshot common-contract evaluation; v1 in the absolute-time convention (a perfect model scores rel_L2 0 and phase 0); optimizer effort 3156 L-BFGS evaluations, not a controlled budget."
A06,prior_physics_noise_10pct,pressure_noise,v1_mode.v.learned_contribution,near-wake,0.193709676747724,dimensionless,analytical Karman prior alone,derived_metric,modes_experiment/fresh_analysis/derived/a06_pressure_noise_summary.csv; derived/a04_prior_only_metrics.json,accepted,"prior-alone rel_L2 minus arm rel_L2; positive means the network improved on the prior. 201-snapshot common-contract evaluation; v1 in the absolute-time convention (a perfect model scores rel_L2 0 and phase 0); optimizer effort 3156 L-BFGS evaluations, not a controlled budget."
A06,prior_physics_noise_10pct,pressure_noise,v1_mode.v.rel_L2,far-wake,0.279168343306454,dimensionless,CFD,raw_metric,modes_experiment/fresh_analysis/derived/a06_pressure_noise_summary.csv,accepted,"201-snapshot common-contract evaluation; v1 in the absolute-time convention (a perfect model scores rel_L2 0 and phase 0); optimizer effort 3156 L-BFGS evaluations, not a controlled budget."
A06,prior_physics_noise_10pct,pressure_noise,v1_mode.v.amp_ratio,far-wake,0.8581488073081793,dimensionless,ideal 1,raw_metric,modes_experiment/fresh_analysis/derived/a06_pressure_noise_summary.csv,accepted,"201-snapshot common-contract evaluation; v1 in the absolute-time convention (a perfect model scores rel_L2 0 and phase 0); optimizer effort 3156 L-BFGS evaluations, not a controlled budget."
A06,prior_physics_noise_10pct,pressure_noise,v1_mode.v.corr,far-wake,0.9748272375066555,dimensionless,ideal 1,raw_metric,modes_experiment/fresh_analysis/derived/a06_pressure_noise_summary.csv,accepted,"201-snapshot common-contract evaluation; v1 in the absolute-time convention (a perfect model scores rel_L2 0 and phase 0); optimizer effort 3156 L-BFGS evaluations, not a controlled budget."
A06,prior_physics_noise_10pct,pressure_noise,v1_mode.v.phase_deg,far-wake,-7.57718690669494,degrees,ideal phase 0 deg (absolute-time convention),raw_metric,modes_experiment/fresh_analysis/derived/a06_pressure_noise_summary.csv,accepted,"201-snapshot common-contract evaluation; v1 in the absolute-time convention (a perfect model scores rel_L2 0 and phase 0); optimizer effort 3156 L-BFGS evaluations, not a controlled budget."
A06,prior_physics_noise_10pct,pressure_noise,v1_mode.v.learned_contribution,far-wake,0.005862099794056663,dimensionless,analytical Karman prior alone,derived_metric,modes_experiment/fresh_analysis/derived/a06_pressure_noise_summary.csv; derived/a04_prior_only_metrics.json,accepted,"prior-alone rel_L2 minus arm rel_L2; positive means the network improved on the prior. 201-snapshot common-contract evaluation; v1 in the absolute-time convention (a perfect model scores rel_L2 0 and phase 0); optimizer effort 3156 L-BFGS evaluations, not a controlled budget."
A06,prior_physics_noise_10pct,pressure_noise,v1_mode.v.rel_L2,far-core,0.2765392647790837,dimensionless,CFD,raw_metric,modes_experiment/fresh_analysis/derived/a06_pressure_noise_summary.csv,accepted,"201-snapshot common-contract evaluation; v1 in the absolute-time convention (a perfect model scores rel_L2 0 and phase 0); optimizer effort 3156 L-BFGS evaluations, not a controlled budget."
A06,prior_physics_noise_10pct,pressure_noise,v1_mode.v.amp_ratio,far-core,0.857607241922333,dimensionless,ideal 1,raw_metric,modes_experiment/fresh_analysis/derived/a06_pressure_noise_summary.csv,accepted,"201-snapshot common-contract evaluation; v1 in the absolute-time convention (a perfect model scores rel_L2 0 and phase 0); optimizer effort 3156 L-BFGS evaluations, not a controlled budget."
A06,prior_physics_noise_10pct,pressure_noise,v1_mode.v.corr,far-core,0.9762484319928335,dimensionless,ideal 1,raw_metric,modes_experiment/fresh_analysis/derived/a06_pressure_noise_summary.csv,accepted,"201-snapshot common-contract evaluation; v1 in the absolute-time convention (a perfect model scores rel_L2 0 and phase 0); optimizer effort 3156 L-BFGS evaluations, not a controlled budget."
A06,prior_physics_noise_10pct,pressure_noise,v1_mode.v.phase_deg,far-core,-7.791604813187759,degrees,ideal phase 0 deg (absolute-time convention),raw_metric,modes_experiment/fresh_analysis/derived/a06_pressure_noise_summary.csv,accepted,"201-snapshot common-contract evaluation; v1 in the absolute-time convention (a perfect model scores rel_L2 0 and phase 0); optimizer effort 3156 L-BFGS evaluations, not a controlled budget."
A06,prior_physics_noise_10pct,pressure_noise,v1_mode.v.learned_contribution,far-core,0.005389466904752782,dimensionless,analytical Karman prior alone,derived_metric,modes_experiment/fresh_analysis/derived/a06_pressure_noise_summary.csv; derived/a04_prior_only_metrics.json,accepted,"prior-alone rel_L2 minus arm rel_L2; positive means the network improved on the prior. 201-snapshot common-contract evaluation; v1 in the absolute-time convention (a perfect model scores rel_L2 0 and phase 0); optimizer effort 3156 L-BFGS evaluations, not a controlled budget."
A06,prior_physics_noise_10pct,pressure_noise,v1_mode.v.rel_L2,other,9.045155025269532,dimensionless,CFD,raw_metric,modes_experiment/fresh_analysis/derived/a06_pressure_noise_summary.csv,accepted,"201-snapshot common-contract evaluation; v1 in the absolute-time convention (a perfect model scores rel_L2 0 and phase 0); optimizer effort 3156 L-BFGS evaluations, not a controlled budget."
A06,prior_physics_noise_10pct,pressure_noise,v1_mode.v.amp_ratio,other,9.45925550687276,dimensionless,ideal 1,raw_metric,modes_experiment/fresh_analysis/derived/a06_pressure_noise_summary.csv,accepted,"201-snapshot common-contract evaluation; v1 in the absolute-time convention (a perfect model scores rel_L2 0 and phase 0); optimizer effort 3156 L-BFGS evaluations, not a controlled budget."
A06,prior_physics_noise_10pct,pressure_noise,v1_mode.v.corr,other,0.5025465724755647,dimensionless,ideal 1,raw_metric,modes_experiment/fresh_analysis/derived/a06_pressure_noise_summary.csv,accepted,"201-snapshot common-contract evaluation; v1 in the absolute-time convention (a perfect model scores rel_L2 0 and phase 0); optimizer effort 3156 L-BFGS evaluations, not a controlled budget."
A06,prior_physics_noise_10pct,pressure_noise,v1_mode.v.phase_deg,other,24.335417682621653,degrees,ideal phase 0 deg (absolute-time convention),raw_metric,modes_experiment/fresh_analysis/derived/a06_pressure_noise_summary.csv,accepted,"201-snapshot common-contract evaluation; v1 in the absolute-time convention (a perfect model scores rel_L2 0 and phase 0); optimizer effort 3156 L-BFGS evaluations, not a controlled budget."
A06,prior_physics_noise_10pct,pressure_noise,v1_mode.v.learned_contribution,other,-8.181481380849842,dimensionless,analytical Karman prior alone,derived_metric,modes_experiment/fresh_analysis/derived/a06_pressure_noise_summary.csv; derived/a04_prior_only_metrics.json,accepted,"prior-alone rel_L2 minus arm rel_L2; positive means the network improved on the prior. 201-snapshot common-contract evaluation; v1 in the absolute-time convention (a perfect model scores rel_L2 0 and phase 0); optimizer effort 3156 L-BFGS evaluations, not a controlled budget."
A06,prior_physics_noise_10pct,pressure_noise,v1_mode.v.rel_L2,whole-domain,0.39923193704389887,dimensionless,CFD,raw_metric,modes_experiment/fresh_analysis/derived/a06_pressure_noise_summary.csv,accepted,"201-snapshot common-contract evaluation; v1 in the absolute-time convention (a perfect model scores rel_L2 0 and phase 0); optimizer effort 3156 L-BFGS evaluations, not a controlled budget."
A06,prior_physics_noise_10pct,pressure_noise,v1_mode.v.amp_ratio,whole-domain,0.8721426773085287,dimensionless,ideal 1,raw_metric,modes_experiment/fresh_analysis/derived/a06_pressure_noise_summary.csv,accepted,"201-snapshot common-contract evaluation; v1 in the absolute-time convention (a perfect model scores rel_L2 0 and phase 0); optimizer effort 3156 L-BFGS evaluations, not a controlled budget."
A06,prior_physics_noise_10pct,pressure_noise,v1_mode.v.corr,whole-domain,0.9391180596051768,dimensionless,ideal 1,raw_metric,modes_experiment/fresh_analysis/derived/a06_pressure_noise_summary.csv,accepted,"201-snapshot common-contract evaluation; v1 in the absolute-time convention (a perfect model scores rel_L2 0 and phase 0); optimizer effort 3156 L-BFGS evaluations, not a controlled budget."
A06,prior_physics_noise_10pct,pressure_noise,v1_mode.v.phase_deg,whole-domain,-12.174878090808534,degrees,ideal phase 0 deg (absolute-time convention),raw_metric,modes_experiment/fresh_analysis/derived/a06_pressure_noise_summary.csv,accepted,"201-snapshot common-contract evaluation; v1 in the absolute-time convention (a perfect model scores rel_L2 0 and phase 0); optimizer effort 3156 L-BFGS evaluations, not a controlled budget."
A06,prior_physics_noise_10pct,pressure_noise,v1_mode.v.learned_contribution,whole-domain,0.07923599630901018,dimensionless,analytical Karman prior alone,derived_metric,modes_experiment/fresh_analysis/derived/a06_pressure_noise_summary.csv; derived/a04_prior_only_metrics.json,accepted,"prior-alone rel_L2 minus arm rel_L2; positive means the network improved on the prior. 201-snapshot common-contract evaluation; v1 in the absolute-time convention (a perfect model scores rel_L2 0 and phase 0); optimizer effort 3156 L-BFGS evaluations, not a controlled budget."
A03,uniform_collocation,collocation_strategy,field.u.rel_L2,near-cylinder,0.04342290014028549,dimensionless,CFD,raw_metric,modes_experiment/fresh_analysis/derived/a03_collocation_summary.csv,accepted,"Pressure-only + physics; 32 taps; uniform interior collocation. Non-converged lower bound (5,503 L-BFGS evals; matched-effort re-run attempted and discarded 2026-08-28)."
A03,uniform_collocation,collocation_strategy,field.v.rel_L2,near-cylinder,0.14143913984298706,dimensionless,CFD,raw_metric,modes_experiment/fresh_analysis/derived/a03_collocation_summary.csv,accepted,"Pressure-only + physics; 32 taps; uniform interior collocation. Non-converged lower bound (5,503 L-BFGS evals; matched-effort re-run attempted and discarded 2026-08-28)."
A03,uniform_collocation,collocation_strategy,field.p.rel_L2,near-cylinder,0.01867641694843769,dimensionless,CFD,raw_metric,modes_experiment/fresh_analysis/derived/a03_collocation_summary.csv,accepted,"Pressure-only + physics; 32 taps; uniform interior collocation. Non-converged lower bound (5,503 L-BFGS evals; matched-effort re-run attempted and discarded 2026-08-28)."
A03,uniform_collocation,collocation_strategy,field.u.rel_L2,near-wake,0.2727372944355011,dimensionless,CFD,raw_metric,modes_experiment/fresh_analysis/derived/a03_collocation_summary.csv,accepted,"Pressure-only + physics; 32 taps; uniform interior collocation. Non-converged lower bound (5,503 L-BFGS evals; matched-effort re-run attempted and discarded 2026-08-28)."
A03,uniform_collocation,collocation_strategy,field.v.rel_L2,near-wake,1.0366290807724,dimensionless,CFD,raw_metric,modes_experiment/fresh_analysis/derived/a03_collocation_summary.csv,accepted,"Pressure-only + physics; 32 taps; uniform interior collocation. Non-converged lower bound (5,503 L-BFGS evals; matched-effort re-run attempted and discarded 2026-08-28)."
A03,uniform_collocation,collocation_strategy,field.p.rel_L2,near-wake,0.6163440942764282,dimensionless,CFD,raw_metric,modes_experiment/fresh_analysis/derived/a03_collocation_summary.csv,accepted,"Pressure-only + physics; 32 taps; uniform interior collocation. Non-converged lower bound (5,503 L-BFGS evals; matched-effort re-run attempted and discarded 2026-08-28)."
A03,uniform_collocation,collocation_strategy,field.u.rel_L2,far-wake,0.5002196431159973,dimensionless,CFD,raw_metric,modes_experiment/fresh_analysis/derived/a03_collocation_summary.csv,accepted,"Pressure-only + physics; 32 taps; uniform interior collocation. Non-converged lower bound (5,503 L-BFGS evals; matched-effort re-run attempted and discarded 2026-08-28)."
A03,uniform_collocation,collocation_strategy,field.v.rel_L2,far-wake,1.0139986276626587,dimensionless,CFD,raw_metric,modes_experiment/fresh_analysis/derived/a03_collocation_summary.csv,accepted,"Pressure-only + physics; 32 taps; uniform interior collocation. Non-converged lower bound (5,503 L-BFGS evals; matched-effort re-run attempted and discarded 2026-08-28)."
A03,uniform_collocation,collocation_strategy,field.p.rel_L2,far-wake,2.3332183361053467,dimensionless,CFD,raw_metric,modes_experiment/fresh_analysis/derived/a03_collocation_summary.csv,accepted,"Pressure-only + physics; 32 taps; uniform interior collocation. Non-converged lower bound (5,503 L-BFGS evals; matched-effort re-run attempted and discarded 2026-08-28)."
A03,uniform_collocation,collocation_strategy,field.u.rel_L2,far-core,0.5826302766799927,dimensionless,CFD,raw_metric,modes_experiment/fresh_analysis/derived/a03_collocation_summary.csv,accepted,"Pressure-only + physics; 32 taps; uniform interior collocation. Non-converged lower bound (5,503 L-BFGS evals; matched-effort re-run attempted and discarded 2026-08-28)."
A03,uniform_collocation,collocation_strategy,field.v.rel_L2,far-core,1.0038522481918335,dimensionless,CFD,raw_metric,modes_experiment/fresh_analysis/derived/a03_collocation_summary.csv,accepted,"Pressure-only + physics; 32 taps; uniform interior collocation. Non-converged lower bound (5,503 L-BFGS evals; matched-effort re-run attempted and discarded 2026-08-28)."
A03,uniform_collocation,collocation_strategy,field.p.rel_L2,far-core,1.9013025760650635,dimensionless,CFD,raw_metric,modes_experiment/fresh_analysis/derived/a03_collocation_summary.csv,accepted,"Pressure-only + physics; 32 taps; uniform interior collocation. Non-converged lower bound (5,503 L-BFGS evals; matched-effort re-run attempted and discarded 2026-08-28)."
A03,uniform_collocation,collocation_strategy,field.u.rel_L2,other,0.06775574386119843,dimensionless,CFD,raw_metric,modes_experiment/fresh_analysis/derived/a03_collocation_summary.csv,accepted,"Pressure-only + physics; 32 taps; uniform interior collocation. Non-converged lower bound (5,503 L-BFGS evals; matched-effort re-run attempted and discarded 2026-08-28)."
A03,uniform_collocation,collocation_strategy,field.v.rel_L2,other,0.12204265594482422,dimensionless,CFD,raw_metric,modes_experiment/fresh_analysis/derived/a03_collocation_summary.csv,accepted,"Pressure-only + physics; 32 taps; uniform interior collocation. Non-converged lower bound (5,503 L-BFGS evals; matched-effort re-run attempted and discarded 2026-08-28)."
A03,uniform_collocation,collocation_strategy,field.p.rel_L2,other,0.19711746275424957,dimensionless,CFD,raw_metric,modes_experiment/fresh_analysis/derived/a03_collocation_summary.csv,accepted,"Pressure-only + physics; 32 taps; uniform interior collocation. Non-converged lower bound (5,503 L-BFGS evals; matched-effort re-run attempted and discarded 2026-08-28)."
A03,uniform_collocation,collocation_strategy,field.u.rel_L2,whole-domain,0.35252973437309265,dimensionless,CFD,raw_metric,modes_experiment/fresh_analysis/derived/a03_collocation_summary.csv,accepted,"Pressure-only + physics; 32 taps; uniform interior collocation. Non-converged lower bound (5,503 L-BFGS evals; matched-effort re-run attempted and discarded 2026-08-28)."
A03,uniform_collocation,collocation_strategy,field.v.rel_L2,whole-domain,0.8035315275192261,dimensionless,CFD,raw_metric,modes_experiment/fresh_analysis/derived/a03_collocation_summary.csv,accepted,"Pressure-only + physics; 32 taps; uniform interior collocation. Non-converged lower bound (5,503 L-BFGS evals; matched-effort re-run attempted and discarded 2026-08-28)."
A03,uniform_collocation,collocation_strategy,field.p.rel_L2,whole-domain,0.5622267723083496,dimensionless,CFD,raw_metric,modes_experiment/fresh_analysis/derived/a03_collocation_summary.csv,accepted,"Pressure-only + physics; 32 taps; uniform interior collocation. Non-converged lower bound (5,503 L-BFGS evals; matched-effort re-run attempted and discarded 2026-08-28)."
A03,uniform_collocation,collocation_strategy,v1_mode.v.n,near-cylinder,13715,count,region node count,raw_metric,modes_experiment/fresh_analysis/derived/a03_collocation_summary.csv,accepted,"Pressure-only + physics; 32 taps; uniform interior collocation. Non-converged lower bound (5,503 L-BFGS evals; matched-effort re-run attempted and discarded 2026-08-28)."
A03,uniform_collocation,collocation_strategy,v1_mode.v.rel_L2,near-cylinder,0.9109855202529975,dimensionless,CFD,raw_metric,modes_experiment/fresh_analysis/derived/a03_collocation_summary.csv,accepted,"Pressure-only + physics; 32 taps; uniform interior collocation. Non-converged lower bound (5,503 L-BFGS evals; matched-effort re-run attempted and discarded 2026-08-28)."
A03,uniform_collocation,collocation_strategy,v1_mode.v.amp_ratio,near-cylinder,0.2329956420896799,dimensionless,ideal 1,raw_metric,modes_experiment/fresh_analysis/derived/a03_collocation_summary.csv,accepted,"Pressure-only + physics; 32 taps; uniform interior collocation. Non-converged lower bound (5,503 L-BFGS evals; matched-effort re-run attempted and discarded 2026-08-28)."
A03,uniform_collocation,collocation_strategy,v1_mode.v.corr,near-cylinder,0.5901849294755548,dimensionless,ideal 1,raw_metric,modes_experiment/fresh_analysis/derived/a03_collocation_summary.csv,accepted,"Pressure-only + physics; 32 taps; uniform interior collocation. Non-converged lower bound (5,503 L-BFGS evals; matched-effort re-run attempted and discarded 2026-08-28)."
A03,uniform_collocation,collocation_strategy,v1_mode.v.phase_deg,near-cylinder,-35.322581399189,degrees,ideal phase 0 deg,raw_metric,modes_experiment/fresh_analysis/derived/a03_collocation_summary.csv,accepted,"Pressure-only + physics; 32 taps; uniform interior collocation. Non-converged lower bound (5,503 L-BFGS evals; matched-effort re-run attempted and discarded 2026-08-28)."
A03,uniform_collocation,collocation_strategy,v1_mode.v.n,near-wake,15248,count,region node count,raw_metric,modes_experiment/fresh_analysis/derived/a03_collocation_summary.csv,accepted,"Pressure-only + physics; 32 taps; uniform interior collocation. Non-converged lower bound (5,503 L-BFGS evals; matched-effort re-run attempted and discarded 2026-08-28)."
A03,uniform_collocation,collocation_strategy,v1_mode.v.rel_L2,near-wake,1.002758461783868,dimensionless,CFD,raw_metric,modes_experiment/fresh_analysis/derived/a03_collocation_summary.csv,accepted,"Pressure-only + physics; 32 taps; uniform interior collocation. Non-converged lower bound (5,503 L-BFGS evals; matched-effort re-run attempted and discarded 2026-08-28)."
A03,uniform_collocation,collocation_strategy,v1_mode.v.amp_ratio,near-wake,0.05354769742155542,dimensionless,ideal 1,raw_metric,modes_experiment/fresh_analysis/derived/a03_collocation_summary.csv,accepted,"Pressure-only + physics; 32 taps; uniform interior collocation. Non-converged lower bound (5,503 L-BFGS evals; matched-effort re-run attempted and discarded 2026-08-28)."
A03,uniform_collocation,collocation_strategy,v1_mode.v.corr,near-wake,0.08222242151454576,dimensionless,ideal 1,raw_metric,modes_experiment/fresh_analysis/derived/a03_collocation_summary.csv,accepted,"Pressure-only + physics; 32 taps; uniform interior collocation. Non-converged lower bound (5,503 L-BFGS evals; matched-effort re-run attempted and discarded 2026-08-28)."
A03,uniform_collocation,collocation_strategy,v1_mode.v.phase_deg,near-wake,107.56324823465752,degrees,ideal phase 0 deg,raw_metric,modes_experiment/fresh_analysis/derived/a03_collocation_summary.csv,accepted,"Pressure-only + physics; 32 taps; uniform interior collocation. Non-converged lower bound (5,503 L-BFGS evals; matched-effort re-run attempted and discarded 2026-08-28)."
A03,uniform_collocation,collocation_strategy,v1_mode.v.n,far-wake,16393,count,region node count,raw_metric,modes_experiment/fresh_analysis/derived/a03_collocation_summary.csv,accepted,"Pressure-only + physics; 32 taps; uniform interior collocation. Non-converged lower bound (5,503 L-BFGS evals; matched-effort re-run attempted and discarded 2026-08-28)."
A03,uniform_collocation,collocation_strategy,v1_mode.v.rel_L2,far-wake,0.9975692708101322,dimensionless,CFD,raw_metric,modes_experiment/fresh_analysis/derived/a03_collocation_summary.csv,accepted,"Pressure-only + physics; 32 taps; uniform interior collocation. Non-converged lower bound (5,503 L-BFGS evals; matched-effort re-run attempted and discarded 2026-08-28)."
A03,uniform_collocation,collocation_strategy,v1_mode.v.amp_ratio,far-wake,0.021598274531735875,dimensionless,ideal 1,raw_metric,modes_experiment/fresh_analysis/derived/a03_collocation_summary.csv,accepted,"Pressure-only + physics; 32 taps; uniform interior collocation. Non-converged lower bound (5,503 L-BFGS evals; matched-effort re-run attempted and discarded 2026-08-28)."
A03,uniform_collocation,collocation_strategy,v1_mode.v.corr,far-wake,0.1416338488100317,dimensionless,ideal 1,raw_metric,modes_experiment/fresh_analysis/derived/a03_collocation_summary.csv,accepted,"Pressure-only + physics; 32 taps; uniform interior collocation. Non-converged lower bound (5,503 L-BFGS evals; matched-effort re-run attempted and discarded 2026-08-28)."
A03,uniform_collocation,collocation_strategy,v1_mode.v.phase_deg,far-wake,29.554766401013815,degrees,ideal phase 0 deg,raw_metric,modes_experiment/fresh_analysis/derived/a03_collocation_summary.csv,accepted,"Pressure-only + physics; 32 taps; uniform interior collocation. Non-converged lower bound (5,503 L-BFGS evals; matched-effort re-run attempted and discarded 2026-08-28)."
A03,uniform_collocation,collocation_strategy,v1_mode.v.n,far-core,12460,count,region node count,raw_metric,modes_experiment/fresh_analysis/derived/a03_collocation_summary.csv,accepted,"Pressure-only + physics; 32 taps; uniform interior collocation. Non-converged lower bound (5,503 L-BFGS evals; matched-effort re-run attempted and discarded 2026-08-28)."
A03,uniform_collocation,collocation_strategy,v1_mode.v.rel_L2,far-core,0.997442441082733,dimensionless,CFD,raw_metric,modes_experiment/fresh_analysis/derived/a03_collocation_summary.csv,accepted,"Pressure-only + physics; 32 taps; uniform interior collocation. Non-converged lower bound (5,503 L-BFGS evals; matched-effort re-run attempted and discarded 2026-08-28)."
A03,uniform_collocation,collocation_strategy,v1_mode.v.amp_ratio,far-core,0.018948152768257277,dimensionless,ideal 1,raw_metric,modes_experiment/fresh_analysis/derived/a03_collocation_summary.csv,accepted,"Pressure-only + physics; 32 taps; uniform interior collocation. Non-converged lower bound (5,503 L-BFGS evals; matched-effort re-run attempted and discarded 2026-08-28)."
A03,uniform_collocation,collocation_strategy,v1_mode.v.corr,far-core,0.16035718037970534,dimensionless,ideal 1,raw_metric,modes_experiment/fresh_analysis/derived/a03_collocation_summary.csv,accepted,"Pressure-only + physics; 32 taps; uniform interior collocation. Non-converged lower bound (5,503 L-BFGS evals; matched-effort re-run attempted and discarded 2026-08-28)."
A03,uniform_collocation,collocation_strategy,v1_mode.v.phase_deg,far-core,25.877405514357914,degrees,ideal phase 0 deg,raw_metric,modes_experiment/fresh_analysis/derived/a03_collocation_summary.csv,accepted,"Pressure-only + physics; 32 taps; uniform interior collocation. Non-converged lower bound (5,503 L-BFGS evals; matched-effort re-run attempted and discarded 2026-08-28)."
A03,uniform_collocation,collocation_strategy,v1_mode.v.n,other,6298,count,region node count,raw_metric,modes_experiment/fresh_analysis/derived/a03_collocation_summary.csv,accepted,"Pressure-only + physics; 32 taps; uniform interior collocation. Non-converged lower bound (5,503 L-BFGS evals; matched-effort re-run attempted and discarded 2026-08-28)."
A03,uniform_collocation,collocation_strategy,v1_mode.v.rel_L2,other,1.0429656925989803,dimensionless,CFD,raw_metric,modes_experiment/fresh_analysis/derived/a03_collocation_summary.csv,accepted,"Pressure-only + physics; 32 taps; uniform interior collocation. Non-converged lower bound (5,503 L-BFGS evals; matched-effort re-run attempted and discarded 2026-08-28)."
A03,uniform_collocation,collocation_strategy,v1_mode.v.amp_ratio,other,1.214686575140202,dimensionless,ideal 1,raw_metric,modes_experiment/fresh_analysis/derived/a03_collocation_summary.csv,accepted,"Pressure-only + physics; 32 taps; uniform interior collocation. Non-converged lower bound (5,503 L-BFGS evals; matched-effort re-run attempted and discarded 2026-08-28)."
A03,uniform_collocation,collocation_strategy,v1_mode.v.corr,other,0.7087490409532666,dimensionless,ideal 1,raw_metric,modes_experiment/fresh_analysis/derived/a03_collocation_summary.csv,accepted,"Pressure-only + physics; 32 taps; uniform interior collocation. Non-converged lower bound (5,503 L-BFGS evals; matched-effort re-run attempted and discarded 2026-08-28)."
A03,uniform_collocation,collocation_strategy,v1_mode.v.phase_deg,other,36.298543210193266,degrees,ideal phase 0 deg,raw_metric,modes_experiment/fresh_analysis/derived/a03_collocation_summary.csv,accepted,"Pressure-only + physics; 32 taps; uniform interior collocation. Non-converged lower bound (5,503 L-BFGS evals; matched-effort re-run attempted and discarded 2026-08-28)."
A03,uniform_collocation,collocation_strategy,v1_mode.v.n,whole-domain,51654,count,region node count,raw_metric,modes_experiment/fresh_analysis/derived/a03_collocation_summary.csv,accepted,"Pressure-only + physics; 32 taps; uniform interior collocation. Non-converged lower bound (5,503 L-BFGS evals; matched-effort re-run attempted and discarded 2026-08-28)."
A03,uniform_collocation,collocation_strategy,v1_mode.v.rel_L2,whole-domain,0.9982590529322467,dimensionless,CFD,raw_metric,modes_experiment/fresh_analysis/derived/a03_collocation_summary.csv,accepted,"Pressure-only + physics; 32 taps; uniform interior collocation. Non-converged lower bound (5,503 L-BFGS evals; matched-effort re-run attempted and discarded 2026-08-28)."
A03,uniform_collocation,collocation_strategy,v1_mode.v.amp_ratio,whole-domain,0.047024170317109565,dimensionless,ideal 1,raw_metric,modes_experiment/fresh_analysis/derived/a03_collocation_summary.csv,accepted,"Pressure-only + physics; 32 taps; uniform interior collocation. Non-converged lower bound (5,503 L-BFGS evals; matched-effort re-run attempted and discarded 2026-08-28)."
A03,uniform_collocation,collocation_strategy,v1_mode.v.corr,whole-domain,0.06884213593908428,dimensionless,ideal 1,raw_metric,modes_experiment/fresh_analysis/derived/a03_collocation_summary.csv,accepted,"Pressure-only + physics; 32 taps; uniform interior collocation. Non-converged lower bound (5,503 L-BFGS evals; matched-effort re-run attempted and discarded 2026-08-28)."
A03,uniform_collocation,collocation_strategy,v1_mode.v.phase_deg,whole-domain,28.49546678561774,degrees,ideal phase 0 deg,raw_metric,modes_experiment/fresh_analysis/derived/a03_collocation_summary.csv,accepted,"Pressure-only + physics; 32 taps; uniform interior collocation. Non-converged lower bound (5,503 L-BFGS evals; matched-effort re-run attempted and discarded 2026-08-28)."
A03,wake_biased_random_collocation,collocation_strategy,field.u.rel_L2,near-cylinder,0.04212762787938118,dimensionless,CFD,raw_metric,modes_experiment/fresh_analysis/derived/a03_collocation_summary.csv,accepted,"Pressure-only + physics; 32 taps; wake-biased random collocation. 7.9x the uniform arm's L-BFGS effort (43,676 evals); effort not controlled."
A03,wake_biased_random_collocation,collocation_strategy,field.v.rel_L2,near-cylinder,0.06674467027187347,dimensionless,CFD,raw_metric,modes_experiment/fresh_analysis/derived/a03_collocation_summary.csv,accepted,"Pressure-only + physics; 32 taps; wake-biased random collocation. 7.9x the uniform arm's L-BFGS effort (43,676 evals); effort not controlled."
A03,wake_biased_random_collocation,collocation_strategy,field.p.rel_L2,near-cylinder,0.013465750962495804,dimensionless,CFD,raw_metric,modes_experiment/fresh_analysis/derived/a03_collocation_summary.csv,accepted,"Pressure-only + physics; 32 taps; wake-biased random collocation. 7.9x the uniform arm's L-BFGS effort (43,676 evals); effort not controlled."
A03,wake_biased_random_collocation,collocation_strategy,field.u.rel_L2,near-wake,0.276753693819046,dimensionless,CFD,raw_metric,modes_experiment/fresh_analysis/derived/a03_collocation_summary.csv,accepted,"Pressure-only + physics; 32 taps; wake-biased random collocation. 7.9x the uniform arm's L-BFGS effort (43,676 evals); effort not controlled."
A03,wake_biased_random_collocation,collocation_strategy,field.v.rel_L2,near-wake,1.1140542030334473,dimensionless,CFD,raw_metric,modes_experiment/fresh_analysis/derived/a03_collocation_summary.csv,accepted,"Pressure-only + physics; 32 taps; wake-biased random collocation. 7.9x the uniform arm's L-BFGS effort (43,676 evals); effort not controlled."
A03,wake_biased_random_collocation,collocation_strategy,field.p.rel_L2,near-wake,0.6829445362091064,dimensionless,CFD,raw_metric,modes_experiment/fresh_analysis/derived/a03_collocation_summary.csv,accepted,"Pressure-only + physics; 32 taps; wake-biased random collocation. 7.9x the uniform arm's L-BFGS effort (43,676 evals); effort not controlled."
A03,wake_biased_random_collocation,collocation_strategy,field.u.rel_L2,far-wake,0.43516096472740173,dimensionless,CFD,raw_metric,modes_experiment/fresh_analysis/derived/a03_collocation_summary.csv,accepted,"Pressure-only + physics; 32 taps; wake-biased random collocation. 7.9x the uniform arm's L-BFGS effort (43,676 evals); effort not controlled."
A03,wake_biased_random_collocation,collocation_strategy,field.v.rel_L2,far-wake,1.025047779083252,dimensionless,CFD,raw_metric,modes_experiment/fresh_analysis/derived/a03_collocation_summary.csv,accepted,"Pressure-only + physics; 32 taps; wake-biased random collocation. 7.9x the uniform arm's L-BFGS effort (43,676 evals); effort not controlled."
A03,wake_biased_random_collocation,collocation_strategy,field.p.rel_L2,far-wake,2.5165810585021973,dimensionless,CFD,raw_metric,modes_experiment/fresh_analysis/derived/a03_collocation_summary.csv,accepted,"Pressure-only + physics; 32 taps; wake-biased random collocation. 7.9x the uniform arm's L-BFGS effort (43,676 evals); effort not controlled."
A03,wake_biased_random_collocation,collocation_strategy,field.u.rel_L2,far-core,0.5068234205245972,dimensionless,CFD,raw_metric,modes_experiment/fresh_analysis/derived/a03_collocation_summary.csv,accepted,"Pressure-only + physics; 32 taps; wake-biased random collocation. 7.9x the uniform arm's L-BFGS effort (43,676 evals); effort not controlled."
A03,wake_biased_random_collocation,collocation_strategy,field.v.rel_L2,far-core,1.0105485916137695,dimensionless,CFD,raw_metric,modes_experiment/fresh_analysis/derived/a03_collocation_summary.csv,accepted,"Pressure-only + physics; 32 taps; wake-biased random collocation. 7.9x the uniform arm's L-BFGS effort (43,676 evals); effort not controlled."
A03,wake_biased_random_collocation,collocation_strategy,field.p.rel_L2,far-core,1.8453834056854248,dimensionless,CFD,raw_metric,modes_experiment/fresh_analysis/derived/a03_collocation_summary.csv,accepted,"Pressure-only + physics; 32 taps; wake-biased random collocation. 7.9x the uniform arm's L-BFGS effort (43,676 evals); effort not controlled."
A03,wake_biased_random_collocation,collocation_strategy,field.u.rel_L2,other,0.07177814841270447,dimensionless,CFD,raw_metric,modes_experiment/fresh_analysis/derived/a03_collocation_summary.csv,accepted,"Pressure-only + physics; 32 taps; wake-biased random collocation. 7.9x the uniform arm's L-BFGS effort (43,676 evals); effort not controlled."
A03,wake_biased_random_collocation,collocation_strategy,field.v.rel_L2,other,0.32174035906791687,dimensionless,CFD,raw_metric,modes_experiment/fresh_analysis/derived/a03_collocation_summary.csv,accepted,"Pressure-only + physics; 32 taps; wake-biased random collocation. 7.9x the uniform arm's L-BFGS effort (43,676 evals); effort not controlled."
A03,wake_biased_random_collocation,collocation_strategy,field.p.rel_L2,other,0.4121144413948059,dimensionless,CFD,raw_metric,modes_experiment/fresh_analysis/derived/a03_collocation_summary.csv,accepted,"Pressure-only + physics; 32 taps; wake-biased random collocation. 7.9x the uniform arm's L-BFGS effort (43,676 evals); effort not controlled."
A03,wake_biased_random_collocation,collocation_strategy,field.u.rel_L2,whole-domain,0.31924211978912354,dimensionless,CFD,raw_metric,modes_experiment/fresh_analysis/derived/a03_collocation_summary.csv,accepted,"Pressure-only + physics; 32 taps; wake-biased random collocation. 7.9x the uniform arm's L-BFGS effort (43,676 evals); effort not controlled."
A03,wake_biased_random_collocation,collocation_strategy,field.v.rel_L2,whole-domain,0.83311527967453,dimensionless,CFD,raw_metric,modes_experiment/fresh_analysis/derived/a03_collocation_summary.csv,accepted,"Pressure-only + physics; 32 taps; wake-biased random collocation. 7.9x the uniform arm's L-BFGS effort (43,676 evals); effort not controlled."
A03,wake_biased_random_collocation,collocation_strategy,field.p.rel_L2,whole-domain,0.616722583770752,dimensionless,CFD,raw_metric,modes_experiment/fresh_analysis/derived/a03_collocation_summary.csv,accepted,"Pressure-only + physics; 32 taps; wake-biased random collocation. 7.9x the uniform arm's L-BFGS effort (43,676 evals); effort not controlled."
A03,wake_biased_random_collocation,collocation_strategy,v1_mode.v.n,near-cylinder,13715,count,region node count,raw_metric,modes_experiment/fresh_analysis/derived/a03_collocation_summary.csv,accepted,"Pressure-only + physics; 32 taps; wake-biased random collocation. 7.9x the uniform arm's L-BFGS effort (43,676 evals); effort not controlled."
A03,wake_biased_random_collocation,collocation_strategy,v1_mode.v.rel_L2,near-cylinder,0.503901627301452,dimensionless,CFD,raw_metric,modes_experiment/fresh_analysis/derived/a03_collocation_summary.csv,accepted,"Pressure-only + physics; 32 taps; wake-biased random collocation. 7.9x the uniform arm's L-BFGS effort (43,676 evals); effort not controlled."
A03,wake_biased_random_collocation,collocation_strategy,v1_mode.v.amp_ratio,near-cylinder,0.7105419185216978,dimensionless,ideal 1,raw_metric,modes_experiment/fresh_analysis/derived/a03_collocation_summary.csv,accepted,"Pressure-only + physics; 32 taps; wake-biased random collocation. 7.9x the uniform arm's L-BFGS effort (43,676 evals); effort not controlled."
A03,wake_biased_random_collocation,collocation_strategy,v1_mode.v.corr,near-cylinder,0.9353006490752723,dimensionless,ideal 1,raw_metric,modes_experiment/fresh_analysis/derived/a03_collocation_summary.csv,accepted,"Pressure-only + physics; 32 taps; wake-biased random collocation. 7.9x the uniform arm's L-BFGS effort (43,676 evals); effort not controlled."
A03,wake_biased_random_collocation,collocation_strategy,v1_mode.v.phase_deg,near-cylinder,19.750295796591907,degrees,ideal phase 0 deg,raw_metric,modes_experiment/fresh_analysis/derived/a03_collocation_summary.csv,accepted,"Pressure-only + physics; 32 taps; wake-biased random collocation. 7.9x the uniform arm's L-BFGS effort (43,676 evals); effort not controlled."
A03,wake_biased_random_collocation,collocation_strategy,v1_mode.v.n,near-wake,15248,count,region node count,raw_metric,modes_experiment/fresh_analysis/derived/a03_collocation_summary.csv,accepted,"Pressure-only + physics; 32 taps; wake-biased random collocation. 7.9x the uniform arm's L-BFGS effort (43,676 evals); effort not controlled."
A03,wake_biased_random_collocation,collocation_strategy,v1_mode.v.rel_L2,near-wake,1.155914744321766,dimensionless,CFD,raw_metric,modes_experiment/fresh_analysis/derived/a03_collocation_summary.csv,accepted,"Pressure-only + physics; 32 taps; wake-biased random collocation. 7.9x the uniform arm's L-BFGS effort (43,676 evals); effort not controlled."
A03,wake_biased_random_collocation,collocation_strategy,v1_mode.v.amp_ratio,near-wake,0.3548117854800211,dimensionless,ideal 1,raw_metric,modes_experiment/fresh_analysis/derived/a03_collocation_summary.csv,accepted,"Pressure-only + physics; 32 taps; wake-biased random collocation. 7.9x the uniform arm's L-BFGS effort (43,676 evals); effort not controlled."
A03,wake_biased_random_collocation,collocation_strategy,v1_mode.v.corr,near-wake,0.3809066036053888,dimensionless,ideal 1,raw_metric,modes_experiment/fresh_analysis/derived/a03_collocation_summary.csv,accepted,"Pressure-only + physics; 32 taps; wake-biased random collocation. 7.9x the uniform arm's L-BFGS effort (43,676 evals); effort not controlled."
A03,wake_biased_random_collocation,collocation_strategy,v1_mode.v.phase_deg,near-wake,141.0622544277719,degrees,ideal phase 0 deg,raw_metric,modes_experiment/fresh_analysis/derived/a03_collocation_summary.csv,accepted,"Pressure-only + physics; 32 taps; wake-biased random collocation. 7.9x the uniform arm's L-BFGS effort (43,676 evals); effort not controlled."
A03,wake_biased_random_collocation,collocation_strategy,v1_mode.v.n,far-wake,16393,count,region node count,raw_metric,modes_experiment/fresh_analysis/derived/a03_collocation_summary.csv,accepted,"Pressure-only + physics; 32 taps; wake-biased random collocation. 7.9x the uniform arm's L-BFGS effort (43,676 evals); effort not controlled."
A03,wake_biased_random_collocation,collocation_strategy,v1_mode.v.rel_L2,far-wake,1.0312184396025617,dimensionless,CFD,raw_metric,modes_experiment/fresh_analysis/derived/a03_collocation_summary.csv,accepted,"Pressure-only + physics; 32 taps; wake-biased random collocation. 7.9x the uniform arm's L-BFGS effort (43,676 evals); effort not controlled."
A03,wake_biased_random_collocation,collocation_strategy,v1_mode.v.amp_ratio,far-wake,0.3416872175712518,dimensionless,ideal 1,raw_metric,modes_experiment/fresh_analysis/derived/a03_collocation_summary.csv,accepted,"Pressure-only + physics; 32 taps; wake-biased random collocation. 7.9x the uniform arm's L-BFGS effort (43,676 evals); effort not controlled."
A03,wake_biased_random_collocation,collocation_strategy,v1_mode.v.corr,far-wake,0.07985304680434638,dimensionless,ideal 1,raw_metric,modes_experiment/fresh_analysis/derived/a03_collocation_summary.csv,accepted,"Pressure-only + physics; 32 taps; wake-biased random collocation. 7.9x the uniform arm's L-BFGS effort (43,676 evals); effort not controlled."
A03,wake_biased_random_collocation,collocation_strategy,v1_mode.v.phase_deg,far-wake,12.19225784884321,degrees,ideal phase 0 deg,raw_metric,modes_experiment/fresh_analysis/derived/a03_collocation_summary.csv,accepted,"Pressure-only + physics; 32 taps; wake-biased random collocation. 7.9x the uniform arm's L-BFGS effort (43,676 evals); effort not controlled."
A03,wake_biased_random_collocation,collocation_strategy,v1_mode.v.n,far-core,12460,count,region node count,raw_metric,modes_experiment/fresh_analysis/derived/a03_collocation_summary.csv,accepted,"Pressure-only + physics; 32 taps; wake-biased random collocation. 7.9x the uniform arm's L-BFGS effort (43,676 evals); effort not controlled."
A03,wake_biased_random_collocation,collocation_strategy,v1_mode.v.rel_L2,far-core,1.0155582520125346,dimensionless,CFD,raw_metric,modes_experiment/fresh_analysis/derived/a03_collocation_summary.csv,accepted,"Pressure-only + physics; 32 taps; wake-biased random collocation. 7.9x the uniform arm's L-BFGS effort (43,676 evals); effort not controlled."
A03,wake_biased_random_collocation,collocation_strategy,v1_mode.v.amp_ratio,far-core,0.297519185619696,dimensionless,ideal 1,raw_metric,modes_experiment/fresh_analysis/derived/a03_collocation_summary.csv,accepted,"Pressure-only + physics; 32 taps; wake-biased random collocation. 7.9x the uniform arm's L-BFGS effort (43,676 evals); effort not controlled."
A03,wake_biased_random_collocation,collocation_strategy,v1_mode.v.corr,far-core,0.09632718719776649,dimensionless,ideal 1,raw_metric,modes_experiment/fresh_analysis/derived/a03_collocation_summary.csv,accepted,"Pressure-only + physics; 32 taps; wake-biased random collocation. 7.9x the uniform arm's L-BFGS effort (43,676 evals); effort not controlled."
A03,wake_biased_random_collocation,collocation_strategy,v1_mode.v.phase_deg,far-core,4.27226618338036,degrees,ideal phase 0 deg,raw_metric,modes_experiment/fresh_analysis/derived/a03_collocation_summary.csv,accepted,"Pressure-only + physics; 32 taps; wake-biased random collocation. 7.9x the uniform arm's L-BFGS effort (43,676 evals); effort not controlled."
A03,wake_biased_random_collocation,collocation_strategy,v1_mode.v.n,other,6298,count,region node count,raw_metric,modes_experiment/fresh_analysis/derived/a03_collocation_summary.csv,accepted,"Pressure-only + physics; 32 taps; wake-biased random collocation. 7.9x the uniform arm's L-BFGS effort (43,676 evals); effort not controlled."
A03,wake_biased_random_collocation,collocation_strategy,v1_mode.v.rel_L2,other,7.954673291655135,dimensionless,CFD,raw_metric,modes_experiment/fresh_analysis/derived/a03_collocation_summary.csv,accepted,"Pressure-only + physics; 32 taps; wake-biased random collocation. 7.9x the uniform arm's L-BFGS effort (43,676 evals); effort not controlled."
A03,wake_biased_random_collocation,collocation_strategy,v1_mode.v.amp_ratio,other,8.007982411261445,dimensionless,ideal 1,raw_metric,modes_experiment/fresh_analysis/derived/a03_collocation_summary.csv,accepted,"Pressure-only + physics; 32 taps; wake-biased random collocation. 7.9x the uniform arm's L-BFGS effort (43,676 evals); effort not controlled."
A03,wake_biased_random_collocation,collocation_strategy,v1_mode.v.corr,other,0.3270271006936872,dimensionless,ideal 1,raw_metric,modes_experiment/fresh_analysis/derived/a03_collocation_summary.csv,accepted,"Pressure-only + physics; 32 taps; wake-biased random collocation. 7.9x the uniform arm's L-BFGS effort (43,676 evals); effort not controlled."
A03,wake_biased_random_collocation,collocation_strategy,v1_mode.v.phase_deg,other,-69.30495821258312,degrees,ideal phase 0 deg,raw_metric,modes_experiment/fresh_analysis/derived/a03_collocation_summary.csv,accepted,"Pressure-only + physics; 32 taps; wake-biased random collocation. 7.9x the uniform arm's L-BFGS effort (43,676 evals); effort not controlled."
A03,wake_biased_random_collocation,collocation_strategy,v1_mode.v.n,whole-domain,51654,count,region node count,raw_metric,modes_experiment/fresh_analysis/derived/a03_collocation_summary.csv,accepted,"Pressure-only + physics; 32 taps; wake-biased random collocation. 7.9x the uniform arm's L-BFGS effort (43,676 evals); effort not controlled."
A03,wake_biased_random_collocation,collocation_strategy,v1_mode.v.rel_L2,whole-domain,1.0748573783250188,dimensionless,CFD,raw_metric,modes_experiment/fresh_analysis/derived/a03_collocation_summary.csv,accepted,"Pressure-only + physics; 32 taps; wake-biased random collocation. 7.9x the uniform arm's L-BFGS effort (43,676 evals); effort not controlled."
A03,wake_biased_random_collocation,collocation_strategy,v1_mode.v.amp_ratio,whole-domain,0.3742567313856842,dimensionless,ideal 1,raw_metric,modes_experiment/fresh_analysis/derived/a03_collocation_summary.csv,accepted,"Pressure-only + physics; 32 taps; wake-biased random collocation. 7.9x the uniform arm's L-BFGS effort (43,676 evals); effort not controlled."
A03,wake_biased_random_collocation,collocation_strategy,v1_mode.v.corr,whole-domain,0.08939380398089558,dimensionless,ideal 1,raw_metric,modes_experiment/fresh_analysis/derived/a03_collocation_summary.csv,accepted,"Pressure-only + physics; 32 taps; wake-biased random collocation. 7.9x the uniform arm's L-BFGS effort (43,676 evals); effort not controlled."
A03,wake_biased_random_collocation,collocation_strategy,v1_mode.v.phase_deg,whole-domain,103.17428687784302,degrees,ideal phase 0 deg,raw_metric,modes_experiment/fresh_analysis/derived/a03_collocation_summary.csv,accepted,"Pressure-only + physics; 32 taps; wake-biased random collocation. 7.9x the uniform arm's L-BFGS effort (43,676 evals); effort not controlled."
A03,wake_biased_grid_collocation,collocation_strategy,field.u.rel_L2,near-cylinder,0.040269918739795685,dimensionless,CFD,raw_metric,modes_experiment/fresh_analysis/derived/a03_collocation_summary.csv,accepted,"Pressure-only + physics; 32 taps; wake-biased grid collocation. 6.9x the uniform arm's L-BFGS effort (37,713 evals); effort not controlled."
A03,wake_biased_grid_collocation,collocation_strategy,field.v.rel_L2,near-cylinder,0.06681849807500839,dimensionless,CFD,raw_metric,modes_experiment/fresh_analysis/derived/a03_collocation_summary.csv,accepted,"Pressure-only + physics; 32 taps; wake-biased grid collocation. 6.9x the uniform arm's L-BFGS effort (37,713 evals); effort not controlled."
A03,wake_biased_grid_collocation,collocation_strategy,field.p.rel_L2,near-cylinder,0.013863309286534786,dimensionless,CFD,raw_metric,modes_experiment/fresh_analysis/derived/a03_collocation_summary.csv,accepted,"Pressure-only + physics; 32 taps; wake-biased grid collocation. 6.9x the uniform arm's L-BFGS effort (37,713 evals); effort not controlled."
A03,wake_biased_grid_collocation,collocation_strategy,field.u.rel_L2,near-wake,0.2698085904121399,dimensionless,CFD,raw_metric,modes_experiment/fresh_analysis/derived/a03_collocation_summary.csv,accepted,"Pressure-only + physics; 32 taps; wake-biased grid collocation. 6.9x the uniform arm's L-BFGS effort (37,713 evals); effort not controlled."
A03,wake_biased_grid_collocation,collocation_strategy,field.v.rel_L2,near-wake,1.0854411125183105,dimensionless,CFD,raw_metric,modes_experiment/fresh_analysis/derived/a03_collocation_summary.csv,accepted,"Pressure-only + physics; 32 taps; wake-biased grid collocation. 6.9x the uniform arm's L-BFGS effort (37,713 evals); effort not controlled."
A03,wake_biased_grid_collocation,collocation_strategy,field.p.rel_L2,near-wake,0.6471562385559082,dimensionless,CFD,raw_metric,modes_experiment/fresh_analysis/derived/a03_collocation_summary.csv,accepted,"Pressure-only + physics; 32 taps; wake-biased grid collocation. 6.9x the uniform arm's L-BFGS effort (37,713 evals); effort not controlled."
A03,wake_biased_grid_collocation,collocation_strategy,field.u.rel_L2,far-wake,0.41121721267700195,dimensionless,CFD,raw_metric,modes_experiment/fresh_analysis/derived/a03_collocation_summary.csv,accepted,"Pressure-only + physics; 32 taps; wake-biased grid collocation. 6.9x the uniform arm's L-BFGS effort (37,713 evals); effort not controlled."
A03,wake_biased_grid_collocation,collocation_strategy,field.v.rel_L2,far-wake,1.01149582862854,dimensionless,CFD,raw_metric,modes_experiment/fresh_analysis/derived/a03_collocation_summary.csv,accepted,"Pressure-only + physics; 32 taps; wake-biased grid collocation. 6.9x the uniform arm's L-BFGS effort (37,713 evals); effort not controlled."
A03,wake_biased_grid_collocation,collocation_strategy,field.p.rel_L2,far-wake,2.26597261428833,dimensionless,CFD,raw_metric,modes_experiment/fresh_analysis/derived/a03_collocation_summary.csv,accepted,"Pressure-only + physics; 32 taps; wake-biased grid collocation. 6.9x the uniform arm's L-BFGS effort (37,713 evals); effort not controlled."
A03,wake_biased_grid_collocation,collocation_strategy,field.u.rel_L2,far-core,0.47896260023117065,dimensionless,CFD,raw_metric,modes_experiment/fresh_analysis/derived/a03_collocation_summary.csv,accepted,"Pressure-only + physics; 32 taps; wake-biased grid collocation. 6.9x the uniform arm's L-BFGS effort (37,713 evals); effort not controlled."
A03,wake_biased_grid_collocation,collocation_strategy,field.v.rel_L2,far-core,1.0016849040985107,dimensionless,CFD,raw_metric,modes_experiment/fresh_analysis/derived/a03_collocation_summary.csv,accepted,"Pressure-only + physics; 32 taps; wake-biased grid collocation. 6.9x the uniform arm's L-BFGS effort (37,713 evals); effort not controlled."
A03,wake_biased_grid_collocation,collocation_strategy,field.p.rel_L2,far-core,1.690771460533142,dimensionless,CFD,raw_metric,modes_experiment/fresh_analysis/derived/a03_collocation_summary.csv,accepted,"Pressure-only + physics; 32 taps; wake-biased grid collocation. 6.9x the uniform arm's L-BFGS effort (37,713 evals); effort not controlled."
A03,wake_biased_grid_collocation,collocation_strategy,field.u.rel_L2,other,0.06791877746582031,dimensionless,CFD,raw_metric,modes_experiment/fresh_analysis/derived/a03_collocation_summary.csv,accepted,"Pressure-only + physics; 32 taps; wake-biased grid collocation. 6.9x the uniform arm's L-BFGS effort (37,713 evals); effort not controlled."
A03,wake_biased_grid_collocation,collocation_strategy,field.v.rel_L2,other,0.320595383644104,dimensionless,CFD,raw_metric,modes_experiment/fresh_analysis/derived/a03_collocation_summary.csv,accepted,"Pressure-only + physics; 32 taps; wake-biased grid collocation. 6.9x the uniform arm's L-BFGS effort (37,713 evals); effort not controlled."
A03,wake_biased_grid_collocation,collocation_strategy,field.p.rel_L2,other,0.4341524541378021,dimensionless,CFD,raw_metric,modes_experiment/fresh_analysis/derived/a03_collocation_summary.csv,accepted,"Pressure-only + physics; 32 taps; wake-biased grid collocation. 6.9x the uniform arm's L-BFGS effort (37,713 evals); effort not controlled."
A03,wake_biased_grid_collocation,collocation_strategy,field.u.rel_L2,whole-domain,0.3043895959854126,dimensionless,CFD,raw_metric,modes_experiment/fresh_analysis/derived/a03_collocation_summary.csv,accepted,"Pressure-only + physics; 32 taps; wake-biased grid collocation. 6.9x the uniform arm's L-BFGS effort (37,713 evals); effort not controlled."
A03,wake_biased_grid_collocation,collocation_strategy,field.v.rel_L2,whole-domain,0.818276584148407,dimensionless,CFD,raw_metric,modes_experiment/fresh_analysis/derived/a03_collocation_summary.csv,accepted,"Pressure-only + physics; 32 taps; wake-biased grid collocation. 6.9x the uniform arm's L-BFGS effort (37,713 evals); effort not controlled."
A03,wake_biased_grid_collocation,collocation_strategy,field.p.rel_L2,whole-domain,0.567595362663269,dimensionless,CFD,raw_metric,modes_experiment/fresh_analysis/derived/a03_collocation_summary.csv,accepted,"Pressure-only + physics; 32 taps; wake-biased grid collocation. 6.9x the uniform arm's L-BFGS effort (37,713 evals); effort not controlled."
A03,wake_biased_grid_collocation,collocation_strategy,v1_mode.v.n,near-cylinder,13715,count,region node count,raw_metric,modes_experiment/fresh_analysis/derived/a03_collocation_summary.csv,accepted,"Pressure-only + physics; 32 taps; wake-biased grid collocation. 6.9x the uniform arm's L-BFGS effort (37,713 evals); effort not controlled."
A03,wake_biased_grid_collocation,collocation_strategy,v1_mode.v.rel_L2,near-cylinder,0.5063656730715622,dimensionless,CFD,raw_metric,modes_experiment/fresh_analysis/derived/a03_collocation_summary.csv,accepted,"Pressure-only + physics; 32 taps; wake-biased grid collocation. 6.9x the uniform arm's L-BFGS effort (37,713 evals); effort not controlled."
A03,wake_biased_grid_collocation,collocation_strategy,v1_mode.v.amp_ratio,near-cylinder,0.6950252000687046,dimensionless,ideal 1,raw_metric,modes_experiment/fresh_analysis/derived/a03_collocation_summary.csv,accepted,"Pressure-only + physics; 32 taps; wake-biased grid collocation. 6.9x the uniform arm's L-BFGS effort (37,713 evals); effort not controlled."
A03,wake_biased_grid_collocation,collocation_strategy,v1_mode.v.corr,near-cylinder,0.9379387042510122,dimensionless,ideal 1,raw_metric,modes_experiment/fresh_analysis/derived/a03_collocation_summary.csv,accepted,"Pressure-only + physics; 32 taps; wake-biased grid collocation. 6.9x the uniform arm's L-BFGS effort (37,713 evals); effort not controlled."
A03,wake_biased_grid_collocation,collocation_strategy,v1_mode.v.phase_deg,near-cylinder,19.80643948180544,degrees,ideal phase 0 deg,raw_metric,modes_experiment/fresh_analysis/derived/a03_collocation_summary.csv,accepted,"Pressure-only + physics; 32 taps; wake-biased grid collocation. 6.9x the uniform arm's L-BFGS effort (37,713 evals); effort not controlled."
A03,wake_biased_grid_collocation,collocation_strategy,v1_mode.v.n,near-wake,15248,count,region node count,raw_metric,modes_experiment/fresh_analysis/derived/a03_collocation_summary.csv,accepted,"Pressure-only + physics; 32 taps; wake-biased grid collocation. 6.9x the uniform arm's L-BFGS effort (37,713 evals); effort not controlled."
A03,wake_biased_grid_collocation,collocation_strategy,v1_mode.v.rel_L2,near-wake,1.1325452694976128,dimensionless,CFD,raw_metric,modes_experiment/fresh_analysis/derived/a03_collocation_summary.csv,accepted,"Pressure-only + physics; 32 taps; wake-biased grid collocation. 6.9x the uniform arm's L-BFGS effort (37,713 evals); effort not controlled."
A03,wake_biased_grid_collocation,collocation_strategy,v1_mode.v.amp_ratio,near-wake,0.32200405155592055,dimensionless,ideal 1,raw_metric,modes_experiment/fresh_analysis/derived/a03_collocation_summary.csv,accepted,"Pressure-only + physics; 32 taps; wake-biased grid collocation. 6.9x the uniform arm's L-BFGS effort (37,713 evals); effort not controlled."
A03,wake_biased_grid_collocation,collocation_strategy,v1_mode.v.corr,near-wake,0.38508861017471396,dimensionless,ideal 1,raw_metric,modes_experiment/fresh_analysis/derived/a03_collocation_summary.csv,accepted,"Pressure-only + physics; 32 taps; wake-biased grid collocation. 6.9x the uniform arm's L-BFGS effort (37,713 evals); effort not controlled."
A03,wake_biased_grid_collocation,collocation_strategy,v1_mode.v.phase_deg,near-wake,136.19182535862126,degrees,ideal phase 0 deg,raw_metric,modes_experiment/fresh_analysis/derived/a03_collocation_summary.csv,accepted,"Pressure-only + physics; 32 taps; wake-biased grid collocation. 6.9x the uniform arm's L-BFGS effort (37,713 evals); effort not controlled."
A03,wake_biased_grid_collocation,collocation_strategy,v1_mode.v.n,far-wake,16393,count,region node count,raw_metric,modes_experiment/fresh_analysis/derived/a03_collocation_summary.csv,accepted,"Pressure-only + physics; 32 taps; wake-biased grid collocation. 6.9x the uniform arm's L-BFGS effort (37,713 evals); effort not controlled."
A03,wake_biased_grid_collocation,collocation_strategy,v1_mode.v.rel_L2,far-wake,1.017530787752042,dimensionless,CFD,raw_metric,modes_experiment/fresh_analysis/derived/a03_collocation_summary.csv,accepted,"Pressure-only + physics; 32 taps; wake-biased grid collocation. 6.9x the uniform arm's L-BFGS effort (37,713 evals); effort not controlled."
A03,wake_biased_grid_collocation,collocation_strategy,v1_mode.v.amp_ratio,far-wake,0.2914891063782595,dimensionless,ideal 1,raw_metric,modes_experiment/fresh_analysis/derived/a03_collocation_summary.csv,accepted,"Pressure-only + physics; 32 taps; wake-biased grid collocation. 6.9x the uniform arm's L-BFGS effort (37,713 evals); effort not controlled."
A03,wake_biased_grid_collocation,collocation_strategy,v1_mode.v.corr,far-wake,0.08550897206953298,dimensionless,ideal 1,raw_metric,modes_experiment/fresh_analysis/derived/a03_collocation_summary.csv,accepted,"Pressure-only + physics; 32 taps; wake-biased grid collocation. 6.9x the uniform arm's L-BFGS effort (37,713 evals); effort not controlled."
A03,wake_biased_grid_collocation,collocation_strategy,v1_mode.v.phase_deg,far-wake,5.773514591967641,degrees,ideal phase 0 deg,raw_metric,modes_experiment/fresh_analysis/derived/a03_collocation_summary.csv,accepted,"Pressure-only + physics; 32 taps; wake-biased grid collocation. 6.9x the uniform arm's L-BFGS effort (37,713 evals); effort not controlled."
A03,wake_biased_grid_collocation,collocation_strategy,v1_mode.v.n,far-core,12460,count,region node count,raw_metric,modes_experiment/fresh_analysis/derived/a03_collocation_summary.csv,accepted,"Pressure-only + physics; 32 taps; wake-biased grid collocation. 6.9x the uniform arm's L-BFGS effort (37,713 evals); effort not controlled."
A03,wake_biased_grid_collocation,collocation_strategy,v1_mode.v.rel_L2,far-core,1.0062138013440256,dimensionless,CFD,raw_metric,modes_experiment/fresh_analysis/derived/a03_collocation_summary.csv,accepted,"Pressure-only + physics; 32 taps; wake-biased grid collocation. 6.9x the uniform arm's L-BFGS effort (37,713 evals); effort not controlled."
A03,wake_biased_grid_collocation,collocation_strategy,v1_mode.v.amp_ratio,far-core,0.2540404938001508,dimensionless,ideal 1,raw_metric,modes_experiment/fresh_analysis/derived/a03_collocation_summary.csv,accepted,"Pressure-only + physics; 32 taps; wake-biased grid collocation. 6.9x the uniform arm's L-BFGS effort (37,713 evals); effort not controlled."
A03,wake_biased_grid_collocation,collocation_strategy,v1_mode.v.corr,far-core,0.1025551669493125,dimensionless,ideal 1,raw_metric,modes_experiment/fresh_analysis/derived/a03_collocation_summary.csv,accepted,"Pressure-only + physics; 32 taps; wake-biased grid collocation. 6.9x the uniform arm's L-BFGS effort (37,713 evals); effort not controlled."
A03,wake_biased_grid_collocation,collocation_strategy,v1_mode.v.phase_deg,far-core,-2.129118626939099,degrees,ideal phase 0 deg,raw_metric,modes_experiment/fresh_analysis/derived/a03_collocation_summary.csv,accepted,"Pressure-only + physics; 32 taps; wake-biased grid collocation. 6.9x the uniform arm's L-BFGS effort (37,713 evals); effort not controlled."
A03,wake_biased_grid_collocation,collocation_strategy,v1_mode.v.n,other,6298,count,region node count,raw_metric,modes_experiment/fresh_analysis/derived/a03_collocation_summary.csv,accepted,"Pressure-only + physics; 32 taps; wake-biased grid collocation. 6.9x the uniform arm's L-BFGS effort (37,713 evals); effort not controlled."
A03,wake_biased_grid_collocation,collocation_strategy,v1_mode.v.rel_L2,other,7.963548166781833,dimensionless,CFD,raw_metric,modes_experiment/fresh_analysis/derived/a03_collocation_summary.csv,accepted,"Pressure-only + physics; 32 taps; wake-biased grid collocation. 6.9x the uniform arm's L-BFGS effort (37,713 evals); effort not controlled."
A03,wake_biased_grid_collocation,collocation_strategy,v1_mode.v.amp_ratio,other,8.0041741630979,dimensionless,ideal 1,raw_metric,modes_experiment/fresh_analysis/derived/a03_collocation_summary.csv,accepted,"Pressure-only + physics; 32 taps; wake-biased grid collocation. 6.9x the uniform arm's L-BFGS effort (37,713 evals); effort not controlled."
A03,wake_biased_grid_collocation,collocation_strategy,v1_mode.v.corr,other,0.32042288726715434,dimensionless,ideal 1,raw_metric,modes_experiment/fresh_analysis/derived/a03_collocation_summary.csv,accepted,"Pressure-only + physics; 32 taps; wake-biased grid collocation. 6.9x the uniform arm's L-BFGS effort (37,713 evals); effort not controlled."
A03,wake_biased_grid_collocation,collocation_strategy,v1_mode.v.phase_deg,other,-71.25118201616304,degrees,ideal phase 0 deg,raw_metric,modes_experiment/fresh_analysis/derived/a03_collocation_summary.csv,accepted,"Pressure-only + physics; 32 taps; wake-biased grid collocation. 6.9x the uniform arm's L-BFGS effort (37,713 evals); effort not controlled."
A03,wake_biased_grid_collocation,collocation_strategy,v1_mode.v.n,whole-domain,51654,count,region node count,raw_metric,modes_experiment/fresh_analysis/derived/a03_collocation_summary.csv,accepted,"Pressure-only + physics; 32 taps; wake-biased grid collocation. 6.9x the uniform arm's L-BFGS effort (37,713 evals); effort not controlled."
A03,wake_biased_grid_collocation,collocation_strategy,v1_mode.v.rel_L2,whole-domain,1.0581457544918909,dimensionless,CFD,raw_metric,modes_experiment/fresh_analysis/derived/a03_collocation_summary.csv,accepted,"Pressure-only + physics; 32 taps; wake-biased grid collocation. 6.9x the uniform arm's L-BFGS effort (37,713 evals); effort not controlled."
A03,wake_biased_grid_collocation,collocation_strategy,v1_mode.v.amp_ratio,whole-domain,0.33377241267689844,dimensionless,ideal 1,raw_metric,modes_experiment/fresh_analysis/derived/a03_collocation_summary.csv,accepted,"Pressure-only + physics; 32 taps; wake-biased grid collocation. 6.9x the uniform arm's L-BFGS effort (37,713 evals); effort not controlled."
A03,wake_biased_grid_collocation,collocation_strategy,v1_mode.v.corr,whole-domain,0.09259638018562028,dimensionless,ideal 1,raw_metric,modes_experiment/fresh_analysis/derived/a03_collocation_summary.csv,accepted,"Pressure-only + physics; 32 taps; wake-biased grid collocation. 6.9x the uniform arm's L-BFGS effort (37,713 evals); effort not controlled."
A03,wake_biased_grid_collocation,collocation_strategy,v1_mode.v.phase_deg,whole-domain,97.6873061232786,degrees,ideal phase 0 deg,raw_metric,modes_experiment/fresh_analysis/derived/a03_collocation_summary.csv,accepted,"Pressure-only + physics; 32 taps; wake-biased grid collocation. 6.9x the uniform arm's L-BFGS effort (37,713 evals); effort not controlled."
A03,uniform_collocation,collocation_strategy,training_effort.lbfgs_evals,n/a,5503,count,uniform_collocation = 5503,confound_audit,modes_experiment/fresh_analysis/derived/a03_input_manifest.json,accepted,"Effort is not controlled across A03 arms; the gap favours the wake-biased arms, so their worse results are conservative and their better results are unattributable."
A03,wake_biased_random_collocation,collocation_strategy,training_effort.lbfgs_evals,n/a,43676,count,uniform_collocation = 5503,confound_audit,modes_experiment/fresh_analysis/derived/a03_input_manifest.json,accepted,"Effort is not controlled across A03 arms; the gap favours the wake-biased arms, so their worse results are conservative and their better results are unattributable."
A03,wake_biased_grid_collocation,collocation_strategy,training_effort.lbfgs_evals,n/a,37713,count,uniform_collocation = 5503,confound_audit,modes_experiment/fresh_analysis/derived/a03_input_manifest.json,accepted,"Effort is not controlled across A03 arms; the gap favours the wake-biased arms, so their worse results are conservative and their better results are unattributable."
